istart,istop,cstart,cstop,tstart,tstop,ed_rec,ed_rec_err,ampl_rec,dur,total_n_valid_data_points,theta,a_input,inlc
,,,,,,,,,,3200.0,0.1,0.5,10.0
,,,,,,,,,,3200.0,5.1,0.5,10.0
,,,,,,,,,,3200.0,10.1,0.5,10.0
,,,,,,,,,,3200.0,15.1,0.5,10.0
,,,,,,,,,,3200.0,20.1,0.5,10.0
,,,,,,,,,,3200.0,25.1,0.5,10.0
733,737,,,10.62363238512035,10.676148796498905,960.0098888750365,137.1240106384086,0.24662691424980898,0.052516411378555006,3200.0,30.1,0.5,10.0
732,737,,,10.61050328227571,10.676148796498905,1303.2460862635844,155.27104947025097,0.28373269360247044,0.06564551422319553,3200.0,35.1,0.5,10.0
732,739,,,10.61050328227571,10.702407002188183,1862.6184082228185,184.03916340065336,0.3117588244908265,0.09190371991247304,3200.0,40.1,0.5,10.0
732,739,,,10.61050328227571,10.702407002188183,2068.6308319053555,188.21104999636913,0.34412434774234857,0.09190371991247304,3200.0,45.1,0.5,10.0
732,739,,,10.61050328227571,10.702407002188183,2261.135479443394,191.96747405796228,0.37999851084696656,0.09190371991247304,3200.0,50.1,0.5,10.0
731,740,,,10.597374179431071,10.715536105032822,2834.5957068263074,215.87613812482866,0.3882271715327368,0.11816192560175054,3200.0,55.1,0.5,10.0
731,741,,,10.597374179431071,10.72866520787746,3233.4141806907637,228.59247747646748,0.42744904709772746,0.1312910284463893,3200.0,60.1,0.5,10.0
731,741,,,10.597374179431071,10.72866520787746,3318.4461416830277,229.86922674168858,0.44336890834864273,0.1312910284463893,3200.0,65.1,0.5,10.0
731,742,,,10.597374179431071,10.741794310722101,3688.1675561872826,241.7049668071157,0.4366153380891238,0.14442013129102982,3200.0,70.1,0.5,10.0
731,742,,,10.597374179431071,10.741794310722101,3796.6385897903647,243.5273423078451,0.44758528006293696,0.14442013129102982,3200.0,75.1,0.5,10.0
731,743,,,10.597374179431071,10.75492341356674,4032.783463203795,252.31354328316272,0.4695295843679259,0.15754923413566857,3200.0,80.1,0.5,10.0
731,744,,,10.597374179431071,10.768052516411379,4298.800869501349,261.58038073021413,0.464489222292942,0.17067833698030732,3200.0,85.1,0.5,10.0
,,,,,,,,,,3200.0,0.1,1.0,10.0
,,,,,,,,,,3200.0,5.1,1.0,10.0
733,736,,,10.62363238512035,10.663019693654267,730.207864327946,119.0100947507807,0.24952990789966245,0.039387308533916254,3200.0,10.1,1.0,10.0
732,737,,,10.61050328227571,10.676148796498905,1308.3850618822623,155.4811579800708,0.2845858418084424,0.06564551422319553,3200.0,15.1,1.0,10.0
731,738,,,10.597374179431071,10.689277899343544,2078.4052720786563,188.12988873841368,0.3565083286590982,0.09190371991247304,3200.0,20.1,1.0,10.0
731,739,,,10.597374179431071,10.702407002188183,2695.0794996266673,206.61576367397018,0.41887683998620573,0.10503282275711179,3200.0,25.1,1.0,10.0
730,741,,,10.584245076586432,10.72866520787746,3753.3666072310675,242.0573865528747,0.46932853389362905,0.14442013129102804,3200.0,30.1,1.0,10.0
730,741,,,10.584245076586432,10.72866520787746,4215.124691406992,249.25206805135093,0.5546951066867258,0.14442013129102804,3200.0,35.1,1.0,10.0
730,744,,,10.584245076586432,10.768052516411379,5380.445063018881,280.97652651541534,0.5932347582083375,0.18380743982494607,3200.0,40.1,1.0,10.0
730,746,,,10.584245076586432,10.794310722100656,6368.96693566386,303.07808442189287,0.6443894744930863,0.21006564551422358,3200.0,45.1,1.0,10.0
730,748,,,10.584245076586432,10.820568927789934,7370.43577631498,323.6952786059609,0.6937999696317192,0.23632385120350108,3200.0,50.1,1.0,10.0
730,751,,,10.584245076586432,10.859956236323852,8525.716877493758,348.15270980678,0.7613313858888058,0.2757111597374191,3200.0,55.1,1.0,10.0
730,750,,,10.584245076586432,10.846827133479211,8889.283292471786,349.8149715656561,0.7876286427358794,0.2625820568927786,3200.0,60.1,1.0,10.0
730,752,,,10.584245076586432,10.87308533916849,9818.734957236431,367.4501324933697,0.8292566036299693,0.28884026258205786,3200.0,65.1,1.0,10.0
730,752,,,10.584245076586432,10.87308533916849,10130.757121473931,371.141339001734,0.8383897808798311,0.28884026258205786,3200.0,70.1,1.0,10.0
730,754,,,10.584245076586432,10.899343544857768,10955.8475538389,386.5320386608462,0.8728894546541945,0.31509846827133536,3200.0,75.1,1.0,10.0
730,756,,,10.584245076586432,10.925601750547045,11563.784812812519,398.45455918938654,0.8661658650100197,0.34135667396061287,3200.0,80.1,1.0,10.0
730,754,,,10.584245076586432,10.899343544857768,11304.596503970704,390.38505040847116,0.8753440757329702,0.31509846827133536,3200.0,85.1,1.0,10.0
732,736,,,10.61050328227571,10.663019693654267,981.8622027963926,137.66177870278125,0.25338750707505175,0.05251641137855678,3200.0,0.1,1.5,10.0
732,737,,,10.61050328227571,10.676148796498905,1476.8861397851597,159.32326876173113,0.3208211533920742,0.06564551422319553,3200.0,5.1,1.5,10.0
731,738,,,10.597374179431071,10.689277899343544,2267.396794745442,191.72138095432354,0.39552368655338355,0.09190371991247304,3200.0,10.1,1.5,10.0
731,740,,,10.597374179431071,10.715536105032822,3082.14069605665,219.5772372110642,0.443818550034883,0.11816192560175054,3200.0,15.1,1.5,10.0
730,741,,,10.584245076586432,10.72866520787746,4089.6733826715986,247.34971757271396,0.5219741087016365,0.14442013129102804,3200.0,20.1,1.5,10.0
730,743,,,10.584245076586432,10.75492341356674,5127.385249199079,272.43455290126474,0.6157941334113288,0.17067833698030732,3200.0,25.1,1.5,10.0
730,744,,,10.584245076586432,10.768052516411379,6076.843442308073,290.7859287872381,0.6868571843393385,0.18380743982494607,3200.0,30.1,1.5,10.0
730,748,,,10.584245076586432,10.820568927789934,7801.820636473662,329.04261888104253,0.7536413193084734,0.23632385120350108,3200.0,35.1,1.5,10.0
729,754,,,10.571115973741794,10.899343544857768,10170.646323999801,379.53179963134505,0.8404857927904938,0.3282275711159741,3200.0,40.1,1.5,10.0
729,757,,,10.571115973741794,10.938730853391684,11910.425648016697,407.8160218918761,0.934377824041754,0.36761487964989037,3200.0,45.1,1.5,10.0
729,758,,,10.571115973741794,10.951859956236323,13071.211946083049,423.1612560506653,0.9897812528171703,0.3807439824945291,3200.0,50.1,1.5,10.0
729,760,,,10.571115973741794,10.978118161925602,14444.108805782866,442.7260818653055,1.0815381323923559,0.4070021881838084,3200.0,55.1,1.5,10.0
729,761,,,10.571115973741794,10.99124726477024,15689.612731457077,457.94679477254505,1.1314754369924365,0.42013129102844715,3200.0,60.1,1.5,10.0
729,761,,,10.571115973741794,10.99124726477024,16270.437784684891,463.8449556838758,1.1453472489343186,0.42013129102844715,3200.0,65.1,1.5,10.0
729,761,,,10.571115973741794,10.99124726477024,16988.156966221086,471.40476984272703,1.1840567316537602,0.42013129102844715,3200.0,70.1,1.5,10.0
729,763,,,10.571115973741794,11.017505470459518,17873.436682724532,484.04300766454315,1.2423801374767844,0.44638949671772465,3200.0,75.1,1.5,10.0
729,763,,,10.571115973741794,11.017505470459518,18173.960722584452,487.0753002852063,1.2332596556418616,0.44638949671772465,3200.0,80.1,1.5,10.0
729,762,,,10.571115973741794,11.00437636761488,18262.66387795422,486.1182763513125,1.2606545565785505,0.4332603938730859,3200.0,85.1,1.5,10.0
731,739,,,10.597374179431071,10.702407002188183,2476.930334415052,202.5484161668009,0.39695819579606817,0.10503282275711179,3200.0,0.1,2.0,10.0
731,740,,,10.597374179431071,10.715536105032822,3149.7734846296025,220.80564593930987,0.45302995340218155,0.11816192560175054,3200.0,5.1,2.0,10.0
730,741,,,10.584245076586432,10.72866520787746,4205.1833920926665,249.04353969330984,0.5525492822903391,0.14442013129102804,3200.0,10.1,2.0,10.0
730,743,,,10.584245076586432,10.75492341356674,5314.844257418564,275.4325708506619,0.6284280537207589,0.17067833698030732,3200.0,15.1,2.0,10.0
730,746,,,10.584245076586432,10.794310722100656,6660.8393954751355,306.69804465008883,0.6953475808573855,0.21006564551422358,3200.0,20.1,2.0,10.0
730,748,,,10.584245076586432,10.820568927789934,7987.956630271915,331.3057393047108,0.8100997820692333,0.23632385120350108,3200.0,25.1,2.0,10.0
729,756,,,10.571115973741794,10.925601750547045,10974.111246527968,394.59205587911083,0.8915175139700227,0.3544857768052516,3200.0,30.1,2.0,10.0
729,759,,,10.571115973741794,10.964989059080962,12891.334909101097,423.69748700233265,0.9752972264904525,0.39387308533916787,3200.0,35.1,2.0,10.0
729,761,,,10.571115973741794,10.99124726477024,14589.110223982138,446.6918621717938,1.085412365252346,0.42013129102844715,3200.0,40.1,2.0,10.0
729,762,,,10.571115973741794,11.00437636761488,15986.761114555975,463.62000356555103,1.1630955813526547,0.4332603938730859,3200.0,45.1,2.0,10.0
729,763,,,10.571115973741794,11.017505470459518,17588.713648927445,482.0719032104713,1.2568830910863724,0.44638949671772465,3200.0,50.1,2.0,10.0
729,765,,,10.571115973741794,11.043763676148796,19086.468079459384,500.8026502338676,1.3068281809412796,0.47264770240700216,3200.0,55.1,2.0,10.0
729,765,,,10.571115973741794,11.043763676148796,20283.68233770669,512.8148873790981,1.4068907230893073,0.47264770240700216,3200.0,60.1,2.0,10.0
729,765,,,10.571115973741794,11.043763676148796,21236.010640770437,522.254500284992,1.4520329594054835,0.47264770240700216,3200.0,65.1,2.0,10.0
729,768,,,10.571115973741794,11.083150984682714,22575.25742470124,539.6374576353917,1.4732356664912802,0.5120350109409202,3200.0,70.1,2.0,10.0
729,769,,,10.571115973741794,11.096280087527353,23557.939448216064,550.6721225094692,1.5328710321753385,0.5251641137855589,3200.0,75.1,2.0,10.0
729,767,,,10.571115973741794,11.070021881838073,23481.358512306262,546.8762224355924,1.5214159955703828,0.49890590809627966,3200.0,80.1,2.0,10.0
729,769,,,10.571115973741794,11.096280087527353,24112.424319528338,556.0103775243641,1.577096006516895,0.5251641137855589,3200.0,85.1,2.0,10.0
,,,,,,,,,,3200.0,0.1,0.5,30.0
,,,,,,,,,,3200.0,5.1,0.5,30.0
,,,,,,,,,,3200.0,10.1,0.5,30.0
,,,,,,,,,,3200.0,15.1,0.5,30.0
732,735,,,10.61050328227571,10.649890590809628,659.5947700339672,117.20911838548686,0.20129702632249336,0.03938730853391803,3200.0,20.1,0.5,30.0
732,735,,,10.61050328227571,10.649890590809628,698.3563501721776,118.2329576096019,0.22081109435349,0.03938730853391803,3200.0,25.1,0.5,30.0
732,736,,,10.61050328227571,10.663019693654267,980.0822477091365,137.5700928363117,0.2498433622797842,0.05251641137855678,3200.0,30.1,0.5,30.0
731,736,,,10.597374179431071,10.663019693654267,1315.1009785351996,155.46634135643345,0.2883744283999641,0.06564551422319553,3200.0,35.1,0.5,30.0
732,736,,,10.61050328227571,10.663019693654267,1202.0063337035135,143.27197367494702,0.3017795552112734,0.05251641137855678,3200.0,40.1,0.5,30.0
731,737,,,10.597374179431071,10.676148796498905,1751.8296959331797,173.88517687594077,0.33067825019549146,0.07877461706783428,3200.0,45.1,0.5,30.0
731,738,,,10.597374179431071,10.689277899343544,2057.293193173906,187.605084801847,0.3518575012097853,0.09190371991247304,3200.0,50.1,0.5,30.0
731,738,,,10.597374179431071,10.689277899343544,2156.0528096332177,189.61694749652884,0.36130098835903124,0.09190371991247304,3200.0,55.1,0.5,30.0
731,738,,,10.597374179431071,10.689277899343544,2267.677224604966,191.76954052962034,0.3826587600291005,0.09190371991247304,3200.0,60.1,0.5,30.0
731,739,,,10.597374179431071,10.702407002188183,2575.4204151758995,204.3085192224932,0.4049296248111558,0.10503282275711179,3200.0,65.1,0.5,30.0
731,740,,,10.597374179431071,10.715536105032822,2856.678641307066,215.98276441382325,0.3983598805094877,0.11816192560175054,3200.0,70.1,0.5,30.0
731,740,,,10.597374179431071,10.715536105032822,2916.757792827725,217.2246733865435,0.40027566723369334,0.11816192560175054,3200.0,75.1,0.5,30.0
731,741,,,10.597374179431071,10.72866520787746,3185.9896786167506,227.71474536080538,0.4098522311417907,0.1312910284463893,3200.0,80.1,0.5,30.0
731,742,,,10.597374179431071,10.741794310722101,3448.516002687345,237.90797698746408,0.427075245210103,0.14442013129102982,3200.0,85.1,0.5,30.0
732,735,,,10.61050328227571,10.649890590809628,646.3262094562843,116.87751131618455,0.19712468222332147,0.03938730853391803,3200.0,0.1,1.0,30.0
731,735,,,10.597374179431071,10.649890590809628,980.9303641107227,137.7325152865249,0.23705648357877585,0.05251641137855678,3200.0,5.1,1.0,30.0
731,736,,,10.597374179431071,10.663019693654267,1364.5524868520852,156.62931098983148,0.28713027524602297,0.06564551422319553,3200.0,10.1,1.0,30.0
731,736,,,10.597374179431071,10.663019693654267,1562.311559717395,161.18232465242627,0.3231084678513214,0.06564551422319553,3200.0,15.1,1.0,30.0
730,737,,,10.584245076586432,10.676148796498905,2258.3863763009012,191.2042086376449,0.36874098745216144,0.09190371991247304,3200.0,20.1,1.0,30.0
730,737,,,10.584245076586432,10.676148796498905,2519.337908292355,196.31817071188507,0.4272542611738348,0.09190371991247304,3200.0,25.1,1.0,30.0
730,738,,,10.584245076586432,10.689277899343544,3024.9724846811982,211.93990796045014,0.49772381416737477,0.10503282275711179,3200.0,30.1,1.0,30.0
730,738,,,10.584245076586432,10.689277899343544,3352.4150111881513,218.3005075344752,0.5514560758871352,0.10503282275711179,3200.0,35.1,1.0,30.0
730,739,,,10.584245076586432,10.702407002188183,3863.3089146074076,232.83320976062893,0.5755835374615146,0.11816192560175054,3200.0,40.1,1.0,30.0
730,740,,,10.584245076586432,10.715536105032822,4485.7531116418895,248.44591501720893,0.630132550442009,0.1312910284463893,3200.0,45.1,1.0,30.0
730,741,,,10.584245076586432,10.72866520787746,5033.05969088405,262.01613475928934,0.6656292936217973,0.14442013129102804,3200.0,50.1,1.0,30.0
730,742,,,10.584245076586432,10.741794310722101,5491.951719937769,273.73816817251185,0.6953301217282599,0.15754923413566857,3200.0,55.1,1.0,30.0
730,744,,,10.584245076586432,10.768052516411379,6328.398654931542,294.18731071849874,0.7378760824465633,0.18380743982494607,3200.0,60.1,1.0,30.0
730,746,,,10.584245076586432,10.794310722100656,7020.127943199787,311.38821490505194,0.7605179748798083,0.21006564551422358,3200.0,65.1,1.0,30.0
730,747,,,10.584245076586432,10.807439824945295,7628.925145443812,323.39487636240096,0.7723350889131058,0.22319474835886233,3200.0,70.1,1.0,30.0
730,752,,,10.584245076586432,10.87308533916849,8955.595333334226,356.52835828983683,0.7972531322474141,0.28884026258205786,3200.0,75.1,1.0,30.0
730,751,,,10.584245076586432,10.859956236323852,9119.05160918189,356.01253256850055,0.7996049963259937,0.2757111597374191,3200.0,80.1,1.0,30.0
730,752,,,10.584245076586432,10.87308533916849,9538.476721650673,363.8843013376585,0.7780707506562594,0.28884026258205786,3200.0,85.1,1.0,30.0
730,736,,,10.584245076586432,10.663019693654267,1767.5619357057626,173.94930301163043,0.3137048011582,0.07877461706783428,3200.0,0.1,1.5,30.0
730,736,,,10.584245076586432,10.663019693654267,2042.5077271022997,179.73051484893082,0.36791775158070683,0.07877461706783428,3200.0,5.1,1.5,30.0
730,737,,,10.584245076586432,10.676148796498905,2600.7308651637854,197.9108127954355,0.43984681268141235,0.09190371991247304,3200.0,10.1,1.5,30.0
730,737,,,10.584245076586432,10.676148796498905,2962.1153179414396,205.12999796332386,0.4919835951610514,0.09190371991247304,3200.0,15.1,1.5,30.0
729,738,,,10.571115973741794,10.689277899343544,3811.608165390552,231.69749968076448,0.5669245269569498,0.11816192560175054,3200.0,20.1,1.5,30.0
729,739,,,10.571115973741794,10.702407002188183,4440.94439588963,247.30133678376498,0.6321637251511658,0.1312910284463893,3200.0,25.1,1.5,30.0
729,740,,,10.571115973741794,10.715536105032822,5136.385918349281,263.32490724610767,0.6932410339356028,0.14442013129102804,3200.0,30.1,1.5,30.0
755,759,,,10.912472647702407,10.964989059080962,848.0541259580584,134.59218468549076,0.19744190026276587,0.052516411378555006,3200.0,30.1,1.5,30.0
729,740,,,10.571115973741794,10.715536105032822,5580.396532250238,270.8366457980888,0.7695679836818385,0.14442013129102804,3200.0,35.1,1.5,30.0
752,759,,,10.87308533916849,10.964989059080962,1547.020982573787,179.1463200444796,0.2101398263313723,0.09190371991247126,3200.0,35.1,1.5,30.0
729,741,,,10.571115973741794,10.72866520787746,6394.718388266522,287.8736686704757,0.8350378027316219,0.1575492341356668,3200.0,40.1,1.5,30.0
752,760,,,10.87308533916849,10.978118161925602,1849.7289464512148,193.0090965932503,0.21866071323469582,0.10503282275711179,3200.0,40.1,1.5,30.0
729,742,,,10.571115973741794,10.741794310722101,7111.51583469946,302.5024734726241,0.8948055597594724,0.17067833698030732,3200.0,45.1,1.5,30.0
750,761,,,10.846827133479211,10.99124726477024,2487.5406449655206,225.42607575259655,0.22726465348124147,0.14442013129102982,3200.0,45.1,1.5,30.0
729,745,,,10.571115973741794,10.781181619256017,8291.527582621786,329.0723537111217,0.9377116380686095,0.21006564551422358,3200.0,50.1,1.5,30.0
749,762,,,10.833698030634572,11.00437636761488,3065.4352862477826,246.76607629103384,0.23196571568445945,0.17067833698030732,3200.0,50.1,1.5,30.0
729,762,,,10.571115973741794,11.00437636761488,12941.74820218565,431.96292963925026,0.9780965534494306,0.4332603938730859,3200.0,55.1,1.5,30.0
729,762,,,10.571115973741794,11.00437636761488,13587.54935255661,438.91622836413603,1.0422105073927042,0.4332603938730859,3200.0,60.1,1.5,30.0
729,761,,,10.571115973741794,10.99124726477024,14114.336555896598,442.20414591214376,1.073931396456441,0.42013129102844715,3200.0,65.1,1.5,30.0
729,762,,,10.571115973741794,11.00437636761488,14916.71294509239,452.6583318564932,1.0860012097774159,0.4332603938730859,3200.0,70.1,1.5,30.0
729,761,,,10.571115973741794,10.99124726477024,15199.602350703966,453.15779217178283,1.1150679073829814,0.42013129102844715,3200.0,75.1,1.5,30.0
729,762,,,10.571115973741794,11.00437636761488,15765.082820224261,460.5807162668813,1.1060319715133096,0.4332603938730859,3200.0,80.1,1.5,30.0
729,760,,,10.571115973741794,10.978118161925602,15590.213413503636,454.3301624913759,1.1068648087395614,0.4070021881838084,3200.0,85.1,1.5,30.0
730,737,,,10.584245076586432,10.676148796498905,2752.165339385835,200.9831902677712,0.4640275446121167,0.09190371991247304,3200.0,0.1,2.0,30.0
730,738,,,10.584245076586432,10.689277899343544,3376.939695652892,218.75202916511623,0.5261843315700518,0.10503282275711179,3200.0,5.1,2.0,30.0
729,738,,,10.571115973741794,10.689277899343544,4029.656586405594,235.53563738913223,0.5944554430422506,0.11816192560175054,3200.0,10.1,2.0,30.0
729,739,,,10.571115973741794,10.702407002188183,4778.335423569482,253.26574899648182,0.683698314114425,0.1312910284463893,3200.0,15.1,2.0,30.0
756,760,,,10.925601750547045,10.978118161925602,845.2231391226401,134.55830543927974,0.19033312625879795,0.05251641137855678,3200.0,15.1,2.0,30.0
729,740,,,10.571115973741794,10.715536105032822,5429.178934896014,268.1827897052837,0.7339124056025772,0.14442013129102804,3200.0,20.1,2.0,30.0
753,761,,,10.886214442013129,10.99124726477024,1795.4117373592533,192.0536205245112,0.2143267296955189,0.10503282275711179,3200.0,20.1,2.0,30.0
729,741,,,10.571115973741794,10.72866520787746,6268.670865221326,285.52168015054883,0.8431689946628123,0.1575492341356668,3200.0,25.1,2.0,30.0
751,761,,,10.859956236323852,10.99124726477024,2289.691132106822,215.29301887598652,0.22223351932124102,0.1312910284463893,3200.0,25.1,2.0,30.0
729,742,,,10.571115973741794,10.741794310722101,7140.536885876367,302.82751316809515,0.9162616672061055,0.17067833698030732,3200.0,30.1,2.0,30.0
751,761,,,10.859956236323852,10.99124726477024,2494.161478478483,218.5736454139352,0.24536452058322888,0.1312910284463893,3200.0,30.1,2.0,30.0
729,743,,,10.571115973741794,10.75492341356674,7935.094869717764,318.05908162490346,0.9903400093426658,0.18380743982494607,3200.0,35.1,2.0,30.0
748,762,,,10.820568927789934,11.00437636761488,3462.528204529697,257.92683471784295,0.24925714656972264,0.18380743982494607,3200.0,35.1,2.0,30.0
729,763,,,10.571115973741794,11.017505470459518,13512.013424588078,440.1770942082413,1.0472582105104467,0.44638949671772465,3200.0,40.1,2.0,30.0
729,764,,,10.571115973741794,11.030634573304157,14859.63943575016,457.209987053799,1.1052412829279223,0.4595185995623634,3200.0,45.1,2.0,30.0
729,764,,,10.571115973741794,11.030634573304157,15789.668922345285,467.04452915055253,1.1921012854452955,0.4595185995623634,3200.0,50.1,2.0,30.0
729,765,,,10.571115973741794,11.043763676148796,17093.203708153043,482.3697554523057,1.2326156731264128,0.47264770240700216,3200.0,55.1,2.0,30.0
729,764,,,10.571115973741794,11.030634573304157,17519.073064614273,484.6563036626018,1.2752080158011063,0.4595185995623634,3200.0,60.1,2.0,30.0
729,765,,,10.571115973741794,11.043763676148796,18593.785759985905,497.18036015893983,1.3482257698791802,0.47264770240700216,3200.0,65.1,2.0,30.0
729,766,,,10.571115973741794,11.056892778993435,19402.91757273757,506.5110599311383,1.346394678694621,0.4857768052516409,3200.0,70.1,2.0,30.0
729,766,,,10.571115973741794,11.056892778993435,19938.6400321263,511.3454639729109,1.3686860756979127,0.4857768052516409,3200.0,75.1,2.0,30.0
729,766,,,10.571115973741794,11.056892778993435,20294.508702803316,514.313143083201,1.3656220094224905,0.4857768052516409,3200.0,80.1,2.0,30.0
729,766,,,10.571115973741794,11.056892778993435,20712.46936828542,518.0437692680711,1.3805668637309125,0.4857768052516409,3200.0,85.1,2.0,30.0
,,,,,,,,,,3200.0,0.1,0.5,45.0
,,,,,,,,,,3200.0,5.1,0.5,45.0
,,,,,,,,,,3200.0,10.1,0.5,45.0
,,,,,,,,,,3200.0,15.1,0.5,45.0
732,735,,,10.61050328227571,10.649890590809628,680.807307078931,117.87563733271973,0.207031199852588,0.03938730853391803,3200.0,20.1,0.5,45.0
732,735,,,10.61050328227571,10.649890590809628,725.4179748299937,119.127963338784,0.22654833938753494,0.03938730853391803,3200.0,25.1,0.5,45.0
731,735,,,10.597374179431071,10.649890590809628,975.3222574259419,137.39331508402788,0.24894768369770315,0.05251641137855678,3200.0,30.1,0.5,45.0
731,735,,,10.597374179431071,10.649890590809628,1043.9361689679886,138.94033555424696,0.2632345350839411,0.05251641137855678,3200.0,35.1,0.5,45.0
732,736,,,10.61050328227571,10.663019693654267,1083.8708524857318,140.17075349490125,0.2782216371401707,0.05251641137855678,3200.0,40.1,0.5,45.0
731,736,,,10.597374179431071,10.663019693654267,1399.5365858147688,157.39469486591835,0.30569742616299944,0.06564551422319553,3200.0,45.1,0.5,45.0
732,736,,,10.61050328227571,10.663019693654267,1222.4549840060267,143.60171170901125,0.32097933406359314,0.05251641137855678,3200.0,50.1,0.5,45.0
731,737,,,10.597374179431071,10.676148796498905,1659.8781403303742,171.91829598038763,0.31785521263273364,0.07877461706783428,3200.0,55.1,0.5,45.0
731,737,,,10.597374179431071,10.676148796498905,1736.811040887551,173.35096313346375,0.3238968712238759,0.07877461706783428,3200.0,60.1,0.5,45.0
731,738,,,10.597374179431071,10.689277899343544,1971.970429775692,185.98092124555342,0.3272609742247252,0.09190371991247304,3200.0,65.1,0.5,45.0
732,738,,,10.61050328227571,10.689277899343544,1810.0335988803606,175.09817293033373,0.33809848503483364,0.07877461706783428,3200.0,70.1,0.5,45.0
731,739,,,10.597374179431071,10.702407002188183,2242.4244337472596,198.48033091934303,0.3442950283363686,0.10503282275711179,3200.0,75.1,0.5,45.0
732,739,,,10.61050328227571,10.702407002188183,2032.3727702300262,187.35180404130352,0.33226668886333655,0.09190371991247304,3200.0,80.1,0.5,45.0
732,740,,,10.61050328227571,10.715536105032822,2281.4101341282058,199.4799166269057,0.34811456160318155,0.10503282275711179,3200.0,85.1,0.5,45.0
731,735,,,10.597374179431071,10.649890590809628,1056.0979214694023,139.66729181684207,0.25792956251201304,0.05251641137855678,3200.0,0.1,1.0,45.0
730,735,,,10.584245076586432,10.649890590809628,1390.7655998311384,157.2947794697522,0.2818903368758876,0.06564551422319553,3200.0,5.1,1.0,45.0
730,735,,,10.584245076586432,10.649890590809628,1553.9711271736742,160.93689118135455,0.31254460298476516,0.06564551422319553,3200.0,10.1,1.0,45.0
730,736,,,10.584245076586432,10.663019693654267,1988.4735642981163,178.69016024718255,0.35353649020244426,0.07877461706783428,3200.0,15.1,1.0,45.0
730,736,,,10.584245076586432,10.663019693654267,2129.4177715873775,181.42918129298977,0.39867612119508355,0.07877461706783428,3200.0,20.1,1.0,45.0
730,737,,,10.584245076586432,10.676148796498905,2500.1152622017926,195.55282371722637,0.4320294662775652,0.09190371991247304,3200.0,25.1,1.0,45.0
730,737,,,10.584245076586432,10.676148796498905,2738.7078449627384,200.2839892318894,0.4718486781364599,0.09190371991247304,3200.0,30.1,1.0,45.0
730,737,,,10.584245076586432,10.676148796498905,2952.218568254064,204.844373355611,0.49558478678229556,0.09190371991247304,3200.0,35.1,1.0,45.0
730,738,,,10.584245076586432,10.689277899343544,3315.8750174478937,217.26866941662252,0.5262414608293386,0.10503282275711179,3200.0,40.1,1.0,45.0
730,738,,,10.584245076586432,10.689277899343544,3455.4642031989333,220.13767361572488,0.5517074932370354,0.10503282275711179,3200.0,45.1,1.0,45.0
730,739,,,10.584245076586432,10.702407002188183,3884.5541313678873,232.86592502816276,0.6055211212788674,0.11816192560175054,3200.0,50.1,1.0,45.0
730,739,,,10.584245076586432,10.702407002188183,4086.013542874476,236.75970891326054,0.6216784495806302,0.11816192560175054,3200.0,55.1,1.0,45.0
730,740,,,10.584245076586432,10.715536105032822,4415.318051768176,247.44746800283863,0.6405769050933332,0.1312910284463893,3200.0,60.1,1.0,45.0
730,741,,,10.584245076586432,10.72866520787746,4826.902258336765,258.5975994616348,0.6356555336836138,0.14442013129102804,3200.0,65.1,1.0,45.0
730,742,,,10.584245076586432,10.741794310722101,5202.109557234322,269.2541089312117,0.6469691629622498,0.15754923413566857,3200.0,70.1,1.0,45.0
730,743,,,10.584245076586432,10.75492341356674,5591.166154323734,279.6001466268194,0.6730181204774772,0.17067833698030732,3200.0,75.1,1.0,45.0
730,746,,,10.584245076586432,10.794310722100656,6366.090912110073,302.90730189050987,0.6734572179447178,0.21006564551422358,3200.0,80.1,1.0,45.0
730,747,,,10.584245076586432,10.807439824945295,6789.429725752682,312.60975821285683,0.652333393464708,0.22319474835886233,3200.0,85.1,1.0,45.0
730,736,,,10.584245076586432,10.663019693654267,2148.316424425323,181.81645435073895,0.39213397100447556,0.07877461706783428,3200.0,0.1,1.5,45.0
730,736,,,10.584245076586432,10.663019693654267,2390.6773823150597,187.16099598845489,0.4145985991029377,0.07877461706783428,3200.0,5.1,1.5,45.0
729,737,,,10.571115973741794,10.676148796498905,3036.002692729221,211.63046250045375,0.47661062257110154,0.10503282275711179,3200.0,10.1,1.5,45.0
729,737,,,10.571115973741794,10.676148796498905,3363.7393606294218,217.95270253617258,0.5294596795428765,0.10503282275711179,3200.0,15.1,1.5,45.0
755,759,,,10.912472647702407,10.964989059080962,828.2274740062239,134.1381385860264,0.18555129961520644,0.052516411378555006,3200.0,15.1,1.5,45.0
729,737,,,10.571115973741794,10.676148796498905,3644.839143344685,223.4052063696511,0.5623626372314603,0.10503282275711179,3200.0,20.1,1.5,45.0
754,760,,,10.899343544857768,10.978118161925602,1311.9280848823082,165.6319757787612,0.20583752774954478,0.07877461706783428,3200.0,20.1,1.5,45.0
729,738,,,10.571115973741794,10.689277899343544,4182.724345720756,238.07125362936142,0.611584392161644,0.11816192560175054,3200.0,25.1,1.5,45.0
754,760,,,10.899343544857768,10.978118161925602,1322.7953519582848,165.825868668375,0.21479235183476586,0.07877461706783428,3200.0,25.1,1.5,45.0
729,738,,,10.571115973741794,10.689277899343544,4500.090755540925,243.91308157833754,0.6628221644467502,0.11816192560175054,3200.0,30.1,1.5,45.0
754,760,,,10.899343544857768,10.978118161925602,1401.820338581486,167.4704139248816,0.218746302503374,0.07877461706783428,3200.0,30.1,1.5,45.0
729,739,,,10.571115973741794,10.702407002188183,5040.707055563388,257.4455985339478,0.725388280960573,0.1312910284463893,3200.0,35.1,1.5,45.0
754,761,,,10.899343544857768,10.99124726477024,1602.1740586895394,180.28841351729324,0.20891352168060573,0.09190371991247304,3200.0,35.1,1.5,45.0
729,739,,,10.571115973741794,10.702407002188183,5312.884448619194,262.26861126896927,0.7531021001060445,0.1312910284463893,3200.0,40.1,1.5,45.0
752,761,,,10.87308533916849,10.99124726477024,2112.109142096846,205.10421202209835,0.22807169166667007,0.11816192560175054,3200.0,40.1,1.5,45.0
729,740,,,10.571115973741794,10.715536105032822,5771.605222562055,273.87502013949285,0.8146473428573875,0.14442013129102804,3200.0,45.1,1.5,45.0
753,762,,,10.886214442013129,11.00437636761488,2120.29445593211,205.3124858855701,0.22394653541445564,0.11816192560175054,3200.0,45.1,1.5,45.0
729,741,,,10.571115973741794,10.72866520787746,6238.991238950553,285.0435262122066,0.8330755127780605,0.1575492341356668,3200.0,50.1,1.5,45.0
752,762,,,10.87308533916849,11.00437636761488,2280.784466050968,215.20727707705808,0.22248661923799506,0.1312910284463893,3200.0,50.1,1.5,45.0
729,741,,,10.571115973741794,10.72866520787746,6584.678319189886,290.7712169821689,0.8630054362940374,0.1575492341356668,3200.0,55.1,1.5,45.0
752,761,,,10.87308533916849,10.99124726477024,2147.428682770308,205.82764782059348,0.22794330656961548,0.11816192560175054,3200.0,55.1,1.5,45.0
729,743,,,10.571115973741794,10.75492341356674,7291.788071619563,308.10315238857817,0.8814887341801771,0.18380743982494607,3200.0,60.1,1.5,45.0
749,761,,,10.833698030634572,10.99124726477024,2717.1243075403395,235.46514271183648,0.21959116397488287,0.15754923413566857,3200.0,60.1,1.5,45.0
729,744,,,10.571115973741794,10.768052516411379,7874.658680920475,320.1534745749012,0.9225251519760069,0.19693654266958482,3200.0,65.1,1.5,45.0
750,760,,,10.846827133479211,10.978118161925602,2332.9363527128708,216.12589032549064,0.22214515803583312,0.13129102844639107,3200.0,65.1,1.5,45.0
729,761,,,10.571115973741794,10.99124726477024,11882.877447625917,417.7593560158678,0.9146431944211952,0.42013129102844715,3200.0,70.1,1.5,45.0
729,760,,,10.571115973741794,10.978118161925602,12176.102106244534,418.1845178101578,0.9413187115034627,0.4070021881838084,3200.0,75.1,1.5,45.0
729,756,,,10.571115973741794,10.925601750547045,11749.524440844603,403.47481991089666,0.9121728473339044,0.3544857768052516,3200.0,80.1,1.5,45.0
729,755,,,10.571115973741794,10.912472647702407,11683.193562506745,400.12852696582655,0.9274606384296915,0.34135667396061287,3200.0,85.1,1.5,45.0
729,737,,,10.571115973741794,10.676148796498905,3335.3052669788053,217.36611725257455,0.5221492013773144,0.10503282275711179,3200.0,0.1,2.0,45.0
755,760,,,10.912472647702407,10.978118161925602,1039.046668378304,150.04411315385056,0.1891444500281556,0.06564551422319553,3200.0,0.1,2.0,45.0
729,737,,,10.571115973741794,10.676148796498905,3695.2629795046787,224.34336947155222,0.5775631590739259,0.10503282275711179,3200.0,5.1,2.0,45.0
755,760,,,10.912472647702407,10.978118161925602,1159.0645541459417,152.71437329376528,0.21269785299116495,0.06564551422319553,3200.0,5.1,2.0,45.0
729,738,,,10.571115973741794,10.689277899343544,4251.139816916255,239.18341662286338,0.635166716768125,0.11816192560175054,3200.0,10.1,2.0,45.0
754,761,,,10.899343544857768,10.99124726477024,1638.3580345243536,180.852939277361,0.2284770860794738,0.09190371991247304,3200.0,10.1,2.0,45.0
729,738,,,10.571115973741794,10.689277899343544,4683.682682577736,247.28086913369816,0.6794361840356489,0.11816192560175054,3200.0,15.1,2.0,45.0
753,761,,,10.886214442013129,10.99124726477024,1938.2686261918057,194.43053951772572,0.23291548149003583,0.10503282275711179,3200.0,15.1,2.0,45.0
729,738,,,10.571115973741794,10.689277899343544,5067.91680501274,254.23197056720016,0.7545839278804578,0.11816192560175054,3200.0,20.1,2.0,45.0
753,762,,,10.886214442013129,11.00437636761488,2288.018882724076,207.9844855416965,0.24226277826037212,0.11816192560175054,3200.0,20.1,2.0,45.0
729,739,,,10.571115973741794,10.702407002188183,5596.5597323008915,267.15800450571305,0.7991738099247623,0.1312910284463893,3200.0,25.1,2.0,45.0
753,762,,,10.886214442013129,11.00437636761488,2380.340065540012,209.4966669929104,0.2632389486385789,0.11816192560175054,3200.0,25.1,2.0,45.0
729,739,,,10.571115973741794,10.702407002188183,5990.29876443405,274.13199518923045,0.8566172992628642,0.1312910284463893,3200.0,30.1,2.0,45.0
751,762,,,10.859956236323852,11.00437636761488,2912.3476359959977,231.3924104203254,0.2701493047667596,0.14442013129102804,3200.0,30.1,2.0,45.0
729,740,,,10.571115973741794,10.715536105032822,6684.706365206902,289.19157312667284,0.9088407517094916,0.14442013129102804,3200.0,35.1,2.0,45.0
752,763,,,10.87308533916849,11.017505470459518,2937.478038847305,231.9445680420334,0.26440929470714036,0.14442013129102804,3200.0,35.1,2.0,45.0
729,741,,,10.571115973741794,10.72866520787746,7204.017543980757,300.6604245908776,0.9595027470728139,0.1575492341356668,3200.0,40.1,2.0,45.0
751,763,,,10.859956236323852,11.017505470459518,3213.4891559172083,242.22021522789257,0.2701792574871509,0.1575492341356668,3200.0,40.1,2.0,45.0
729,742,,,10.571115973741794,10.741794310722101,7858.177267177119,313.84794183082784,0.9954843992983364,0.17067833698030732,3200.0,45.1,2.0,45.0
749,763,,,10.833698030634572,11.017505470459518,3736.1322239035553,261.48339777133526,0.27776328388957183,0.18380743982494607,3200.0,45.1,2.0,45.0
729,742,,,10.571115973741794,10.741794310722101,8251.03400179679,320.30979114661415,1.059537950989101,0.17067833698030732,3200.0,50.1,2.0,45.0
748,763,,,10.820568927789934,11.017505470459518,3998.1158663122483,270.2668884535254,0.27656174733867855,0.19693654266958482,3200.0,50.1,2.0,45.0
729,764,,,10.571115973741794,11.030634573304157,14232.840815264448,450.2190425137814,1.067204833701489,0.4595185995623634,3200.0,55.1,2.0,45.0
729,763,,,10.571115973741794,11.017505470459518,14574.913414043627,452.174234554799,1.1100574290993341,0.44638949671772465,3200.0,60.1,2.0,45.0
729,763,,,10.571115973741794,11.017505470459518,15071.75592336674,457.28135112351066,1.123240992030992,0.44638949671772465,3200.0,65.1,2.0,45.0
729,763,,,10.571115973741794,11.017505470459518,15507.884292154571,461.6569452633919,1.1448752355000944,0.44638949671772465,3200.0,70.1,2.0,45.0
729,762,,,10.571115973741794,11.00437636761488,15744.216790683899,461.49961250277454,1.1705429112601022,0.4332603938730859,3200.0,75.1,2.0,45.0
729,763,,,10.571115973741794,11.017505470459518,16245.82679908178,468.08220739793194,1.1662024981236319,0.44638949671772465,3200.0,80.1,2.0,45.0
729,763,,,10.571115973741794,11.017505470459518,16393.755053987486,469.03034939826085,1.123366713337746,0.44638949671772465,3200.0,85.1,2.0,45.0
,,,,,,,,,,3200.0,0.1,0.5,60.0
,,,,,,,,,,3200.0,5.1,0.5,60.0
,,,,,,,,,,3200.0,10.1,0.5,60.0
,,,,,,,,,,3200.0,15.1,0.5,60.0
732,735,,,10.61050328227571,10.649890590809628,654.6835989406177,117.11715034683786,0.19967278795042032,0.03938730853391803,3200.0,20.1,0.5,60.0
731,735,,,10.597374179431071,10.649890590809628,910.5299234560805,136.03393494397508,0.21742866597515587,0.05251641137855678,3200.0,25.1,0.5,60.0
731,735,,,10.597374179431071,10.649890590809628,936.1723211860303,136.6640588479147,0.222757033423147,0.05251641137855678,3200.0,30.1,0.5,60.0
731,735,,,10.597374179431071,10.649890590809628,945.2412863390798,136.77778077077184,0.23051982534224802,0.05251641137855678,3200.0,35.1,0.5,60.0
732,735,,,10.61050328227571,10.649890590809628,777.1518489766049,120.60428813713177,0.24014025190014276,0.03938730853391803,3200.0,40.1,0.5,60.0
731,735,,,10.597374179431071,10.649890590809628,1006.3544044885144,138.2132669572913,0.24712143232148853,0.05251641137855678,3200.0,45.1,0.5,60.0
732,735,,,10.61050328227571,10.649890590809628,789.1821987767541,120.99692133668599,0.24025973204870232,0.03938730853391803,3200.0,50.1,0.5,60.0
732,736,,,10.61050328227571,10.663019693654267,996.8955173381852,137.8673701317886,0.2583657055664321,0.05251641137855678,3200.0,55.1,0.5,60.0
732,736,,,10.61050328227571,10.663019693654267,1039.856566293751,139.11793539861358,0.25791324860553844,0.05251641137855678,3200.0,60.1,0.5,60.0
732,736,,,10.61050328227571,10.663019693654267,1009.9623744899269,138.2963806174799,0.26770246987902824,0.05251641137855678,3200.0,65.1,0.5,60.0
732,736,,,10.61050328227571,10.663019693654267,982.772471632818,137.67220807093375,0.25172969106697285,0.05251641137855678,3200.0,70.1,0.5,60.0
732,737,,,10.61050328227571,10.676148796498905,1184.1559069617472,152.69790411350155,0.25622610421323944,0.06564551422319553,3200.0,75.1,0.5,60.0
732,736,,,10.61050328227571,10.663019693654267,952.6570792162115,136.81103582680115,0.25154698025117117,0.05251641137855678,3200.0,80.1,0.5,60.0
733,736,,,10.62363238512035,10.663019693654267,749.8544388686192,119.70027665051319,0.2489174141683239,0.039387308533916254,3200.0,85.1,0.5,60.0
730,735,,,10.584245076586432,10.649890590809628,1490.7738003086743,159.77175481835732,0.2975099519845943,0.06564551422319553,3200.0,0.1,1.0,60.0
730,735,,,10.584245076586432,10.649890590809628,1559.9721984610412,161.19131919382664,0.32014506770651163,0.06564551422319553,3200.0,5.1,1.0,60.0
730,735,,,10.584245076586432,10.649890590809628,1736.8102308227096,165.19835599995474,0.35502035471293136,0.06564551422319553,3200.0,10.1,1.0,60.0
730,736,,,10.584245076586432,10.663019693654267,1993.7517498256523,178.23935946793668,0.36651398851593964,0.07877461706783428,3200.0,15.1,1.0,60.0
730,736,,,10.584245076586432,10.663019693654267,2122.005246120829,181.06995169410203,0.38725653718008046,0.07877461706783428,3200.0,20.1,1.0,60.0
730,736,,,10.584245076586432,10.663019693654267,2263.238141930149,184.31440996934842,0.41807458035531875,0.07877461706783428,3200.0,25.1,1.0,60.0
730,736,,,10.584245076586432,10.663019693654267,2334.0661243605605,185.61681083144043,0.4366816460978573,0.07877461706783428,3200.0,30.1,1.0,60.0
730,736,,,10.584245076586432,10.663019693654267,2382.680034311799,186.76043013067738,0.44627303344494407,0.07877461706783428,3200.0,35.1,1.0,60.0
730,737,,,10.584245076586432,10.676148796498905,2647.5148486492953,198.53615908614782,0.4414345353273148,0.09190371991247304,3200.0,40.1,1.0,60.0
730,737,,,10.584245076586432,10.676148796498905,2743.6029044374814,200.5844624623745,0.46096654671723614,0.09190371991247304,3200.0,45.1,1.0,60.0
730,737,,,10.584245076586432,10.676148796498905,2807.1846768408495,201.92135834930588,0.4858149519811972,0.09190371991247304,3200.0,50.1,1.0,60.0
730,738,,,10.584245076586432,10.689277899343544,3039.4611026519947,212.38994666231852,0.4695060172634986,0.10503282275711179,3200.0,55.1,1.0,60.0
730,738,,,10.584245076586432,10.689277899343544,3066.745471844016,212.96249440818718,0.4759260636432281,0.10503282275711179,3200.0,60.1,1.0,60.0
730,738,,,10.584245076586432,10.689277899343544,3065.5699247388475,212.93454580609426,0.47894769896870315,0.10503282275711179,3200.0,65.1,1.0,60.0
730,739,,,10.584245076586432,10.702407002188183,3279.3994273856847,222.55662949044466,0.49452342152810846,0.11816192560175054,3200.0,70.1,1.0,60.0
730,739,,,10.584245076586432,10.702407002188183,3282.4545416749033,222.81643809865918,0.48884971600082405,0.11816192560175054,3200.0,75.1,1.0,60.0
731,740,,,10.597374179431071,10.715536105032822,3337.1086287534554,224.2720554448873,0.4696161661915812,0.11816192560175054,3200.0,80.1,1.0,60.0
731,742,,,10.597374179431071,10.741794310722101,3796.4256235794555,243.12541958706166,0.48065767639786516,0.14442013129102982,3200.0,85.1,1.0,60.0
729,736,,,10.571115973741794,10.663019693654267,2642.668913906352,198.27222812624458,0.4469082833554052,0.09190371991247304,3200.0,0.1,1.5,60.0
756,759,,,10.925601750547045,10.964989059080962,611.0628135230073,115.87600206848343,0.18114089069084605,0.039387308533916254,3200.0,0.1,1.5,60.0
729,736,,,10.571115973741794,10.663019693654267,2871.695770390239,203.02405512937267,0.47688195564550817,0.09190371991247304,3200.0,5.1,1.5,60.0
755,760,,,10.912472647702407,10.978118161925602,1101.6442589827514,151.43484620012148,0.20118339946673425,0.06564551422319553,3200.0,5.1,1.5,60.0
729,736,,,10.571115973741794,10.663019693654267,3018.575957005148,205.97344006151835,0.4985337032553323,0.09190371991247304,3200.0,10.1,1.5,60.0
755,760,,,10.912472647702407,10.978118161925602,1088.8061492847207,151.1063825003526,0.2033214473936802,0.06564551422319553,3200.0,10.1,1.5,60.0
729,736,,,10.571115973741794,10.663019693654267,3208.091312978653,209.6443893757422,0.5295354250369078,0.09190371991247304,3200.0,15.1,1.5,60.0
754,760,,,10.899343544857768,10.978118161925602,1361.1737188386835,166.6499207183401,0.2095091130442408,0.07877461706783428,3200.0,15.1,1.5,60.0
729,737,,,10.571115973741794,10.676148796498905,3562.5740443428763,221.80422745217246,0.5578379366732398,0.10503282275711179,3200.0,20.1,1.5,60.0
755,761,,,10.912472647702407,10.99124726477024,1399.5485495701207,167.31747472085732,0.22127488844295162,0.07877461706783428,3200.0,20.1,1.5,60.0
729,737,,,10.571115973741794,10.676148796498905,3781.918651601787,225.95470598660586,0.5979364643918439,0.10503282275711179,3200.0,25.1,1.5,60.0
754,761,,,10.899343544857768,10.99124726477024,1638.7797168501731,180.8751294005808,0.2209840206999023,0.09190371991247304,3200.0,25.1,1.5,60.0
729,737,,,10.571115973741794,10.676148796498905,3899.217609340126,228.23061140052423,0.6003286402727119,0.10503282275711179,3200.0,30.1,1.5,60.0
754,761,,,10.899343544857768,10.99124726477024,1604.3550072885891,180.22446766912174,0.21632164868317938,0.09190371991247304,3200.0,30.1,1.5,60.0
729,737,,,10.571115973741794,10.676148796498905,4074.1662898027257,231.64840782254345,0.6389143544203126,0.10503282275711179,3200.0,35.1,1.5,60.0
754,761,,,10.899343544857768,10.99124726477024,1635.510219072402,180.82867054341324,0.22302440998023676,0.09190371991247304,3200.0,35.1,1.5,60.0
729,738,,,10.571115973741794,10.689277899343544,4378.842800836923,241.6708518769791,0.6354225783510206,0.11816192560175054,3200.0,40.1,1.5,60.0
754,761,,,10.899343544857768,10.99124726477024,1590.3043985010424,179.9584021316446,0.21882799116634621,0.09190371991247304,3200.0,40.1,1.5,60.0
729,738,,,10.571115973741794,10.689277899343544,4475.730176440913,243.3255118713478,0.677099612553598,0.11816192560175054,3200.0,45.1,1.5,60.0
753,761,,,10.886214442013129,10.99124726477024,1791.7139006298735,191.90580453065132,0.21479344897869335,0.10503282275711179,3200.0,45.1,1.5,60.0
729,739,,,10.571115973741794,10.702407002188183,4728.659808569766,252.16813689691,0.6696631716747845,0.1312910284463893,3200.0,50.1,1.5,60.0
753,761,,,10.886214442013129,10.99124726477024,1755.446450913068,191.36779307119255,0.2059231047655523,0.10503282275711179,3200.0,50.1,1.5,60.0
729,739,,,10.571115973741794,10.702407002188183,4846.793691572076,254.3732031506162,0.6976117495442575,0.1312910284463893,3200.0,55.1,1.5,60.0
754,760,,,10.899343544857768,10.978118161925602,1296.1444600429813,165.37132634206733,0.19671339566054336,0.07877461706783428,3200.0,55.1,1.5,60.0
729,740,,,10.571115973741794,10.715536105032822,5110.766872344045,262.76127959792103,0.6928521736819335,0.14442013129102804,3200.0,60.1,1.5,60.0
755,760,,,10.912472647702407,10.978118161925602,1089.7403601251533,151.1518031595512,0.20084195706986696,0.06564551422319553,3200.0,60.1,1.5,60.0
729,741,,,10.571115973741794,10.72866520787746,5393.0559746689705,271.55513303632927,0.7161676713460825,0.1575492341356668,3200.0,65.1,1.5,60.0
755,758,,,10.912472647702407,10.951859956236323,624.3641452212269,116.26009703939486,0.1852678567195567,0.039387308533916254,3200.0,65.1,1.5,60.0
730,741,,,10.584245076586432,10.72866520787746,5249.353810135516,265.649626808117,0.706754063343104,0.14442013129102804,3200.0,70.1,1.5,60.0
730,743,,,10.584245076586432,10.75492341356674,5752.3956564036325,281.86060614061273,0.7116943547056365,0.17067833698030732,3200.0,75.1,1.5,60.0
730,744,,,10.584245076586432,10.768052516411379,6195.871458652628,292.8152068196858,0.6849846533813311,0.18380743982494607,3200.0,80.1,1.5,60.0
730,747,,,10.584245076586432,10.807439824945295,6875.561560888695,313.6565557979954,0.6800668552175997,0.22319474835886233,3200.0,85.1,1.5,60.0
729,737,,,10.571115973741794,10.676148796498905,3721.717162345094,224.7468651155091,0.5816006341106437,0.10503282275711179,3200.0,0.1,2.0,60.0
754,761,,,10.899343544857768,10.99124726477024,1717.523346688436,182.33119982722187,0.2431489609791433,0.09190371991247304,3200.0,0.1,2.0,60.0
729,737,,,10.571115973741794,10.676148796498905,3955.53264889226,229.16391475099874,0.6124990142567945,0.10503282275711179,3200.0,5.1,2.0,60.0
754,762,,,10.899343544857768,11.00437636761488,1988.884238745111,195.28294517115063,0.24403958497156109,0.10503282275711179,3200.0,5.1,2.0,60.0
729,737,,,10.571115973741794,10.676148796498905,4219.449476976177,234.30412616499203,0.653944370438376,0.10503282275711179,3200.0,10.1,2.0,60.0
754,761,,,10.899343544857768,10.99124726477024,1854.062168764523,184.9917109682626,0.2477976197738787,0.09190371991247304,3200.0,10.1,2.0,60.0
729,737,,,10.571115973741794,10.676148796498905,4410.124531080492,237.9403843786392,0.6780785160214065,0.10503282275711179,3200.0,15.1,2.0,60.0
753,762,,,10.886214442013129,11.00437636761488,2373.947585644577,209.30268270563616,0.26468515593170205,0.11816192560175054,3200.0,15.1,2.0,60.0
729,738,,,10.571115973741794,10.689277899343544,4860.676184923402,250.15108097200306,0.7311439507514415,0.11816192560175054,3200.0,20.1,2.0,60.0
753,762,,,10.886214442013129,11.00437636761488,2368.3384880995595,209.02303449240162,0.27093406871580994,0.11816192560175054,3200.0,20.1,2.0,60.0
729,738,,,10.571115973741794,10.689277899343544,5151.671852937457,255.4847200968121,0.7410060535120937,0.11816192560175054,3200.0,25.1,2.0,60.0
753,762,,,10.886214442013129,11.00437636761488,2482.8727555518785,211.19952495077362,0.2694025051597797,0.11816192560175054,3200.0,25.1,2.0,60.0
729,738,,,10.571115973741794,10.689277899343544,5308.004127010604,258.55359311142985,0.7791774486886143,0.11816192560175054,3200.0,30.1,2.0,60.0
752,763,,,10.87308533916849,11.017505470459518,2932.126571766126,231.64327763387965,0.27453188036581966,0.14442013129102804,3200.0,30.1,2.0,60.0
729,739,,,10.571115973741794,10.702407002188183,5731.926479717177,269.4392490303938,0.8197759279401318,0.1312910284463893,3200.0,35.1,2.0,60.0
752,762,,,10.87308533916849,11.00437636761488,2689.795724070246,221.32641817456363,0.2730415438809488,0.1312910284463893,3200.0,35.1,2.0,60.0
729,739,,,10.571115973741794,10.702407002188183,5867.815117853446,271.8802985744059,0.8418735844163778,0.1312910284463893,3200.0,40.1,2.0,60.0
752,762,,,10.87308533916849,11.00437636761488,2724.6777997147733,222.00300589561888,0.2754623697553682,0.1312910284463893,3200.0,40.1,2.0,60.0
729,739,,,10.571115973741794,10.702407002188183,6049.977518486816,275.2551811083756,0.8633255461578282,0.1312910284463893,3200.0,45.1,2.0,60.0
752,762,,,10.87308533916849,11.00437636761488,2639.177436208458,220.62711190369754,0.25928224577408865,0.1312910284463893,3200.0,45.1,2.0,60.0
729,740,,,10.571115973741794,10.715536105032822,6402.361444204617,284.438761129224,0.8746402786840832,0.14442013129102804,3200.0,50.1,2.0,60.0
752,762,,,10.87308533916849,11.00437636761488,2649.219410715227,221.03576292580112,0.25952249406451555,0.1312910284463893,3200.0,50.1,2.0,60.0
729,740,,,10.571115973741794,10.715536105032822,6520.523284014274,286.5815539594236,0.8991829269123799,0.14442013129102804,3200.0,55.1,2.0,60.0
751,763,,,10.859956236323852,11.017505470459518,2958.6718179854006,238.60462273863413,0.2518647896441564,0.1575492341356668,3200.0,55.1,2.0,60.0
729,741,,,10.571115973741794,10.72866520787746,6859.02225045068,295.3487806676822,0.9109085839723232,0.1575492341356668,3200.0,60.1,2.0,60.0
751,761,,,10.859956236323852,10.99124726477024,2500.731322644292,218.68597812648457,0.2462409127542211,0.1312910284463893,3200.0,60.1,2.0,60.0
729,742,,,10.571115973741794,10.741794310722101,7196.608761489308,303.7434531237874,0.9030494618454403,0.17067833698030732,3200.0,65.1,2.0,60.0
750,761,,,10.846827133479211,10.99124726477024,2632.7275631030825,227.54425372273175,0.22535155632679182,0.14442013129102982,3200.0,65.1,2.0,60.0
729,760,,,10.571115973741794,10.978118161925602,11284.403883196635,408.4726406384401,0.8874136084492195,0.4070021881838084,3200.0,70.1,2.0,60.0
729,760,,,10.571115973741794,10.978118161925602,11559.48238736948,411.6853685902273,0.8896484293180085,0.4070021881838084,3200.0,75.1,2.0,60.0
729,757,,,10.571115973741794,10.938730853391684,11190.902500056212,399.67956970506185,0.8842919268629834,0.36761487964989037,3200.0,80.1,2.0,60.0
730,754,,,10.584245076586432,10.899343544857768,10605.793796830427,382.33895237044794,0.8575764613251888,0.31509846827133536,3200.0,85.1,2.0,60.0
,,,,,,,,,,3200.0,0.1,0.5,85.0
,,,,,,,,,,3200.0,5.1,0.5,85.0
,,,,,,,,,,3200.0,10.1,0.5,85.0
,,,,,,,,,,3200.0,15.1,0.5,85.0
,,,,,,,,,,3200.0,20.1,0.5,85.0
,,,,,,,,,,3200.0,25.1,0.5,85.0
,,,,,,,,,,3200.0,30.1,0.5,85.0
,,,,,,,,,,3200.0,35.1,0.5,85.0
,,,,,,,,,,3200.0,40.1,0.5,85.0
,,,,,,,,,,3200.0,45.1,0.5,85.0
,,,,,,,,,,3200.0,50.1,0.5,85.0
,,,,,,,,,,3200.0,55.1,0.5,85.0
,,,,,,,,,,3200.0,60.1,0.5,85.0
,,,,,,,,,,3200.0,65.1,0.5,85.0
,,,,,,,,,,3200.0,70.1,0.5,85.0
,,,,,,,,,,3200.0,75.1,0.5,85.0
,,,,,,,,,,3200.0,80.1,0.5,85.0
,,,,,,,,,,3200.0,85.1,0.5,85.0
730,735,,,10.584245076586432,10.649890590809628,1652.6791741537759,163.43264752448556,0.33326844650677656,0.06564551422319553,3200.0,0.1,1.0,85.0
730,735,,,10.584245076586432,10.649890590809628,1652.2648303054657,163.4716860242484,0.3330366026616354,0.06564551422319553,3200.0,5.1,1.0,85.0
730,735,,,10.584245076586432,10.649890590809628,1715.4537766384758,164.8835310461591,0.3437844344493408,0.06564551422319553,3200.0,10.1,1.0,85.0
730,735,,,10.584245076586432,10.649890590809628,1645.9904130839968,163.2652931189075,0.3338208037070347,0.06564551422319553,3200.0,15.1,1.0,85.0
730,735,,,10.584245076586432,10.649890590809628,1642.6018180361618,163.0540573294484,0.3373237532002922,0.06564551422319553,3200.0,20.1,1.0,85.0
730,735,,,10.584245076586432,10.649890590809628,1612.586568041049,162.45752406018178,0.3299362152055576,0.06564551422319553,3200.0,25.1,1.0,85.0
730,735,,,10.584245076586432,10.649890590809628,1604.283824703703,162.24243267032398,0.32904801317069965,0.06564551422319553,3200.0,30.1,1.0,85.0
730,735,,,10.584245076586432,10.649890590809628,1533.7478981745955,160.55949465998114,0.31319764609854484,0.06564551422319553,3200.0,35.1,1.0,85.0
730,735,,,10.584245076586432,10.649890590809628,1510.2551295855615,160.10816104638837,0.3055716366983039,0.06564551422319553,3200.0,40.1,1.0,85.0
730,735,,,10.584245076586432,10.649890590809628,1383.6687222705345,157.39421904344667,0.27104425441172775,0.06564551422319553,3200.0,45.1,1.0,85.0
731,735,,,10.597374179431071,10.649890590809628,1129.4076252214254,141.57389357072623,0.27028710469513495,0.05251641137855678,3200.0,50.1,1.0,85.0
731,735,,,10.597374179431071,10.649890590809628,1066.0052494027445,139.99388362620252,0.25597186488698287,0.05251641137855678,3200.0,55.1,1.0,85.0
731,735,,,10.597374179431071,10.649890590809628,969.0145951435629,137.43279101646183,0.23417876415018535,0.05251641137855678,3200.0,60.1,1.0,85.0
732,735,,,10.61050328227571,10.649890590809628,725.3914291744056,119.07274884005197,0.23212561974963197,0.03938730853391803,3200.0,65.1,1.0,85.0
732,735,,,10.61050328227571,10.649890590809628,686.2383475057618,117.99213054208877,0.21390289526503636,0.03938730853391803,3200.0,70.1,1.0,85.0
,,,,,,,,,,3200.0,75.1,1.0,85.0
,,,,,,,,,,3200.0,80.1,1.0,85.0
,,,,,,,,,,3200.0,85.1,1.0,85.0
729,736,,,10.571115973741794,10.663019693654267,2949.840023824156,204.4752028479578,0.49403621628004313,0.09190371991247304,3200.0,0.1,1.5,85.0
755,761,,,10.912472647702407,10.99124726477024,1369.9388470421784,166.78401340519736,0.2109095779934418,0.07877461706783428,3200.0,0.1,1.5,85.0
729,736,,,10.571115973741794,10.663019693654267,2974.951388719879,205.0792300599714,0.49229051600363616,0.09190371991247304,3200.0,5.1,1.5,85.0
755,760,,,10.912472647702407,10.978118161925602,1181.4853525761077,153.14914449272325,0.22621187735393122,0.06564551422319553,3200.0,5.1,1.5,85.0
729,736,,,10.571115973741794,10.663019693654267,3009.7650267571885,205.66728377873858,0.504199261656098,0.09190371991247304,3200.0,10.1,1.5,85.0
755,760,,,10.912472647702407,10.978118161925602,1152.6299996399512,152.55109908959056,0.2156491968508294,0.06564551422319553,3200.0,10.1,1.5,85.0
729,736,,,10.571115973741794,10.663019693654267,2965.060122400004,204.80877062139945,0.4936301871954367,0.09190371991247304,3200.0,15.1,1.5,85.0
755,761,,,10.912472647702407,10.99124726477024,1343.1993789182154,166.16920876990872,0.21723716359448897,0.07877461706783428,3200.0,15.1,1.5,85.0
729,736,,,10.571115973741794,10.663019693654267,3003.7148993841956,205.63396535074295,0.49309410274418175,0.09190371991247304,3200.0,20.1,1.5,85.0
755,760,,,10.912472647702407,10.978118161925602,1120.9297164998932,151.8376381208401,0.2096326956069734,0.06564551422319553,3200.0,20.1,1.5,85.0
729,736,,,10.571115973741794,10.663019693654267,2896.6487326352294,203.57734554161004,0.4698076160724598,0.09190371991247304,3200.0,25.1,1.5,85.0
755,760,,,10.912472647702407,10.978118161925602,1094.226048587895,151.17474202741244,0.21425668643782636,0.06564551422319553,3200.0,25.1,1.5,85.0
729,736,,,10.571115973741794,10.663019693654267,2805.1797881553002,201.72892407687738,0.45128455770110465,0.09190371991247304,3200.0,30.1,1.5,85.0
755,760,,,10.912472647702407,10.978118161925602,1106.6768629301855,151.53415263027478,0.2021977364587979,0.06564551422319553,3200.0,30.1,1.5,85.0
729,736,,,10.571115973741794,10.663019693654267,2757.920802215885,200.77087381270303,0.45314289912312367,0.09190371991247304,3200.0,35.1,1.5,85.0
729,736,,,10.571115973741794,10.663019693654267,2711.9984216982216,199.93585910473783,0.4467639327373625,0.09190371991247304,3200.0,40.1,1.5,85.0
730,736,,,10.584245076586432,10.663019693654267,2413.7183309700463,187.5566266833807,0.426524726495471,0.07877461706783428,3200.0,45.1,1.5,85.0
730,736,,,10.584245076586432,10.663019693654267,2255.0402424280464,184.1191031040579,0.41341754946928555,0.07877461706783428,3200.0,50.1,1.5,85.0
730,736,,,10.584245076586432,10.663019693654267,2151.4982598939405,182.11106213698437,0.38145528160988995,0.07877461706783428,3200.0,55.1,1.5,85.0
730,737,,,10.584245076586432,10.676148796498905,2253.557970495218,190.93160244591235,0.379361993207749,0.09190371991247304,3200.0,60.1,1.5,85.0
730,736,,,10.584245076586432,10.663019693654267,1943.988745438959,177.55037676531853,0.3567413916841764,0.07877461706783428,3200.0,65.1,1.5,85.0
731,737,,,10.597374179431071,10.676148796498905,1807.254564449927,174.78696153803247,0.3387183957764406,0.07877461706783428,3200.0,70.1,1.5,85.0
731,737,,,10.597374179431071,10.676148796498905,1737.369916772699,173.29699061767576,0.34331350422058726,0.07877461706783428,3200.0,75.1,1.5,85.0
732,737,,,10.61050328227571,10.676148796498905,1422.3500455147675,158.0391945223582,0.3072443572017889,0.06564551422319553,3200.0,80.1,1.5,85.0
732,738,,,10.61050328227571,10.689277899343544,1649.1578900209395,171.8533637483327,0.3132675040139692,0.07877461706783428,3200.0,85.1,1.5,85.0
729,737,,,10.571115973741794,10.676148796498905,4109.3678490329885,231.79130248796068,0.636449528655654,0.10503282275711179,3200.0,0.1,2.0,85.0
754,762,,,10.899343544857768,11.00437636761488,2175.3040555326224,198.42690625294912,0.27487341206415716,0.10503282275711179,3200.0,0.1,2.0,85.0
729,737,,,10.571115973741794,10.676148796498905,4142.324327148279,232.3986186918379,0.6502272381805652,0.10503282275711179,3200.0,5.1,2.0,85.0
753,762,,,10.886214442013129,11.00437636761488,2374.858768729782,209.05609637246707,0.2711779347122454,0.11816192560175054,3200.0,5.1,2.0,85.0
729,737,,,10.571115973741794,10.676148796498905,4111.335448672957,231.8564337293327,0.631095380979664,0.10503282275711179,3200.0,10.1,2.0,85.0
754,762,,,10.899343544857768,11.00437636761488,2164.649836741959,198.14202053707658,0.2753404901220924,0.10503282275711179,3200.0,10.1,2.0,85.0
729,737,,,10.571115973741794,10.676148796498905,4111.957500542025,231.9676726849591,0.6266744997038831,0.10503282275711179,3200.0,15.1,2.0,85.0
753,762,,,10.886214442013129,11.00437636761488,2379.575244111421,209.31459985587887,0.26483338436461823,0.11816192560175054,3200.0,15.1,2.0,85.0
729,737,,,10.571115973741794,10.676148796498905,4063.29522332981,231.18988852412514,0.6290255600672128,0.10503282275711179,3200.0,20.1,2.0,85.0
754,762,,,10.899343544857768,11.00437636761488,2115.8422562617134,197.3116557837175,0.26774571610356124,0.10503282275711179,3200.0,20.1,2.0,85.0
729,737,,,10.571115973741794,10.676148796498905,4039.8702795633344,230.8685768019665,0.6277631071284568,0.10503282275711179,3200.0,25.1,2.0,85.0
753,761,,,10.886214442013129,10.99124726477024,2078.01244913565,196.68581990273782,0.2580776978250028,0.10503282275711179,3200.0,25.1,2.0,85.0
729,737,,,10.571115973741794,10.676148796498905,3994.238670394433,229.9716404797071,0.6235359758176282,0.10503282275711179,3200.0,30.1,2.0,85.0
754,762,,,10.899343544857768,11.00437636761488,1985.8154633895674,195.09713533327917,0.24950969373625442,0.10503282275711179,3200.0,30.1,2.0,85.0
729,737,,,10.571115973741794,10.676148796498905,3886.9927645020457,227.95750113744418,0.5951132632912985,0.10503282275711179,3200.0,35.1,2.0,85.0
754,761,,,10.899343544857768,10.99124726477024,1653.1211895097379,181.0187412159645,0.23589737042643155,0.09190371991247304,3200.0,35.1,2.0,85.0
729,737,,,10.571115973741794,10.676148796498905,3830.080847217564,226.94651752199198,0.5860545117935643,0.10503282275711179,3200.0,40.1,2.0,85.0
755,761,,,10.912472647702407,10.99124726477024,1408.4285254734482,167.58283796491685,0.2202018542737263,0.07877461706783428,3200.0,40.1,2.0,85.0
729,737,,,10.571115973741794,10.676148796498905,3703.844933862556,224.69793772982925,0.5720574475748825,0.10503282275711179,3200.0,45.1,2.0,85.0
754,761,,,10.899343544857768,10.99124726477024,1508.5545933728738,178.45898540085685,0.20946490713664256,0.09190371991247304,3200.0,45.1,2.0,85.0
729,737,,,10.571115973741794,10.676148796498905,3600.1394771456276,222.5404862149013,0.558542283082571,0.10503282275711179,3200.0,50.1,2.0,85.0
756,759,,,10.925601750547045,10.964989059080962,653.8979691048164,117.1022379847659,0.19660471717365424,0.039387308533916254,3200.0,50.1,2.0,85.0
730,737,,,10.584245076586432,10.676148796498905,3153.0751520791814,208.82756130243868,0.5423280753701478,0.09190371991247304,3200.0,55.1,2.0,85.0
730,738,,,10.584245076586432,10.689277899343544,3339.012565630154,217.82453285047526,0.5214930916067504,0.10503282275711179,3200.0,60.1,2.0,85.0
730,738,,,10.584245076586432,10.689277899343544,3219.591356573562,215.9476280290905,0.50798960258929,0.10503282275711179,3200.0,65.1,2.0,85.0
730,739,,,10.584245076586432,10.702407002188183,3321.122657531663,223.22135135230326,0.4914168967642756,0.11816192560175054,3200.0,70.1,2.0,85.0
730,739,,,10.584245076586432,10.702407002188183,3152.3695663307467,220.39182401531906,0.46051761636746114,0.11816192560175054,3200.0,75.1,2.0,85.0
731,739,,,10.597374179431071,10.702407002188183,2946.8371080646284,211.15886788950223,0.4630260433065456,0.10503282275711179,3200.0,80.1,2.0,85.0
731,741,,,10.597374179431071,10.72866520787746,3336.3955837517988,230.1312023687337,0.4429943313134652,0.1312910284463893,3200.0,85.1,2.0,85.0
