istart,istop,tstart,tstop,ed_rec,ed_rec_err,ampl_rec,dur,total_n_valid_data_points,theta,a_input,inlc,phi0
,,,,,,,,3200,0.1,0.5,10,0.4
,,,,,,,,3200,5.1,0.5,10,0.4
,,,,,,,,3200,10.1,0.5,10,0.4
,,,,,,,,3200,15.1,0.5,10,0.4
,,,,,,,,3200,20.1,0.5,10,0.4
,,,,,,,,3200,25.1,0.5,10,0.4
,,,,,,,,3200,30.1,0.5,10,0.4
733,736,10.62363238512,10.66301969365,723.52884543874,118.91818930784,0.23655386671,0.03938730853,3200,35.1,0.5,10,0.4
733,736,10.62363238512,10.66301969365,707.4986000259,118.3836171696,0.24006806169,0.03938730853,3200,40.1,0.5,10,0.4
733,740,10.62363238512,10.71553610503,1785.45810675693,183.51481259577,0.26398464641,0.09190371991,3200,45.1,0.5,10,0.4
732,739,10.61050328228,10.70240700219,1809.98296451841,183.37609710697,0.31215828786,0.09190371991,3200,50.1,0.5,10,0.4
732,740,10.61050328228,10.71553610503,2500.00626217337,203.94402307839,0.36847790514,0.10503282276,3200,55.1,0.5,10,0.4
731,742,10.59737417943,10.74179431072,3248.43242275417,235.6219587167,0.35577977684,0.14442013129,3200,60.1,0.5,10,0.4
731,743,10.59737417943,10.75492341357,3681.01746157375,247.50796247398,0.39064079119,0.15754923414,3200,65.1,0.5,10,0.4
732,743,10.61050328228,10.75492341357,3669.64275714238,241.77846710731,0.41713159978,0.14442013129,3200,70.1,0.5,10,0.4
731,743,10.59737417943,10.75492341357,3950.77271574188,251.44852134489,0.47156972999,0.15754923414,3200,75.1,0.5,10,0.4
731,745,10.59737417943,10.78118161926,4297.33751764171,266.63538596469,0.43096663578,0.18380743982,3200,80.1,0.5,10,0.4
731,743,10.59737417943,10.75492341357,4098.16259096128,253.78544143352,0.4706376837,0.15754923414,3200,85.1,0.5,10,0.4
,,,,,,,,3200,0.1,1,10,0.4
,,,,,,,,3200,5.1,1,10,0.4
,,,,,,,,3200,10.1,1,10,0.4
,,,,,,,,3200,15.1,1,10,0.4
734,737,10.63676148797,10.6761487965,673.79007847692,117.477347787,0.22412716228,0.03938730853,3200,20.1,1,10,0.4
733,743,10.62363238512,10.75492341357,2395.64725024021,216.82389274059,0.25703931978,0.13129102845,3200,25.1,1,10,0.4
732,748,10.61050328228,10.82056892779,3973.11017541247,275.38987058182,0.3047676531,0.21006564551,3200,30.1,1,10,0.4
731,748,10.59737417943,10.82056892779,4981.12863337247,291.93195169359,0.40776289189,0.22319474836,3200,35.1,1,10,0.4
731,749,10.59737417943,10.83369803063,5889.35451837282,308.00781151117,0.41697353598,0.2363238512,3200,40.1,1,10,0.4
731,753,10.59737417943,10.88621444201,7347.8342898373,340.36770808877,0.53876373686,0.28884026258,3200,45.1,1,10,0.4
730,750,10.58424507659,10.84682713348,7580.97121041691,335.37754252266,0.59406734079,0.26258205689,3200,50.1,1,10,0.4
730,752,10.58424507659,10.87308533917,8776.43868629147,355.75724275968,0.68396219574,0.28884026258,3200,55.1,1,10,0.4
730,754,10.58424507659,10.89934354486,9527.23462722209,371.07914074774,0.67397253796,0.31509846827,3200,60.1,1,10,0.4
730,753,10.58424507659,10.88621444201,10085.1712868795,374.11218116943,0.75316937539,0.30196936543,3200,65.1,1,10,0.4
730,753,10.58424507659,10.88621444201,10251.2192105464,375.79947824206,0.74080574566,0.30196936543,3200,70.1,1,10,0.4
730,754,10.58424507659,10.89934354486,10844.2506962781,385.50312961939,0.82248967834,0.31509846827,3200,75.1,1,10,0.4
729,756,10.57111597374,10.92560175055,11563.9771376338,401.41252749931,0.8588507439,0.35448577681,3200,80.1,1,10,0.4
729,756,10.57111597374,10.92560175055,11849.4707404369,404.51342297057,0.86316304179,0.35448577681,3200,85.1,1,10,0.4
,,,,,,,,3200,0.1,1.5,10,0.4
,,,,,,,,3200,5.1,1.5,10,0.4
733,741,10.62363238512,10.72866520788,1873.56196041716,193.08338496211,0.23578918781,0.10503282276,3200,10.1,1.5,10,0.4
732,740,10.61050328228,10.71553610503,2122.98756221334,197.13663813304,0.3096498488,0.10503282276,3200,15.1,1.5,10,0.4
731,751,10.59737417943,10.85995623632,5373.91003904436,311.35686753776,0.3583825568,0.26258205689,3200,20.1,1.5,10,0.4
731,749,10.59737417943,10.83369803063,5911.81502817081,307.96163528158,0.46027505251,0.2363238512,3200,25.1,1.5,10,0.4
731,753,10.59737417943,10.88621444201,7311.83643144302,340.5609819701,0.47053158465,0.28884026258,3200,30.1,1.5,10,0.4
731,751,10.59737417943,10.85995623632,8129.2869565439,342.90743504645,0.58687285285,0.26258205689,3200,35.1,1.5,10,0.4
730,755,10.58424507659,10.9124726477,10226.846790364,382.76896209458,0.69881811852,0.32822757112,3200,40.1,1.5,10,0.4
730,754,10.58424507659,10.89934354486,10822.0699931477,385.82028857384,0.70143089633,0.31509846827,3200,45.1,1.5,10,0.4
730,756,10.58424507659,10.92560175055,12427.9271508917,408.51420555161,0.84848759579,0.34135667396,3200,50.1,1.5,10,0.4
730,757,10.58424507659,10.93873085339,13590.0152990662,423.67025941689,0.86396734444,0.35448577681,3200,55.1,1.5,10,0.4
729,759,10.57111597374,10.96498905908,14870.9017349955,444.54622581606,0.99210040884,0.39387308534,3200,60.1,1.5,10,0.4
730,758,10.58424507659,10.95185995624,15115.0355972337,442.73662709687,1.08400697821,0.36761487965,3200,65.1,1.5,10,0.4
729,759,10.57111597374,10.96498905908,16464.1259577503,460.9258165111,1.09764324982,0.39387308534,3200,70.1,1.5,10,0.4
729,761,10.57111597374,10.99124726477,17544.8777753861,476.21868135032,1.21459221955,0.42013129103,3200,75.1,1.5,10,0.4
729,762,10.57111597374,11.00437636761,18050.194875576,483.47626648315,1.22148510353,0.43326039387,3200,80.1,1.5,10,0.4
729,764,10.57111597374,11.0306345733,18680.4807301417,493.61158002011,1.26802851471,0.45951859956,3200,85.1,1.5,10,0.4
734,737,10.63676148797,10.6761487965,685.84910385272,117.72028060708,0.2332756975,0.03938730853,3200,0.1,2,10,0.4
733,747,10.62363238512,10.80743982495,3524.49047008519,257.95368721977,0.3007865326,0.18380743982,3200,5.1,2,10,0.4
731,746,10.59737417943,10.7943107221,4453.8648545995,276.02910888573,0.34039125184,0.19693654267,3200,10.1,2,10,0.4
732,749,10.61050328228,10.83369803063,5658.97690227368,300.90968642827,0.42062877244,0.22319474836,3200,15.1,2,10,0.4
731,753,10.59737417943,10.88621444201,7452.11199100081,342.68586641586,0.50185658298,0.28884026258,3200,20.1,2,10,0.4
730,753,10.58424507659,10.88621444201,8976.04895925562,362.48592979575,0.63290432792,0.30196936543,3200,25.1,2,10,0.4
730,754,10.58424507659,10.89934354486,10099.8867456216,378.404455787,0.64738522593,0.31509846827,3200,30.1,2,10,0.4
729,756,10.57111597374,10.92560175055,11789.3502839285,404.95306315493,0.78841803066,0.35448577681,3200,35.1,2,10,0.4
730,759,10.58424507659,10.96498905908,13783.1549737104,430.80584784979,0.82366011699,0.38074398249,3200,40.1,2,10,0.4
729,757,10.57111597374,10.93873085339,14533.2627947072,436.21538730979,0.99458439636,0.36761487965,3200,45.1,2,10,0.4
729,761,10.57111597374,10.99124726477,17007.8190157137,470.17403964567,1.03591205622,0.42013129103,3200,50.1,2,10,0.4
729,760,10.57111597374,10.97811816193,17614.4182835766,474.48412344624,1.12781496716,0.40700218818,3200,55.1,2,10,0.4
729,762,10.57111597374,11.00437636761,19356.6926763239,495.70822304303,1.18929565007,0.43326039387,3200,60.1,2,10,0.4
729,762,10.57111597374,11.00437636761,20159.7837271372,504.32016173912,1.28638108569,0.43326039387,3200,65.1,2,10,0.4
729,763,10.57111597374,11.01750547046,21338.7540752686,518.41742762146,1.41063467997,0.44638949672,3200,70.1,2,10,0.4
729,765,10.57111597374,11.04376367615,22366.7658001813,531.35930789734,1.37180410497,0.47264770241,3200,75.1,2,10,0.4
729,766,10.57111597374,11.05689277899,23120.0549667725,541.46606715904,1.54781269582,0.48577680525,3200,80.1,2,10,0.4
729,766,10.57111597374,11.05689277899,23607.3779997994,545.72867641283,1.46794335678,0.48577680525,3200,85.1,2,10,0.4
,,,,,,,,3200,0.1,0.5,30,0.4
,,,,,,,,3200,5.1,0.5,30,0.4
,,,,,,,,3200,10.1,0.5,30,0.4
,,,,,,,,3200,15.1,0.5,30,0.4
,,,,,,,,3200,20.1,0.5,30,0.4
,,,,,,,,3200,25.1,0.5,30,0.4
,,,,,,,,3200,30.1,0.5,30,0.4
,,,,,,,,3200,35.1,0.5,30,0.4
,,,,,,,,3200,40.1,0.5,30,0.4
,,,,,,,,3200,45.1,0.5,30,0.4
,,,,,,,,3200,50.1,0.5,30,0.4
,,,,,,,,3200,55.1,0.5,30,0.4
732,740,10.61050328228,10.71553610503,1808.12129450532,192.00159615064,0.2342159161,0.10503282276,3200,60.1,0.5,30,0.4
732,738,10.61050328228,10.68927789934,1620.96146269245,171.27345993144,0.30106004538,0.07877461707,3200,65.1,0.5,30,0.4
732,740,10.61050328228,10.71553610503,2203.63481731683,198.72533231476,0.29256213501,0.10503282276,3200,70.1,0.5,30,0.4
732,745,10.61050328228,10.78118161926,3354.0411231171,249.48670509469,0.32893217995,0.17067833698,3200,75.1,0.5,30,0.4
732,741,10.61050328228,10.72866520788,2627.74430989933,212.49385293043,0.3400980486,0.1181619256,3200,80.1,0.5,30,0.4
732,744,10.61050328228,10.76805251641,3551.05626110014,245.71606621617,0.38516408906,0.15754923414,3200,85.1,0.5,30,0.4
,,,,,,,,3200,0.1,1,30,0.4
,,,,,,,,3200,5.1,1,30,0.4
,,,,,,,,3200,10.1,1,30,0.4
,,,,,,,,3200,15.1,1,30,0.4
746,752,10.7943107221,10.87308533917,1325.02513114204,165.81767453773,0.21111188565,0.07877461707,3200,20.1,1,30,0.4
743,748,10.75492341357,10.82056892779,1160.84147422081,152.70647047419,0.21410720808,0.06564551422,3200,25.1,1,30,0.4
742,750,10.74179431072,10.84682713348,2155.29456935373,198.44477058229,0.2562486339,0.10503282276,3200,30.1,1,30,0.4
741,750,10.72866520788,10.84682713348,2289.27743431569,208.18679933692,0.25381267592,0.1181619256,3200,35.1,1,30,0.4
734,750,10.63676148797,10.84682713348,4290.23439321354,279.84813723006,0.28553890025,0.21006564551,3200,40.1,1,30,0.4
733,750,10.62363238512,10.84682713348,4823.9760614681,291.95921644291,0.30262608494,0.22319474836,3200,45.1,1,30,0.4
732,752,10.61050328228,10.87308533917,5970.22368614405,319.17793873877,0.36086819917,0.26258205689,3200,50.1,1,30,0.4
731,753,10.59737417943,10.88621444201,6949.76638230081,338.11354843521,0.41972723119,0.28884026258,3200,55.1,1,30,0.4
731,755,10.59737417943,10.9124726477,7807.87895611239,354.26592881153,0.49726600529,0.31509846827,3200,60.1,1,30,0.4
730,751,10.58424507659,10.85995623632,7819.66961445832,343.11832091854,0.56428657164,0.27571115974,3200,65.1,1,30,0.4
731,752,10.59737417943,10.87308533917,8259.46648418141,347.72196391995,0.6256892586,0.27571115974,3200,70.1,1,30,0.4
730,751,10.58424507659,10.85995623632,8572.97714833053,350.56255876126,0.66297232555,0.27571115974,3200,75.1,1,30,0.4
730,753,10.58424507659,10.88621444201,9450.45873795759,367.0594974206,0.69730317961,0.30196936543,3200,80.1,1,30,0.4
730,751,10.58424507659,10.85995623632,9145.80286145248,356.50787070992,0.74585621511,0.27571115974,3200,85.1,1,30,0.4
,,,,,,,,3200,0.1,1.5,30,0.4
743,748,10.75492341357,10.82056892779,1161.84362186565,152.52717679508,0.23789841395,0.06564551422,3200,5.1,1.5,30,0.4
743,752,10.75492341357,10.87308533917,2302.36567997045,208.11901700377,0.25261627058,0.1181619256,3200,10.1,1.5,30,0.4
741,751,10.72866520788,10.85995623632,2692.31230007616,221.36437428114,0.28188823325,0.13129102845,3200,15.1,1.5,30,0.4
740,753,10.71553610503,10.88621444201,3605.58181763026,253.64458905156,0.2984138097,0.17067833698,3200,20.1,1.5,30,0.4
738,754,10.68927789934,10.89934354486,4530.03805336156,282.01901099173,0.34154841277,0.21006564551,3200,25.1,1.5,30,0.4
734,753,10.63676148797,10.88621444201,5798.38542339136,312.66207706954,0.33889806844,0.24945295405,3200,30.1,1.5,30,0.4
733,753,10.62363238512,10.88621444201,6389.99838188699,324.18162256918,0.35322539327,0.26258205689,3200,35.1,1.5,30,0.4
731,754,10.59737417943,10.89934354486,8134.44840317308,355.45326190151,0.39857076449,0.30196936543,3200,40.1,1.5,30,0.4
731,754,10.59737417943,10.89934354486,8784.0312400955,362.28430342358,0.41031939181,0.30196936543,3200,45.1,1.5,30,0.4
731,756,10.59737417943,10.92560175055,10082.736916894,382.54911875738,0.52937340976,0.32822757112,3200,50.1,1.5,30,0.4
730,755,10.58424507659,10.9124726477,10858.2941655125,389.86945971738,0.62579328254,0.32822757112,3200,55.1,1.5,30,0.4
730,757,10.58424507659,10.93873085339,11944.4222452043,406.79481477634,0.63079817592,0.35448577681,3200,60.1,1.5,30,0.4
730,758,10.58424507659,10.95185995624,13101.3330996176,421.435564481,0.71529516966,0.36761487965,3200,65.1,1.5,30,0.4
729,756,10.57111597374,10.92560175055,13076.4735828105,418.31225936161,0.84659868913,0.35448577681,3200,70.1,1.5,30,0.4
730,759,10.58424507659,10.96498905908,14301.0802407604,435.95376940095,0.95589486163,0.38074398249,3200,75.1,1.5,30,0.4
729,758,10.57111597374,10.95185995624,14465.7430218134,437.72538958651,0.92346433556,0.38074398249,3200,80.1,1.5,30,0.4
730,760,10.58424507659,10.97811816193,15070.1051233122,446.26840345904,1.07830062027,0.39387308534,3200,85.1,1.5,30,0.4
742,752,10.74179431072,10.87308533917,2454.88170854646,217.53828883117,0.25504740105,0.13129102845,3200,0.1,2,30,0.4
741,752,10.72866520788,10.87308533917,2994.41856396247,232.62932289959,0.30100383605,0.14442013129,3200,5.1,2,30,0.4
739,752,10.70240700219,10.87308533917,3928.64252350396,258.20797156972,0.3250864203,0.17067833698,3200,10.1,2,30,0.4
738,754,10.68927789934,10.89934354486,4874.59796381742,286.60171344561,0.35760735702,0.21006564551,3200,15.1,2,30,0.4
732,754,10.61050328228,10.89934354486,7013.86471376744,338.57555960478,0.37890031911,0.28884026258,3200,20.1,2,30,0.4
732,754,10.61050328228,10.89934354486,7447.35426263309,343.55275499422,0.40338966223,0.28884026258,3200,25.1,2,30,0.4
731,756,10.59737417943,10.92560175055,9104.23755219488,372.49465520576,0.4330791345,0.32822757112,3200,30.1,2,30,0.4
731,755,10.59737417943,10.9124726477,9816.93505783168,376.47505107782,0.47131179672,0.31509846827,3200,35.1,2,30,0.4
730,756,10.58424507659,10.92560175055,11133.060896475,395.80726394843,0.52768087789,0.34135667396,3200,40.1,2,30,0.4
731,755,10.59737417943,10.9124726477,11568.4556656465,394.86044330056,0.58771176436,0.31509846827,3200,45.1,2,30,0.4
730,757,10.58424507659,10.93873085339,13150.3694267582,419.32417690615,0.71160930606,0.35448577681,3200,50.1,2,30,0.4
730,758,10.58424507659,10.95185995624,14496.56008446,435.3507590648,0.74909356547,0.36761487965,3200,55.1,2,30,0.4
730,759,10.58424507659,10.96498905908,15209.9598081206,445.0332806951,0.89319735614,0.38074398249,3200,60.1,2,30,0.4
729,758,10.57111597374,10.95185995624,16360.3523906853,456.88884938175,0.99863874062,0.38074398249,3200,65.1,2,30,0.4
729,761,10.57111597374,10.99124726477,17364.3814322255,473.09756185681,1.02390153576,0.42013129103,3200,70.1,2,30,0.4
729,759,10.57111597374,10.96498905908,17942.3922523473,475.86555280303,1.15136288262,0.39387308534,3200,75.1,2,30,0.4
729,762,10.57111597374,11.00437636761,18812.5459595809,490.53619615675,1.15368499707,0.43326039387,3200,80.1,2,30,0.4
729,767,10.57111597374,11.07002188184,20757.7821013236,519.16204780615,1.32132616117,0.4989059081,3200,85.1,2,30,0.4
,,,,,,,,3200,0.1,0.5,45,0.4
,,,,,,,,3200,5.1,0.5,45,0.4
,,,,,,,,3200,10.1,0.5,45,0.4
,,,,,,,,3200,15.1,0.5,45,0.4
,,,,,,,,3200,20.1,0.5,45,0.4
,,,,,,,,3200,25.1,0.5,45,0.4
,,,,,,,,3200,30.1,0.5,45,0.4
,,,,,,,,3200,35.1,0.5,45,0.4
,,,,,,,,3200,40.1,0.5,45,0.4
,,,,,,,,3200,45.1,0.5,45,0.4
,,,,,,,,3200,50.1,0.5,45,0.4
,,,,,,,,3200,55.1,0.5,45,0.4
,,,,,,,,3200,60.1,0.5,45,0.4
,,,,,,,,3200,65.1,0.5,45,0.4
,,,,,,,,3200,70.1,0.5,45,0.4
733,737,10.62363238512,10.6761487965,1025.81459224572,138.62094885534,0.26241995836,0.05251641138,3200,75.1,0.5,45,0.4
733,739,10.62363238512,10.70240700219,1504.36993403746,168.6761742338,0.29546387467,0.07877461707,3200,80.1,0.5,45,0.4
732,740,10.61050328228,10.71553610503,2182.55793013758,197.69211941892,0.32702744736,0.10503282276,3200,85.1,0.5,45,0.4
,,,,,,,,3200,0.1,1,45,0.4
746,749,10.7943107221,10.83369803063,721.11037964989,119.03979190213,0.21755503481,0.03938730853,3200,5.1,1,45,0.4
,,,,,,,,3200,10.1,1,45,0.4
743,751,10.75492341357,10.85995623632,1870.87803179362,193.23409930735,0.24453259738,0.10503282276,3200,15.1,1,45,0.4
743,751,10.75492341357,10.85995623632,1939.79896576881,194.28095393277,0.25282340306,0.10503282276,3200,20.1,1,45,0.4
742,750,10.74179431072,10.84682713348,1985.52245157443,195.01439801815,0.26315251676,0.10503282276,3200,25.1,1,45,0.4
743,752,10.75492341357,10.87308533917,2379.55515138335,209.45768461456,0.25990554803,0.1181619256,3200,30.1,1,45,0.4
740,752,10.71553610503,10.87308533917,3122.56722195401,241.06211223117,0.25934221368,0.15754923414,3200,35.1,1,45,0.4
740,751,10.71553610503,10.85995623632,3037.79620728548,233.19094819024,0.289453699,0.14442013129,3200,40.1,1,45,0.4
738,752,10.68927789934,10.87308533917,3583.71705440556,259.51690092926,0.26593900183,0.18380743982,3200,45.1,1,45,0.4
737,753,10.6761487965,10.88621444201,4162.12081752478,278.10838310876,0.2765141596,0.21006564551,3200,50.1,1,45,0.4
734,751,10.63676148797,10.85995623632,4605.17739306257,288.66061652672,0.29816272532,0.22319474836,3200,55.1,1,45,0.4
733,751,10.62363238512,10.85995623632,5119.31391043214,300.39241326317,0.30094891353,0.2363238512,3200,60.1,1,45,0.4
731,751,10.59737417943,10.85995623632,5785.41569509755,316.87509556431,0.36596039027,0.26258205689,3200,65.1,1,45,0.4
732,753,10.61050328228,10.88621444201,6486.62176353441,328.7764161614,0.42909809791,0.27571115974,3200,70.1,1,45,0.4
731,752,10.59737417943,10.87308533917,6766.82679469944,331.66868323914,0.42329100544,0.27571115974,3200,75.1,1,45,0.4
731,749,10.59737417943,10.83369803063,6577.52937249683,315.87253917722,0.51185005503,0.2363238512,3200,80.1,1,45,0.4
730,750,10.58424507659,10.84682713348,7336.06956524085,331.87379920287,0.53788235306,0.26258205689,3200,85.1,1,45,0.4
743,752,10.75492341357,10.87308533917,2313.39931094492,208.39896821434,0.25734345905,0.1181619256,3200,0.1,1.5,45,0.4
743,751,10.75492341357,10.85995623632,2372.61094478373,201.73265475513,0.30542051682,0.10503282276,3200,5.1,1.5,45,0.4
742,753,10.74179431072,10.88621444201,3156.87229876152,234.75199674536,0.31636355957,0.14442013129,3200,10.1,1.5,45,0.4
741,752,10.72866520788,10.87308533917,3348.20635607436,237.26057621427,0.34124338614,0.14442013129,3200,15.1,1.5,45,0.4
740,754,10.71553610503,10.89934354486,4199.24647423728,266.8356270374,0.35341676346,0.18380743982,3200,20.1,1.5,45,0.4
739,754,10.70240700219,10.89934354486,4787.53250485873,279.52800206594,0.3747419779,0.19693654267,3200,25.1,1.5,45,0.4
739,754,10.70240700219,10.89934354486,4833.03795636515,280.8887210792,0.35304168847,0.19693654267,3200,30.1,1.5,45,0.4
739,754,10.70240700219,10.89934354486,5226.55403380232,286.26585571239,0.3872950017,0.19693654267,3200,35.1,1.5,45,0.4
738,754,10.68927789934,10.89934354486,5488.78214034684,294.0847262748,0.38984747785,0.21006564551,3200,40.1,1.5,45,0.4
733,754,10.62363238512,10.89934354486,6812.81740689086,332.14526189281,0.40600742192,0.27571115974,3200,45.1,1.5,45,0.4
733,755,10.62363238512,10.9124726477,7530.55598458824,345.16289224207,0.38564773041,0.28884026258,3200,50.1,1.5,45,0.4
731,754,10.59737417943,10.89934354486,8356.09917704135,357.55241279424,0.40638764582,0.30196936543,3200,55.1,1.5,45,0.4
731,756,10.59737417943,10.92560175055,9066.6332305631,371.97211270893,0.41159868643,0.32822757112,3200,60.1,1.5,45,0.4
731,754,10.59737417943,10.89934354486,9564.10636574418,370.49084772947,0.52852735608,0.30196936543,3200,65.1,1.5,45,0.4
730,755,10.58424507659,10.9124726477,10368.6277449489,385.28422291471,0.53754893237,0.32822757112,3200,70.1,1.5,45,0.4
730,756,10.58424507659,10.92560175055,10864.907404041,392.66916502828,0.60981739316,0.34135667396,3200,75.1,1.5,45,0.4
730,754,10.58424507659,10.89934354486,10715.4529853131,385.07562651651,0.75267401086,0.31509846827,3200,80.1,1.5,45,0.4
730,756,10.58424507659,10.92560175055,11799.3388789495,401.75999503023,0.86689479428,0.34135667396,3200,85.1,1.5,45,0.4
741,753,10.72866520788,10.88621444201,3681.78608104616,248.77242530389,0.34561471495,0.15754923414,3200,0.1,2,45,0.4
742,754,10.74179431072,10.89934354486,3925.96776926606,251.85027149336,0.36408295887,0.15754923414,3200,5.1,2,45,0.4
740,753,10.71553610503,10.88621444201,4429.10218632319,265.10123028264,0.40311707188,0.17067833698,3200,10.1,2,45,0.4
740,754,10.71553610503,10.89934354486,4994.99567066634,277.17338065087,0.41002913435,0.18380743982,3200,15.1,2,45,0.4
738,755,10.68927789934,10.9124726477,5973.30865734516,304.15096937364,0.42688612198,0.22319474836,3200,20.1,2,45,0.4
737,755,10.6761487965,10.9124726477,6536.45263613014,315.51190698533,0.4568984793,0.2363238512,3200,25.1,2,45,0.4
734,754,10.63676148797,10.89934354486,7378.21456273084,333.0698924025,0.4572927623,0.26258205689,3200,30.1,2,45,0.4
733,755,10.62363238512,10.9124726477,8215.77636319967,350.80567137761,0.45986727571,0.28884026258,3200,35.1,2,45,0.4
731,755,10.59737417943,10.9124726477,9247.1406485349,369.6298126365,0.48668181658,0.31509846827,3200,40.1,2,45,0.4
732,755,10.61050328228,10.9124726477,9551.72302852374,370.68995580068,0.47682023013,0.30196936543,3200,45.1,2,45,0.4
731,757,10.59737417943,10.93873085339,10600.5246652521,390.4223942944,0.48883496168,0.34135667396,3200,50.1,2,45,0.4
731,756,10.59737417943,10.92560175055,11205.8854224401,394.44607180111,0.50690847447,0.32822757112,3200,55.1,2,45,0.4
730,757,10.58424507659,10.93873085339,12328.7225701486,411.10838463512,0.55034065506,0.35448577681,3200,60.1,2,45,0.4
730,757,10.58424507659,10.93873085339,12644.531968328,414.4267168222,0.70534246984,0.35448577681,3200,65.1,2,45,0.4
730,758,10.58424507659,10.95185995624,13603.8782246793,426.54474693866,0.75775928815,0.36761487965,3200,70.1,2,45,0.4
730,757,10.58424507659,10.93873085339,14118.9326222674,429.30145475866,0.86522592959,0.35448577681,3200,75.1,2,45,0.4
730,758,10.58424507659,10.95185995624,14791.6943911894,438.76488397271,0.9321268767,0.36761487965,3200,80.1,2,45,0.4
729,758,10.57111597374,10.95185995624,15205.5866012365,445.93355569056,1.08980439274,0.38074398249,3200,85.1,2,45,0.4
,,,,,,,,3200,0.1,0.5,60,0.4
,,,,,,,,3200,5.1,0.5,60,0.4
,,,,,,,,3200,10.1,0.5,60,0.4
,,,,,,,,3200,15.1,0.5,60,0.4
,,,,,,,,3200,20.1,0.5,60,0.4
,,,,,,,,3200,25.1,0.5,60,0.4
,,,,,,,,3200,30.1,0.5,60,0.4
,,,,,,,,3200,35.1,0.5,60,0.4
,,,,,,,,3200,40.1,0.5,60,0.4
,,,,,,,,3200,45.1,0.5,60,0.4
,,,,,,,,3200,50.1,0.5,60,0.4
,,,,,,,,3200,55.1,0.5,60,0.4
,,,,,,,,3200,60.1,0.5,60,0.4
,,,,,,,,3200,65.1,0.5,60,0.4
,,,,,,,,3200,70.1,0.5,60,0.4
,,,,,,,,3200,75.1,0.5,60,0.4
,,,,,,,,3200,80.1,0.5,60,0.4
,,,,,,,,3200,85.1,0.5,60,0.4
746,749,10.7943107221,10.83369803063,786.1460720712,120.85992826835,0.24852028938,0.03938730853,3200,0.1,1,60,0.4
744,752,10.76805251641,10.87308533917,1896.49304488138,193.70440660097,0.2360216008,0.10503282276,3200,5.1,1,60,0.4
745,751,10.78118161926,10.85995623632,1500.0300393711,169.44385409293,0.23757151833,0.07877461707,3200,10.1,1,60,0.4
744,752,10.76805251641,10.87308533917,1935.8064163418,194.51172481958,0.23501600645,0.10503282276,3200,15.1,1,60,0.4
744,751,10.76805251641,10.85995623632,1799.53583990099,183.72880675167,0.26237567951,0.09190371991,3200,20.1,1,60,0.4
743,752,10.75492341357,10.87308533917,2385.45151539197,209.58099176123,0.28738857434,0.1181619256,3200,25.1,1,60,0.4
742,751,10.74179431072,10.85995623632,2364.47036275725,208.96648182049,0.28498613106,0.1181619256,3200,30.1,1,60,0.4
742,752,10.74179431072,10.87308533917,2597.28903321132,219.6313262448,0.28013421605,0.13129102845,3200,35.1,1,60,0.4
741,753,10.72866520788,10.88621444201,3042.30053640592,239.7005795925,0.27134115354,0.15754923414,3200,40.1,1,60,0.4
741,750,10.72866520788,10.84682713348,2395.54780788049,209.48849331646,0.27455122036,0.1181619256,3200,45.1,1,60,0.4
741,753,10.72866520788,10.88621444201,2972.69609950956,238.19955642202,0.27513958091,0.15754923414,3200,50.1,1,60,0.4
742,751,10.74179431072,10.85995623632,2280.50538846839,208.01894764144,0.24362401401,0.1181619256,3200,55.1,1,60,0.4
740,750,10.71553610503,10.84682713348,2403.15977777315,217.24900056081,0.23413724689,0.13129102845,3200,60.1,1,60,0.4
740,749,10.71553610503,10.83369803063,2178.33463621381,206.1570520245,0.24491872887,0.1181619256,3200,65.1,1,60,0.4
734,748,10.63676148797,10.82056892779,3232.8237825049,255.08036987147,0.23005106824,0.18380743982,3200,70.1,1,60,0.4
733,748,10.62363238512,10.82056892779,3688.67516438908,266.53973725397,0.26754934518,0.19693654267,3200,75.1,1,60,0.4
732,745,10.61050328228,10.78118161926,3525.42927558742,252.25436465878,0.29670292707,0.17067833698,3200,80.1,1,60,0.4
731,746,10.59737417943,10.7943107221,4429.14778149945,274.3480710444,0.40248749721,0.19693654267,3200,85.1,1,60,0.4
743,753,10.75492341357,10.88621444201,2912.8662647736,224.411432211,0.32337643026,0.13129102845,3200,0.1,1.5,60,0.4
743,753,10.75492341357,10.88621444201,2989.28708552748,225.66699668635,0.32534050175,0.13129102845,3200,5.1,1.5,60,0.4
741,754,10.72866520788,10.89934354486,3944.33404582688,257.44875810242,0.3510501863,0.17067833698,3200,10.1,1.5,60,0.4
742,753,10.74179431072,10.88621444201,3621.72797667097,242.29093457505,0.33659347329,0.14442013129,3200,15.1,1.5,60,0.4
741,754,10.72866520788,10.89934354486,4163.8414910774,260.46343962291,0.38835258077,0.17067833698,3200,20.1,1.5,60,0.4
741,753,10.72866520788,10.88621444201,4035.62667295666,253.82264393027,0.37113413322,0.15754923414,3200,25.1,1.5,60,0.4
740,754,10.71553610503,10.89934354486,4440.96012409994,269.47073136931,0.37173036368,0.18380743982,3200,30.1,1.5,60,0.4
740,754,10.71553610503,10.89934354486,4671.35494534949,272.87497354634,0.39276236471,0.18380743982,3200,35.1,1.5,60,0.4
740,754,10.71553610503,10.89934354486,4608.22327740398,272.47525693549,0.39355102213,0.18380743982,3200,40.1,1.5,60,0.4
739,754,10.70240700219,10.89934354486,4866.46755262857,280.41890776275,0.39634864582,0.19693654267,3200,45.1,1.5,60,0.4
739,754,10.70240700219,10.89934354486,4938.10061632552,282.02869261182,0.364934617,0.19693654267,3200,50.1,1.5,60,0.4
738,754,10.68927789934,10.89934354486,5100.86416307774,288.76574577825,0.37402965295,0.21006564551,3200,55.1,1.5,60,0.4
733,752,10.62363238512,10.87308533917,5796.67378576997,312.74870860914,0.34609842033,0.24945295405,3200,60.1,1.5,60,0.4
733,754,10.62363238512,10.89934354486,6553.53001986144,330.64232165691,0.34309181953,0.27571115974,3200,65.1,1.5,60,0.4
732,754,10.61050328228,10.89934354486,7007.88381160096,339.45052810239,0.35732978232,0.28884026258,3200,70.1,1.5,60,0.4
731,751,10.59737417943,10.85995623632,6751.82665899035,327.89283455935,0.43148756671,0.26258205689,3200,75.1,1.5,60,0.4
731,750,10.59737417943,10.84682713348,6731.68903622611,321.85818808623,0.46922221635,0.24945295405,3200,80.1,1.5,60,0.4
731,750,10.59737417943,10.84682713348,7321.27579542489,328.53353067841,0.61641888641,0.24945295405,3200,85.1,1.5,60,0.4
742,753,10.74179431072,10.88621444201,3881.69462883731,245.3469531674,0.39277704166,0.14442013129,3200,0.1,2,60,0.4
741,753,10.72866520788,10.88621444201,4434.43341728042,259.38386495696,0.43522783816,0.15754923414,3200,5.1,2,60,0.4
741,755,10.72866520788,10.9124726477,5036.31268274563,276.98214409671,0.43858709042,0.18380743982,3200,10.1,2,60,0.4
740,754,10.71553610503,10.89934354486,5264.12980650408,281.01277034606,0.4356836533,0.18380743982,3200,15.1,2,60,0.4
741,754,10.72866520788,10.89934354486,5252.90627072875,275.98106909903,0.47549553667,0.17067833698,3200,20.1,2,60,0.4
739,754,10.70240700219,10.89934354486,5795.63153287875,293.07052062612,0.43987029792,0.19693654267,3200,25.1,2,60,0.4
740,755,10.71553610503,10.9124726477,5986.73117729037,294.89307082832,0.48191069919,0.19693654267,3200,30.1,2,60,0.4
739,754,10.70240700219,10.89934354486,5928.38491982645,294.94033784509,0.46038891383,0.19693654267,3200,35.1,2,60,0.4
738,754,10.68927789934,10.89934354486,6506.09314905186,307.13759007972,0.47231010733,0.21006564551,3200,40.1,2,60,0.4
734,755,10.63676148797,10.9124726477,7569.65514366126,339.42532780477,0.46019578195,0.27571115974,3200,45.1,2,60,0.4
733,754,10.62363238512,10.89934354486,7827.35236409465,343.43983762615,0.44093413551,0.27571115974,3200,50.1,2,60,0.4
732,754,10.61050328228,10.89934354486,8082.93488588601,350.4681276647,0.44945913555,0.28884026258,3200,55.1,2,60,0.4
731,755,10.59737417943,10.9124726477,9087.10095592854,369.1940204108,0.42244198481,0.31509846827,3200,60.1,2,60,0.4
731,754,10.59737417943,10.89934354486,8967.24681100283,364.13318811796,0.4323936243,0.30196936543,3200,65.1,2,60,0.4
731,755,10.59737417943,10.9124726477,9591.58143043574,374.32044557428,0.47288951271,0.31509846827,3200,70.1,2,60,0.4
730,753,10.58424507659,10.88621444201,9704.15609596507,371.49713347018,0.55895341252,0.30196936543,3200,75.1,2,60,0.4
730,753,10.58424507659,10.88621444201,9944.90163966415,373.42701247157,0.72299361466,0.30196936543,3200,80.1,2,60,0.4
730,753,10.58424507659,10.88621444201,10140.8664851854,374.71017008389,0.7557041873,0.30196936543,3200,85.1,2,60,0.4
,,,,,,,,3200,0.1,0.5,85,0.4
,,,,,,,,3200,5.1,0.5,85,0.4
,,,,,,,,3200,10.1,0.5,85,0.4
,,,,,,,,3200,15.1,0.5,85,0.4
,,,,,,,,3200,20.1,0.5,85,0.4
,,,,,,,,3200,25.1,0.5,85,0.4
,,,,,,,,3200,30.1,0.5,85,0.4
,,,,,,,,3200,35.1,0.5,85,0.4
,,,,,,,,3200,40.1,0.5,85,0.4
,,,,,,,,3200,45.1,0.5,85,0.4
,,,,,,,,3200,50.1,0.5,85,0.4
,,,,,,,,3200,55.1,0.5,85,0.4
,,,,,,,,3200,60.1,0.5,85,0.4
,,,,,,,,3200,65.1,0.5,85,0.4
,,,,,,,,3200,70.1,0.5,85,0.4
,,,,,,,,3200,75.1,0.5,85,0.4
,,,,,,,,3200,80.1,0.5,85,0.4
,,,,,,,,3200,85.1,0.5,85,0.4
744,750,10.76805251641,10.84682713348,1539.14695262172,169.9947999123,0.25729617256,0.07877461707,3200,0.1,1,85,0.4
745,751,10.78118161926,10.85995623632,1658.02634877195,172.43308856376,0.27757642687,0.07877461707,3200,5.1,1,85,0.4
743,751,10.75492341357,10.85995623632,2075.96767932857,196.56623255544,0.28329008627,0.10503282276,3200,10.1,1,85,0.4
744,751,10.76805251641,10.85995623632,1904.40546927533,185.49694953884,0.28436668631,0.09190371991,3200,15.1,1,85,0.4
744,751,10.76805251641,10.85995623632,1758.24317656593,182.62976747695,0.27151058096,0.09190371991,3200,20.1,1,85,0.4
745,751,10.78118161926,10.85995623632,1626.33039283002,171.89827499219,0.26708848656,0.07877461707,3200,25.1,1,85,0.4
745,751,10.78118161926,10.85995623632,1429.00789525289,167.85482463562,0.24409063852,0.07877461707,3200,30.1,1,85,0.4
744,750,10.76805251641,10.84682713348,1466.71474281616,168.66448312955,0.24293746812,0.07877461707,3200,35.1,1,85,0.4
745,748,10.78118161926,10.82056892779,734.17043588659,119.1191123849,0.24353030749,0.03938730853,3200,40.1,1,85,0.4
,,,,,,,,3200,45.1,1,85,0.4
,,,,,,,,3200,50.1,1,85,0.4
,,,,,,,,3200,55.1,1,85,0.4
,,,,,,,,3200,60.1,1,85,0.4
,,,,,,,,3200,65.1,1,85,0.4
,,,,,,,,3200,70.1,1,85,0.4
,,,,,,,,3200,75.1,1,85,0.4
,,,,,,,,3200,80.1,1,85,0.4
,,,,,,,,3200,85.1,1,85,0.4
742,753,10.74179431072,10.88621444201,3596.31601479796,240.79627177829,0.36044501055,0.14442013129,3200,0.1,1.5,85,0.4
743,753,10.75492341357,10.88621444201,3312.75255987106,230.53033629669,0.37041387638,0.13129102845,3200,5.1,1.5,85,0.4
742,753,10.74179431072,10.88621444201,3575.1072894819,240.98842585566,0.37075202562,0.14442013129,3200,10.1,1.5,85,0.4
742,753,10.74179431072,10.88621444201,3567.99626115347,240.40910004039,0.38490008164,0.14442013129,3200,15.1,1.5,85,0.4
743,753,10.75492341357,10.88621444201,3416.37059149702,232.14201745357,0.36854955082,0.13129102845,3200,20.1,1.5,85,0.4
743,753,10.75492341357,10.88621444201,3154.77056213244,227.92942553949,0.36941883724,0.13129102845,3200,25.1,1.5,85,0.4
743,753,10.75492341357,10.88621444201,3082.1004674431,226.75188151747,0.359388494,0.13129102845,3200,30.1,1.5,85,0.4
743,753,10.75492341357,10.88621444201,3018.86189827654,225.85729531851,0.34343942359,0.13129102845,3200,35.1,1.5,85,0.4
742,753,10.74179431072,10.88621444201,3119.52024835507,234.08903256865,0.3058510443,0.14442013129,3200,40.1,1.5,85,0.4
743,752,10.75492341357,10.87308533917,2561.01903998878,212.23954309501,0.29695264186,0.1181619256,3200,45.1,1.5,85,0.4
744,751,10.76805251641,10.85995623632,1915.87472968901,186.01145514591,0.27485743081,0.09190371991,3200,50.1,1.5,85,0.4
744,750,10.76805251641,10.84682713348,1575.1176146599,170.79680936069,0.26625419302,0.07877461707,3200,55.1,1.5,85,0.4
744,749,10.76805251641,10.83369803063,1198.56151506893,153.51184357348,0.23522890327,0.06564551422,3200,60.1,1.5,85,0.4
744,748,10.76805251641,10.82056892779,934.08164973366,136.76117970273,0.21568326111,0.05251641138,3200,65.1,1.5,85,0.4
,,,,,,,,3200,70.1,1.5,85,0.4
,,,,,,,,3200,75.1,1.5,85,0.4
,,,,,,,,3200,80.1,1.5,85,0.4
733,736,10.62363238512,10.66301969365,699.28033844468,118.18729966888,0.23441242496,0.03938730853,3200,85.1,1.5,85,0.4
742,754,10.74179431072,10.89934354486,4734.24816664586,263.52764933333,0.47764075005,0.15754923414,3200,0.1,2,85,0.4
741,754,10.72866520788,10.89934354486,4993.46798355026,272.19126244423,0.46104612128,0.17067833698,3200,5.1,2,85,0.4
741,754,10.72866520788,10.89934354486,5135.33172067611,274.22310894244,0.45394244359,0.17067833698,3200,10.1,2,85,0.4
742,754,10.74179431072,10.89934354486,4558.80620175161,260.86918721561,0.43760188797,0.15754923414,3200,15.1,2,85,0.4
741,753,10.72866520788,10.88621444201,4542.93330991515,260.75036408533,0.4148207678,0.15754923414,3200,20.1,2,85,0.4
741,754,10.72866520788,10.89934354486,4724.23209819696,268.14652590033,0.43054542786,0.17067833698,3200,25.1,2,85,0.4
741,753,10.72866520788,10.88621444201,4361.96007721929,258.16617492728,0.41533736341,0.15754923414,3200,30.1,2,85,0.4
741,753,10.72866520788,10.88621444201,4259.70062509526,257.01400449617,0.38314042124,0.15754923414,3200,35.1,2,85,0.4
740,754,10.71553610503,10.89934354486,4408.48592440792,268.76150401556,0.39128763013,0.18380743982,3200,40.1,2,85,0.4
741,753,10.72866520788,10.88621444201,4086.52881256326,254.501381903,0.37532858058,0.15754923414,3200,45.1,2,85,0.4
741,753,10.72866520788,10.88621444201,3519.1202989779,246.62861647464,0.30891826796,0.15754923414,3200,50.1,2,85,0.4
740,753,10.71553610503,10.88621444201,3751.73099062652,255.54126996983,0.32385011776,0.17067833698,3200,55.1,2,85,0.4
741,752,10.72866520788,10.87308533917,3049.17514207293,233.2674476401,0.28880181308,0.14442013129,3200,60.1,2,85,0.4
740,750,10.71553610503,10.84682713348,2695.42915885184,221.77009904461,0.26234457146,0.13129102845,3200,65.1,2,85,0.4
740,752,10.71553610503,10.87308533917,2920.41101795423,238.13333158891,0.2501312323,0.15754923414,3200,70.1,2,85,0.4
733,749,10.62363238512,10.83369803063,3839.70733895058,274.51132137369,0.25393307756,0.21006564551,3200,75.1,2,85,0.4
732,745,10.61050328228,10.78118161926,3286.0354137104,249.41176215277,0.29604177898,0.17067833698,3200,80.1,2,85,0.4
731,741,10.59737417943,10.72866520788,2814.56053096351,222.47459528338,0.3359161932,0.13129102845,3200,85.1,2,85,0.4
,,,,,,,,3200,0.1,0.5,10,2.4
,,,,,,,,3200,5.1,0.5,10,2.4
,,,,,,,,3200,10.1,0.5,10,2.4
,,,,,,,,3200,15.1,0.5,10,2.4
,,,,,,,,3200,20.1,0.5,10,2.4
,,,,,,,,3200,25.1,0.5,10,2.4
732,737,10.61050328228,10.6761487965,1197.4625921819,153.22339197883,0.25290329582,0.06564551422,3200,30.1,0.5,10,2.4
732,737,10.61050328228,10.6761487965,1350.69615191042,156.63646287378,0.27169901128,0.06564551422,3200,35.1,0.5,10,2.4
732,738,10.61050328228,10.68927789934,1803.56121708827,174.84697503372,0.35185523865,0.07877461707,3200,40.1,0.5,10,2.4
731,738,10.59737417943,10.68927789934,2036.16110156499,187.73568935044,0.30419403198,0.09190371991,3200,45.1,0.5,10,2.4
732,739,10.61050328228,10.70240700219,2237.51631700205,191.56390998705,0.36182872271,0.09190371991,3200,50.1,0.5,10,2.4
731,742,10.59737417943,10.74179431072,3386.15736820227,236.7736741847,0.42747029465,0.14442013129,3200,55.1,0.5,10,2.4
731,741,10.59737417943,10.72866520788,3287.34216860309,229.37484455557,0.39852807583,0.13129102845,3200,60.1,0.5,10,2.4
731,742,10.59737417943,10.74179431072,3489.75017846711,239.02171721389,0.39935769994,0.14442013129,3200,65.1,0.5,10,2.4
731,743,10.59737417943,10.75492341357,3952.76649220206,251.47454027016,0.42594187427,0.15754923414,3200,70.1,0.5,10,2.4
731,743,10.59737417943,10.75492341357,4029.08626894397,252.14768848507,0.4989175536,0.15754923414,3200,75.1,0.5,10,2.4
731,742,10.59737417943,10.74179431072,3917.59620417171,245.31641452489,0.50203736529,0.14442013129,3200,80.1,0.5,10,2.4
731,744,10.59737417943,10.76805251641,4161.38805850374,259.4881487082,0.44966774177,0.17067833698,3200,85.1,0.5,10,2.4
,,,,,,,,3200,0.1,1,10,2.4
,,,,,,,,3200,5.1,1,10,2.4
732,735,10.61050328228,10.64989059081,695.02747903852,118.30123087509,0.20519011632,0.03938730853,3200,10.1,1,10,2.4
732,737,10.61050328228,10.6761487965,1287.47475408497,154.96019207037,0.2726417044,0.06564551422,3200,15.1,1,10,2.4
731,739,10.59737417943,10.70240700219,2236.65391543351,199.10051588851,0.31960476638,0.10503282276,3200,20.1,1,10,2.4
731,739,10.59737417943,10.70240700219,2627.43493075605,205.27170427896,0.42310082455,0.10503282276,3200,25.1,1,10,2.4
730,740,10.58424507659,10.71553610503,3578.74306769387,233.90743653978,0.46925339377,0.13129102845,3200,30.1,1,10,2.4
730,742,10.58424507659,10.74179431072,4485.29741023161,257.79863095954,0.55614434623,0.15754923414,3200,35.1,1,10,2.4
730,745,10.58424507659,10.78118161926,5626.38642563958,289.06369190082,0.55490143893,0.19693654267,3200,40.1,1,10,2.4
730,744,10.58424507659,10.76805251641,5971.62873938551,289.34437562882,0.63966755816,0.18380743982,3200,45.1,1,10,2.4
730,748,10.58424507659,10.82056892779,7394.65334331717,323.93383712467,0.73989040558,0.2363238512,3200,50.1,1,10,2.4
730,748,10.58424507659,10.82056892779,7821.4184823942,329.83229568203,0.7244103933,0.2363238512,3200,55.1,1,10,2.4
730,748,10.58424507659,10.82056892779,8440.39072290373,337.6652871362,0.80955190251,0.2363238512,3200,60.1,1,10,2.4
730,751,10.58424507659,10.85995623632,9368.55708824055,359.09570412307,0.79638991699,0.27571115974,3200,65.1,1,10,2.4
729,754,10.57111597374,10.89934354486,10785.7676881795,387.43366685915,0.84787204462,0.32822757112,3200,70.1,1,10,2.4
729,751,10.57111597374,10.85995623632,10229.7199986645,372.12534334688,0.84341211631,0.28884026258,3200,75.1,1,10,2.4
730,755,10.58424507659,10.9124726477,11200.7488943965,391.63367641051,0.83833587538,0.32822757112,3200,80.1,1,10,2.4
729,753,10.57111597374,10.88621444201,11435.2770515749,391.89774321757,0.88307039718,0.31509846827,3200,85.1,1,10,2.4
732,736,10.61050328228,10.66301969365,1047.83707142298,139.19411619228,0.27635156492,0.05251641138,3200,0.1,1.5,10,2.4
731,738,10.59737417943,10.68927789934,1858.0187507063,183.78667166921,0.33957163317,0.09190371991,3200,5.1,1.5,10,2.4
731,738,10.59737417943,10.68927789934,2375.73536261553,193.61978891201,0.40160277133,0.09190371991,3200,10.1,1.5,10,2.4
731,740,10.59737417943,10.71553610503,3135.01600712347,220.81270760191,0.42148019925,0.1181619256,3200,15.1,1.5,10,2.4
730,741,10.58424507659,10.72866520788,4107.29839185951,247.92849754515,0.48818683286,0.14442013129,3200,20.1,1.5,10,2.4
730,741,10.58424507659,10.72866520788,4694.89471479651,257.04862328602,0.64078168179,0.14442013129,3200,25.1,1.5,10,2.4
730,743,10.58424507659,10.75492341357,5826.69592686464,283.22729142305,0.73702681935,0.17067833698,3200,30.1,1.5,10,2.4
729,746,10.57111597374,10.7943107221,7657.1019251868,323.68318126623,0.79738225981,0.22319474836,3200,35.1,1.5,10,2.4
729,754,10.57111597374,10.89934354486,10449.2923773776,382.71111230102,0.87814397298,0.32822757112,3200,40.1,1.5,10,2.4
730,755,10.58424507659,10.9124726477,11363.7001285609,394.16494715164,0.9472148279,0.32822757112,3200,45.1,1.5,10,2.4
729,758,10.57111597374,10.95185995624,13216.9728060776,424.46893759531,1.03672370081,0.38074398249,3200,50.1,1.5,10,2.4
729,759,10.57111597374,10.96498905908,14039.5820195843,435.90159983891,1.01743139686,0.39387308534,3200,55.1,1.5,10,2.4
729,762,10.57111597374,11.00437636761,15915.6483808724,462.31244497214,1.16963888657,0.43326039387,3200,60.1,1.5,10,2.4
729,761,10.57111597374,10.99124726477,16329.8665777455,464.71248093127,1.18996483793,0.42013129103,3200,65.1,1.5,10,2.4
729,763,10.57111597374,11.01750547046,17275.4241988521,477.81576167004,1.21863758538,0.44638949672,3200,70.1,1.5,10,2.4
729,761,10.57111597374,10.99124726477,16828.4156555396,469.61768028971,1.20768448573,0.42013129103,3200,75.1,1.5,10,2.4
729,759,10.57111597374,10.96498905908,17132.2424297766,468.94052763318,1.26058543631,0.39387308534,3200,80.1,1.5,10,2.4
729,761,10.57111597374,10.99124726477,18138.2726035226,483.06697805959,1.30356657422,0.42013129103,3200,85.1,1.5,10,2.4
731,738,10.59737417943,10.68927789934,2211.68631803168,190.59825814026,0.39263273082,0.09190371991,3200,0.1,2,10,2.4
731,740,10.59737417943,10.71553610503,3228.54408297867,221.54063219745,0.4814775417,0.1181619256,3200,5.1,2,10,2.4
730,742,10.58424507659,10.74179431072,4526.31114406335,258.87014473094,0.50697444993,0.15754923414,3200,10.1,2,10,2.4
730,742,10.58424507659,10.74179431072,5125.25047230225,268.46557034817,0.66141581525,0.15754923414,3200,15.1,2,10,2.4
730,745,10.58424507659,10.78118161926,6566.57897675917,302.23754920316,0.67189107368,0.19693654267,3200,20.1,2,10,2.4
730,756,10.58424507659,10.92560175055,9540.30282871896,374.61479539966,0.77834111983,0.34135667396,3200,25.1,2,10,2.4
730,757,10.58424507659,10.93873085339,11165.1497472278,397.21909413708,0.9347881044,0.35448577681,3200,30.1,2,10,2.4
729,758,10.57111597374,10.95185995624,12708.4685824745,419.56001668887,0.94083427229,0.38074398249,3200,35.1,2,10,2.4
729,762,10.57111597374,11.00437636761,14776.3118152177,451.06423201998,1.12127074002,0.43326039387,3200,40.1,2,10,2.4
729,760,10.57111597374,10.97811816193,15445.0746613521,453.65419896179,1.19099556021,0.40700218818,3200,45.1,2,10,2.4
729,761,10.57111597374,10.99124726477,17032.0000139144,472.25834950671,1.21642759473,0.42013129103,3200,50.1,2,10,2.4
729,763,10.57111597374,11.01750547046,18825.5289589755,494.66046984973,1.27284096984,0.44638949672,3200,55.1,2,10,2.4
729,764,10.57111597374,11.0306345733,19808.6166962688,505.97098736372,1.33685638227,0.45951859956,3200,60.1,2,10,2.4
729,764,10.57111597374,11.0306345733,20824.367395824,516.61197287043,1.43995899799,0.45951859956,3200,65.1,2,10,2.4
729,766,10.57111597374,11.05689277899,21904.5232460302,530.10917988627,1.46033123697,0.48577680525,3200,70.1,2,10,2.4
728,766,10.5579868709,11.05689277899,22440.1544637219,536.85123135424,1.5480528951,0.4989059081,3200,75.1,2,10,2.4
729,767,10.57111597374,11.07002188184,23609.7879100849,548.57752987137,1.60554360384,0.4989059081,3200,80.1,2,10,2.4
729,770,10.57111597374,11.10940919037,24443.9594920012,560.54196401659,1.61265726904,0.53829321663,3200,85.1,2,10,2.4
,,,,,,,,3200,0.1,0.5,30,2.4
,,,,,,,,3200,5.1,0.5,30,2.4
,,,,,,,,3200,10.1,0.5,30,2.4
,,,,,,,,3200,15.1,0.5,30,2.4
732,735,10.61050328228,10.64989059081,688.1282638914,118.09835655935,0.20448930027,0.03938730853,3200,20.1,0.5,30,2.4
733,736,10.62363238512,10.66301969365,705.70321875453,118.54274352834,0.21552666464,0.03938730853,3200,25.1,0.5,30,2.4
732,735,10.61050328228,10.64989059081,800.84339460109,121.25621467592,0.24866021693,0.03938730853,3200,30.1,0.5,30,2.4
732,737,10.61050328228,10.6761487965,1356.12515430295,156.82596096193,0.27355758163,0.06564551422,3200,35.1,0.5,30,2.4
732,736,10.61050328228,10.66301969365,1192.67596621299,143.0466010462,0.30510187125,0.05251641138,3200,40.1,0.5,30,2.4
732,737,10.61050328228,10.6761487965,1488.49614832447,159.31264417665,0.31959426963,0.06564551422,3200,45.1,0.5,30,2.4
731,737,10.59737417943,10.6761487965,1877.82923479845,176.76444532266,0.32687508591,0.07877461707,3200,50.1,0.5,30,2.4
732,739,10.61050328228,10.70240700219,2104.7252126443,188.40980181211,0.36781778545,0.09190371991,3200,55.1,0.5,30,2.4
731,739,10.59737417943,10.70240700219,2517.24930904657,203.32147786378,0.39529832378,0.10503282276,3200,60.1,0.5,30,2.4
731,739,10.59737417943,10.70240700219,2553.4538319798,204.0252059558,0.39612301125,0.10503282276,3200,65.1,0.5,30,2.4
731,740,10.59737417943,10.71553610503,2912.23771512506,217.54330260204,0.38197236112,0.1181619256,3200,70.1,0.5,30,2.4
731,740,10.59737417943,10.71553610503,2913.8148456991,217.44609182189,0.4307391732,0.1181619256,3200,75.1,0.5,30,2.4
732,740,10.61050328228,10.71553610503,2643.66847992514,205.931045443,0.38322147051,0.10503282276,3200,80.1,0.5,30,2.4
732,742,10.61050328228,10.74179431072,3205.90988108979,227.85741859315,0.44490484057,0.13129102845,3200,85.1,0.5,30,2.4
,,,,,,,,3200,0.1,1,30,2.4
731,735,10.59737417943,10.64989059081,972.4277122261,137.63275416652,0.23546689966,0.05251641138,3200,5.1,1,30,2.4
731,736,10.59737417943,10.66301969365,1416.2966273134,157.78466153402,0.31033461501,0.06564551422,3200,10.1,1,30,2.4
731,737,10.59737417943,10.6761487965,1824.74683852717,175.09991689557,0.34213061505,0.07877461707,3200,15.1,1,30,2.4
730,737,10.58424507659,10.6761487965,2304.3630438495,192.03318963019,0.39889568045,0.09190371991,3200,20.1,1,30,2.4
730,737,10.58424507659,10.6761487965,2486.57132355769,195.86456079392,0.42688094904,0.09190371991,3200,25.1,1,30,2.4
730,738,10.58424507659,10.68927789934,3096.25729865874,213.66332623722,0.46243424781,0.10503282276,3200,30.1,1,30,2.4
730,739,10.58424507659,10.70240700219,3590.6471909229,227.80745138919,0.58109485959,0.1181619256,3200,35.1,1,30,2.4
729,739,10.57111597374,10.70240700219,4149.78812576706,242.84133566607,0.56993089226,0.13129102845,3200,40.1,1,30,2.4
730,741,10.58424507659,10.72866520788,4435.23960119825,252.23724950424,0.61471492702,0.14442013129,3200,45.1,1,30,2.4
730,741,10.58424507659,10.72866520788,5049.56216746275,262.23577080155,0.69719895065,0.14442013129,3200,50.1,1,30,2.4
729,741,10.57111597374,10.72866520788,5607.7170904437,275.23596166278,0.72545198733,0.15754923414,3200,55.1,1,30,2.4
730,743,10.58424507659,10.75492341357,6149.03422936415,288.00313158047,0.7131257167,0.17067833698,3200,60.1,1,30,2.4
752,756,10.87308533917,10.92560175055,848.18722616266,134.5906257552,0.19543335275,0.05251641138,3200,60.1,1,30,2.4
730,752,10.58424507659,10.87308533917,8181.74653432348,345.71901055873,0.71223316263,0.28884026258,3200,65.1,1,30,2.4
730,750,10.58424507659,10.84682713348,8370.02807523181,342.49367457637,0.82467963847,0.26258205689,3200,70.1,1,30,2.4
729,750,10.57111597374,10.84682713348,8640.31088001891,349.29657762951,0.75920985466,0.27571115974,3200,75.1,1,30,2.4
730,750,10.58424507659,10.84682713348,8953.54189692883,350.78228190225,0.81229680049,0.26258205689,3200,80.1,1,30,2.4
730,750,10.58424507659,10.84682713348,9048.89239680921,351.9812083861,0.75699911503,0.26258205689,3200,85.1,1,30,2.4
731,736,10.59737417943,10.66301969365,1657.29350997837,163.5572918423,0.34291844987,0.06564551422,3200,0.1,1.5,30,2.4
730,736,10.58424507659,10.66301969365,2056.90232132484,180.32350504463,0.38330585276,0.07877461707,3200,5.1,1.5,30,2.4
730,737,10.58424507659,10.6761487965,2623.23880883398,198.30106148836,0.45368072595,0.09190371991,3200,10.1,1.5,30,2.4
730,737,10.58424507659,10.6761487965,2914.61899028104,204.02907228677,0.50655596327,0.09190371991,3200,15.1,1.5,30,2.4
730,739,10.58424507659,10.70240700219,3868.1555107862,232.85704607013,0.56229742856,0.1181619256,3200,20.1,1.5,30,2.4
730,739,10.58424507659,10.70240700219,4223.75909879384,239.01766166517,0.6268166693,0.1181619256,3200,25.1,1.5,30,2.4
754,758,10.89934354486,10.95185995624,868.98957864391,135.06344503896,0.2057781453,0.05251641138,3200,25.1,1.5,30,2.4
729,740,10.57111597374,10.71553610503,5211.72515488692,264.6198119651,0.68223255285,0.14442013129,3200,30.1,1.5,30,2.4
729,740,10.57111597374,10.71553610503,5493.79045494469,269.42423275495,0.75421522894,0.14442013129,3200,35.1,1.5,30,2.4
752,759,10.87308533917,10.96498905908,1535.24958815727,178.82173586733,0.22737019077,0.09190371991,3200,35.1,1.5,30,2.4
729,742,10.57111597374,10.74179431072,6576.91902868279,293.87190373465,0.80215228756,0.17067833698,3200,40.1,1.5,30,2.4
752,761,10.87308533917,10.99124726477,2059.93047483868,204.22079529053,0.22497335572,0.1181619256,3200,40.1,1.5,30,2.4
729,743,10.57111597374,10.75492341357,7200.57487008924,306.75414846263,0.85696437635,0.18380743982,3200,45.1,1.5,30,2.4
752,760,10.87308533917,10.97811816193,1962.1276447715,194.87476902278,0.24235454117,0.10503282276,3200,45.1,1.5,30,2.4
729,744,10.57111597374,10.76805251641,8226.20720850771,325.00470324153,0.95349198209,0.19693654267,3200,50.1,1.5,30,2.4
748,762,10.82056892779,11.00437636761,3292.91157012751,255.68280988441,0.24683203838,0.18380743982,3200,50.1,1.5,30,2.4
729,761,10.57111597374,10.99124726477,12491.0286862028,423.86780550429,0.99161842276,0.42013129103,3200,55.1,1.5,30,2.4
729,761,10.57111597374,10.99124726477,13572.0354751629,436.61965367412,1.06203752235,0.42013129103,3200,60.1,1.5,30,2.4
729,762,10.57111597374,11.00437636761,14207.4522603825,445.38559885196,1.11848913342,0.43326039387,3200,65.1,1.5,30,2.4
729,761,10.57111597374,10.99124726477,14760.1705970276,448.6566309331,1.13329863768,0.42013129103,3200,70.1,1.5,30,2.4
729,761,10.57111597374,10.99124726477,15188.33345481,452.85378791684,1.06829723603,0.42013129103,3200,75.1,1.5,30,2.4
729,759,10.57111597374,10.96498905908,15033.578841307,446.3722810618,1.06354164613,0.39387308534,3200,80.1,1.5,30,2.4
729,759,10.57111597374,10.96498905908,15527.2309987212,451.59596896918,1.11873573705,0.39387308534,3200,85.1,1.5,30,2.4
730,737,10.58424507659,10.6761487965,2605.16292307736,197.55242961744,0.45406539877,0.09190371991,3200,0.1,2,30,2.4
730,738,10.58424507659,10.68927789934,3349.97791853514,218.09537904316,0.52983542041,0.10503282276,3200,5.1,2,30,2.4
730,738,10.58424507659,10.68927789934,3801.41690665156,226.59271582429,0.59525931062,0.10503282276,3200,10.1,2,30,2.4
729,739,10.57111597374,10.70240700219,4777.21951621979,253.50278314787,0.66905817953,0.13129102845,3200,15.1,2,30,2.4
729,740,10.57111597374,10.71553610503,5601.93676500926,271.37126047191,0.77495198943,0.14442013129,3200,20.1,2,30,2.4
752,759,10.87308533917,10.96498905908,1568.16150397661,179.52921680524,0.21974974213,0.09190371991,3200,20.1,2,30,2.4
729,741,10.57111597374,10.72866520788,6280.9104426858,286.1683801012,0.80906465582,0.15754923414,3200,25.1,2,30,2.4
750,760,10.84682713348,10.97811816193,2231.19801938662,214.47396508738,0.21630683664,0.13129102845,3200,25.1,2,30,2.4
729,741,10.57111597374,10.72866520788,6994.32660367214,297.57986758662,0.91312547287,0.15754923414,3200,30.1,2,30,2.4
751,762,10.85995623632,11.00437636761,2782.23112703919,229.56882944106,0.26280858601,0.14442013129,3200,30.1,2,30,2.4
729,743,10.57111597374,10.75492341357,8101.02962578748,320.46540361054,0.98188534071,0.18380743982,3200,35.1,2,30,2.4
750,761,10.84682713348,10.99124726477,2844.20634507744,230.70862405161,0.25702190453,0.14442013129,3200,35.1,2,30,2.4
729,744,10.57111597374,10.76805251641,8839.43328501424,334.12509859175,1.01727554752,0.19693654267,3200,40.1,2,30,2.4
749,762,10.83369803063,11.00437636761,3605.77617805274,253.88302375781,0.28176062176,0.17067833698,3200,40.1,2,30,2.4
729,763,10.57111597374,11.01750547046,14733.240343558,453.17501348476,1.06524805609,0.44638949672,3200,45.1,2,30,2.4
729,763,10.57111597374,11.01750547046,15549.1847559318,462.13875473092,1.13541041152,0.44638949672,3200,50.1,2,30,2.4
728,764,10.5579868709,11.0306345733,16914.7848334065,479.96303025978,1.19185067102,0.47264770241,3200,55.1,2,30,2.4
728,763,10.5579868709,11.01750547046,17924.8381006858,488.80939243332,1.33349803047,0.45951859956,3200,60.1,2,30,2.4
729,764,10.57111597374,11.0306345733,18061.736994871,490.05976911676,1.32972077523,0.45951859956,3200,65.1,2,30,2.4
728,765,10.5579868709,11.04376367615,19569.3109725797,508.44632219916,1.38941213259,0.48577680525,3200,70.1,2,30,2.4
729,764,10.57111597374,11.0306345733,19403.8283430267,502.77112790628,1.30491826895,0.45951859956,3200,75.1,2,30,2.4
728,766,10.5579868709,11.05689277899,20721.197205902,520.29297198577,1.32957564554,0.4989059081,3200,80.1,2,30,2.4
729,768,10.57111597374,11.08315098468,21206.4363499766,526.002014362,1.34270448696,0.51203501094,3200,85.1,2,30,2.4
,,,,,,,,3200,0.1,0.5,45,2.4
,,,,,,,,3200,5.1,0.5,45,2.4
,,,,,,,,3200,10.1,0.5,45,2.4
,,,,,,,,3200,15.1,0.5,45,2.4
,,,,,,,,3200,20.1,0.5,45,2.4
732,735,10.61050328228,10.64989059081,739.85507972401,119.18130371334,0.25074211226,0.03938730853,3200,25.1,0.5,45,2.4
732,735,10.61050328228,10.64989059081,785.4450607458,120.54997196946,0.27427137968,0.03938730853,3200,30.1,0.5,45,2.4
731,736,10.59737417943,10.66301969365,1195.79705566996,152.88167545641,0.27020565282,0.06564551422,3200,35.1,0.5,45,2.4
732,736,10.61050328228,10.66301969365,1136.78742545408,141.37382942926,0.29788570307,0.05251641138,3200,40.1,0.5,45,2.4
731,736,10.59737417943,10.66301969365,1291.42127353795,155.28306771548,0.2648613552,0.06564551422,3200,45.1,0.5,45,2.4
732,737,10.61050328228,10.6761487965,1451.95345520079,158.39718538169,0.31710386548,0.06564551422,3200,50.1,0.5,45,2.4
732,737,10.61050328228,10.6761487965,1532.30648887303,160.43426671665,0.33868748144,0.06564551422,3200,55.1,0.5,45,2.4
731,737,10.59737417943,10.6761487965,1783.83261610422,174.13829647291,0.3396836192,0.07877461707,3200,60.1,0.5,45,2.4
731,738,10.59737417943,10.68927789934,1936.46434668011,185.73380606568,0.31661761017,0.09190371991,3200,65.1,0.5,45,2.4
732,737,10.61050328228,10.6761487965,1633.63240876927,162.48102914845,0.38432643659,0.06564551422,3200,70.1,0.5,45,2.4
731,738,10.59737417943,10.68927789934,2105.20227224387,188.89381603397,0.35042640448,0.09190371991,3200,75.1,0.5,45,2.4
732,739,10.61050328228,10.70240700219,2047.25289092899,187.34164208971,0.36236301514,0.09190371991,3200,80.1,0.5,45,2.4
732,741,10.61050328228,10.72866520788,2484.19390306228,210.34648838092,0.31742526303,0.1181619256,3200,85.1,0.5,45,2.4
731,735,10.59737417943,10.64989059081,984.97387080919,137.6783823566,0.25482664091,0.05251641138,3200,0.1,1,45,2.4
730,735,10.58424507659,10.64989059081,1410.16540582727,157.36186422653,0.32021910276,0.06564551422,3200,5.1,1,45,2.4
730,736,10.58424507659,10.66301969365,1755.04937056769,173.76907876516,0.32475852995,0.07877461707,3200,10.1,1,45,2.4
730,736,10.58424507659,10.66301969365,1883.87235955767,176.04507811104,0.35741290546,0.07877461707,3200,15.1,1,45,2.4
730,736,10.58424507659,10.66301969365,2121.19847174796,181.06852297469,0.39790511292,0.07877461707,3200,20.1,1,45,2.4
730,737,10.58424507659,10.6761487965,2480.55094952551,195.18762514293,0.43684002334,0.09190371991,3200,25.1,1,45,2.4
730,737,10.58424507659,10.6761487965,2693.75216540558,199.09746749362,0.49246488518,0.09190371991,3200,30.1,1,45,2.4
730,737,10.58424507659,10.6761487965,3088.88937579695,207.8028853929,0.50703830856,0.09190371991,3200,35.1,1,45,2.4
730,738,10.58424507659,10.68927789934,3234.44274516693,215.62796941682,0.52949044868,0.10503282276,3200,40.1,1,45,2.4
730,738,10.58424507659,10.68927789934,3352.49181251614,217.74769817314,0.6038293165,0.10503282276,3200,45.1,1,45,2.4
730,739,10.58424507659,10.70240700219,3940.91909824018,234.05444974758,0.59014066625,0.1181619256,3200,50.1,1,45,2.4
730,740,10.58424507659,10.71553610503,4202.29339169876,243.10637170614,0.6323247478,0.13129102845,3200,55.1,1,45,2.4
730,739,10.58424507659,10.70240700219,4164.945386004,238.72308343717,0.62024930578,0.1181619256,3200,60.1,1,45,2.4
730,740,10.58424507659,10.71553610503,4434.38525017139,247.9073252147,0.6512682845,0.13129102845,3200,65.1,1,45,2.4
730,741,10.58424507659,10.72866520788,5158.76008858582,264.5864413417,0.68291166627,0.14442013129,3200,70.1,1,45,2.4
730,744,10.58424507659,10.76805251641,5737.26013763279,285.81296423659,0.69432428699,0.18380743982,3200,75.1,1,45,2.4
730,745,10.58424507659,10.78118161926,6109.71248139448,295.48913904425,0.69007205128,0.19693654267,3200,80.1,1,45,2.4
730,746,10.58424507659,10.7943107221,6509.8388160066,305.09618248151,0.67638332941,0.21006564551,3200,85.1,1,45,2.4
730,736,10.58424507659,10.66301969365,1995.92872798124,178.19063979782,0.35891986142,0.07877461707,3200,0.1,1.5,45,2.4
730,736,10.58424507659,10.66301969365,2323.17139275914,185.41108101902,0.45331715086,0.07877461707,3200,5.1,1.5,45,2.4
729,736,10.57111597374,10.66301969365,2891.15156619168,203.16408583085,0.48253464583,0.09190371991,3200,10.1,1.5,45,2.4
729,737,10.57111597374,10.6761487965,3285.82851097156,216.60104487729,0.51368555396,0.10503282276,3200,15.1,1.5,45,2.4
729,738,10.57111597374,10.68927789934,4002.10230534461,235.04531411181,0.56161452336,0.1181619256,3200,20.1,1.5,45,2.4
756,760,10.92560175055,10.97811816193,978.12234260452,137.88125559098,0.21867424905,0.05251641138,3200,20.1,1.5,45,2.4
729,737,10.57111597374,10.6761487965,3971.27426231533,229.66256906897,0.65671772982,0.10503282276,3200,25.1,1.5,45,2.4
729,738,10.57111597374,10.68927789934,4595.77258111592,245.73888708382,0.68318581988,0.1181619256,3200,30.1,1.5,45,2.4
754,762,10.89934354486,11.00437636761,1872.58563213173,193.36997743453,0.22014198155,0.10503282276,3200,30.1,1.5,45,2.4
729,739,10.57111597374,10.70240700219,5020.99320862773,257.29932321304,0.74392391269,0.13129102845,3200,35.1,1.5,45,2.4
753,762,10.88621444201,11.00437636761,2089.4948656981,204.8042142301,0.21928995739,0.1181619256,3200,35.1,1.5,45,2.4
729,739,10.57111597374,10.70240700219,5361.66920226284,263.17294776691,0.80850290123,0.13129102845,3200,40.1,1.5,45,2.4
754,759,10.89934354486,10.96498905908,1219.91597861455,153.76182377902,0.24677122503,0.06564551422,3200,40.1,1.5,45,2.4
729,740,10.57111597374,10.71553610503,5925.79269365601,276.70793452885,0.84102359652,0.14442013129,3200,45.1,1.5,45,2.4
752,759,10.87308533917,10.96498905908,1686.16365608114,181.63390865977,0.24216042855,0.09190371991,3200,45.1,1.5,45,2.4
729,740,10.57111597374,10.71553610503,6025.35204531225,278.11691285705,0.79458385977,0.14442013129,3200,50.1,1.5,45,2.4
751,760,10.85995623632,10.97811816193,2061.12960493038,204.22454816146,0.2402540696,0.1181619256,3200,50.1,1.5,45,2.4
729,741,10.57111597374,10.72866520788,6529.09712090958,289.92224696778,0.88056407684,0.15754923414,3200,55.1,1.5,45,2.4
754,762,10.89934354486,11.00437636761,1863.10140351924,193.04076100386,0.23880389969,0.10503282276,3200,55.1,1.5,45,2.4
729,742,10.57111597374,10.74179431072,7027.22856287461,301.0139144441,0.90793427506,0.17067833698,3200,60.1,1.5,45,2.4
752,763,10.87308533917,11.01750547046,2540.50974777103,225.8747327466,0.2515213104,0.14442013129,3200,60.1,1.5,45,2.4
729,746,10.57111597374,10.7943107221,8563.99637717382,335.81464245375,0.96105233209,0.22319474836,3200,65.1,1.5,45,2.4
750,758,10.84682713348,10.95185995624,1962.70946614054,194.93549903968,0.23053294499,0.10503282276,3200,65.1,1.5,45,2.4
729,745,10.57111597374,10.78118161926,8345.39376465174,329.74135008037,0.89578236532,0.21006564551,3200,70.1,1.5,45,2.4
749,761,10.83369803063,10.99124726477,2776.2178631177,236.16504005988,0.24072221386,0.15754923414,3200,70.1,1.5,45,2.4
729,760,10.57111597374,10.97811816193,12046.3148433442,417.28477376956,0.91405642248,0.40700218818,3200,75.1,1.5,45,2.4
729,758,10.57111597374,10.95185995624,12200.2322503692,413.53778603244,0.92821234397,0.38074398249,3200,80.1,1.5,45,2.4
729,759,10.57111597374,10.96498905908,12564.3972355715,419.50638094723,0.86303152891,0.39387308534,3200,85.1,1.5,45,2.4
729,737,10.57111597374,10.6761487965,3269.98036629055,216.45445614217,0.49483624669,0.10503282276,3200,0.1,2,45,2.4
756,759,10.92560175055,10.96498905908,695.52632716501,118.17768158659,0.21669834781,0.03938730853,3200,0.1,2,45,2.4
729,737,10.57111597374,10.6761487965,3552.77847697266,221.73251623794,0.5396596302,0.10503282276,3200,5.1,2,45,2.4
729,738,10.57111597374,10.68927789934,4203.30411707599,238.51093950967,0.60600644095,0.1181619256,3200,10.1,2,45,2.4
754,761,10.89934354486,10.99124726477,1664.59356158706,181.10577344886,0.24162216845,0.09190371991,3200,10.1,2,45,2.4
729,738,10.57111597374,10.68927789934,4608.53724372127,245.80194885707,0.68013217034,0.1181619256,3200,15.1,2,45,2.4
755,761,10.9124726477,10.99124726477,1491.26108434716,169.09699602029,0.2544008764,0.07877461707,3200,15.1,2,45,2.4
729,739,10.57111597374,10.70240700219,5248.87901022473,261.13483568807,0.76448531862,0.13129102845,3200,20.1,2,45,2.4
754,761,10.89934354486,10.99124726477,1883.82226642497,185.50201794828,0.25783224987,0.09190371991,3200,20.1,2,45,2.4
729,739,10.57111597374,10.70240700219,5655.51927051487,268.30350271923,0.80665137542,0.13129102845,3200,25.1,2,45,2.4
752,762,10.87308533917,11.00437636761,2583.01735305828,219.73336921186,0.26830623685,0.13129102845,3200,25.1,2,45,2.4
729,740,10.57111597374,10.71553610503,6239.65943178668,281.64117583079,0.83639583073,0.14442013129,3200,30.1,2,45,2.4
751,762,10.85995623632,11.00437636761,2829.47993148717,230.30762719414,0.26656417034,0.14442013129,3200,30.1,2,45,2.4
729,741,10.57111597374,10.72866520788,6957.68021929425,296.38707518899,0.87507746945,0.15754923414,3200,35.1,2,45,2.4
752,763,10.87308533917,11.01750547046,2886.1743585584,230.72585416016,0.2929508876,0.14442013129,3200,35.1,2,45,2.4
728,741,10.5579868709,10.72866520788,7500.04911417448,308.07249920211,0.9385923145,0.17067833698,3200,40.1,2,45,2.4
749,763,10.83369803063,11.01750547046,3666.08923873319,260.00114250974,0.29819766092,0.18380743982,3200,40.1,2,45,2.4
729,741,10.57111597374,10.72866520788,7789.53146496955,310.26799702112,1.0333602531,0.15754923414,3200,45.1,2,45,2.4
750,762,10.84682713348,11.00437636761,3265.5301299252,242.77888619395,0.30193769715,0.15754923414,3200,45.1,2,45,2.4
728,762,10.5579868709,11.00437636761,13650.0694573303,441.04814176553,1.03511095529,0.44638949672,3200,50.1,2,45,2.4
729,744,10.57111597374,10.76805251641,9142.64377948012,338.94577227579,1.10248446214,0.19693654267,3200,55.1,2,45,2.4
748,764,10.82056892779,11.0306345733,4163.76248895488,278.23608169685,0.27730846947,0.21006564551,3200,55.1,2,45,2.4
729,761,10.57111597374,10.99124726477,13981.2520315398,440.64911971527,1.12773565873,0.42013129103,3200,60.1,2,45,2.4
729,765,10.57111597374,11.04376367615,15661.9501057846,468.17452581055,1.19458161654,0.47264770241,3200,65.1,2,45,2.4
729,763,10.57111597374,11.01750547046,15683.4397667375,463.23436209333,1.16466157392,0.44638949672,3200,70.1,2,45,2.4
729,762,10.57111597374,11.00437636761,15824.9772111335,462.48038709003,1.20489271266,0.43326039387,3200,75.1,2,45,2.4
729,762,10.57111597374,11.00437636761,15900.8915015479,462.0259682312,1.14947897538,0.43326039387,3200,80.1,2,45,2.4
729,759,10.57111597374,10.96498905908,15503.6385842202,451.49241111774,1.16217764111,0.39387308534,3200,85.1,2,45,2.4
,,,,,,,,3200,0.1,0.5,60,2.4
,,,,,,,,3200,5.1,0.5,60,2.4
,,,,,,,,3200,10.1,0.5,60,2.4
,,,,,,,,3200,15.1,0.5,60,2.4
732,735,10.61050328228,10.64989059081,677.72816993521,117.76359309171,0.20916238436,0.03938730853,3200,20.1,0.5,60,2.4
731,735,10.59737417943,10.64989059081,911.81162179636,136.13346745262,0.21806843836,0.05251641138,3200,25.1,0.5,60,2.4
731,735,10.59737417943,10.64989059081,889.75739123663,135.2103135078,0.24081649288,0.05251641138,3200,30.1,0.5,60,2.4
731,735,10.59737417943,10.64989059081,995.59961154766,137.94905886757,0.24723350996,0.05251641138,3200,35.1,0.5,60,2.4
732,735,10.61050328228,10.64989059081,768.37857584685,119.95490007523,0.26365829412,0.03938730853,3200,40.1,0.5,60,2.4
731,735,10.59737417943,10.64989059081,1077.15608038836,140.08554670672,0.26509086709,0.05251641138,3200,45.1,0.5,60,2.4
731,735,10.59737417943,10.64989059081,969.84566546277,137.04543935217,0.26828140601,0.05251641138,3200,50.1,0.5,60,2.4
732,736,10.61050328228,10.66301969365,975.0555406391,137.50043369176,0.2439333556,0.05251641138,3200,55.1,0.5,60,2.4
731,735,10.59737417943,10.64989059081,1047.47449918282,138.92358481469,0.28926804287,0.05251641138,3200,60.1,0.5,60,2.4
733,736,10.62363238512,10.66301969365,735.86093703142,119.08648048756,0.24906457779,0.03938730853,3200,65.1,0.5,60,2.4
733,736,10.62363238512,10.66301969365,724.5781475678,119.05948120907,0.23175110855,0.03938730853,3200,70.1,0.5,60,2.4
732,736,10.61050328228,10.66301969365,947.48965270429,136.71885517172,0.24766948027,0.05251641138,3200,75.1,0.5,60,2.4
733,737,10.62363238512,10.6761487965,999.91513415392,138.26888959218,0.24259654476,0.05251641138,3200,80.1,0.5,60,2.4
733,738,10.62363238512,10.68927789934,1215.08582966896,153.61693427113,0.24670669609,0.06564551422,3200,85.1,0.5,60,2.4
730,735,10.58424507659,10.64989059081,1427.6825514727,158.094955681,0.29691428807,0.06564551422,3200,0.1,1,60,2.4
730,735,10.58424507659,10.64989059081,1543.91657683873,160.73624514492,0.33719280591,0.06564551422,3200,5.1,1,60,2.4
730,735,10.58424507659,10.64989059081,1553.04304942012,160.90806307677,0.31938505972,0.06564551422,3200,10.1,1,60,2.4
730,736,10.58424507659,10.66301969365,2077.95983699716,180.2785513573,0.38032282279,0.07877461707,3200,15.1,1,60,2.4
730,736,10.58424507659,10.66301969365,2226.56759648796,183.56098254823,0.40878801172,0.07877461707,3200,20.1,1,60,2.4
730,736,10.58424507659,10.66301969365,2264.72493578598,184.26251959755,0.43252835214,0.07877461707,3200,25.1,1,60,2.4
730,736,10.58424507659,10.66301969365,2365.87379254913,186.25261445815,0.46048480969,0.07877461707,3200,30.1,1,60,2.4
730,736,10.58424507659,10.66301969365,2273.52050864994,184.80772313598,0.41035538619,0.07877461707,3200,35.1,1,60,2.4
729,737,10.57111597374,10.6761487965,3030.61826988839,211.92005202557,0.48764617158,0.10503282276,3200,40.1,1,60,2.4
730,737,10.58424507659,10.6761487965,2906.63704900255,203.86667340294,0.48471482256,0.09190371991,3200,45.1,1,60,2.4
730,737,10.58424507659,10.6761487965,2847.97448839575,202.53156713761,0.49719244199,0.09190371991,3200,50.1,1,60,2.4
730,738,10.58424507659,10.68927789934,2930.89000891099,210.4339061587,0.48864529427,0.10503282276,3200,55.1,1,60,2.4
730,738,10.58424507659,10.68927789934,3065.00929473314,212.21355310289,0.52290690923,0.10503282276,3200,60.1,1,60,2.4
730,738,10.58424507659,10.68927789934,3096.9910872153,213.92027525947,0.44931183629,0.10503282276,3200,65.1,1,60,2.4
730,739,10.58424507659,10.70240700219,3422.61466977725,224.89094247504,0.50513516051,0.1181619256,3200,70.1,1,60,2.4
731,740,10.59737417943,10.71553610503,3193.57310092829,220.70088664133,0.4954166896,0.1181619256,3200,75.1,1,60,2.4
731,740,10.59737417943,10.71553610503,3488.33108399973,226.84395489515,0.51977022184,0.1181619256,3200,80.1,1,60,2.4
731,742,10.59737417943,10.74179431072,3523.21292456831,238.918172764,0.42699644118,0.14442013129,3200,85.1,1,60,2.4
729,736,10.57111597374,10.66301969365,2712.195794334,199.58121378631,0.47201795649,0.09190371991,3200,0.1,1.5,60,2.4
756,760,10.92560175055,10.97811816193,917.07858194106,136.26548269871,0.22133600868,0.05251641138,3200,0.1,1.5,60,2.4
729,736,10.57111597374,10.66301969365,2900.0134550718,203.05517159023,0.48998877626,0.09190371991,3200,5.1,1.5,60,2.4
729,736,10.57111597374,10.66301969365,3046.01899112373,206.61313707111,0.48489517539,0.09190371991,3200,10.1,1.5,60,2.4
759,762,10.96498905908,11.00437636761,648.2366453336,116.91201106879,0.19636945354,0.03938730853,3200,10.1,1.5,60,2.4
729,737,10.57111597374,10.6761487965,3462.14920456113,219.99375469541,0.52283171834,0.10503282276,3200,15.1,1.5,60,2.4
755,760,10.9124726477,10.97811816193,1191.04030061046,153.25557440737,0.23452971689,0.06564551422,3200,15.1,1.5,60,2.4
729,737,10.57111597374,10.6761487965,3476.55121545471,220.07720865106,0.52916393712,0.10503282276,3200,20.1,1.5,60,2.4
755,760,10.9124726477,10.97811816193,1226.63426511246,154.09306567344,0.23026788923,0.06564551422,3200,20.1,1.5,60,2.4
729,737,10.57111597374,10.6761487965,3801.2082520056,226.6929425291,0.56300186207,0.10503282276,3200,25.1,1.5,60,2.4
755,761,10.9124726477,10.99124726477,1432.61364921092,167.94870821393,0.23386869437,0.07877461707,3200,25.1,1.5,60,2.4
729,737,10.57111597374,10.6761487965,3985.26293249695,229.90553406889,0.6222197995,0.10503282276,3200,30.1,1.5,60,2.4
754,760,10.89934354486,10.97811816193,1514.25631253139,169.41690198093,0.24834901105,0.07877461707,3200,30.1,1.5,60,2.4
729,738,10.57111597374,10.68927789934,4234.6006723884,238.91482987446,0.62941630149,0.1181619256,3200,35.1,1.5,60,2.4
754,761,10.89934354486,10.99124726477,1578.48877107352,179.72024712677,0.21814445499,0.09190371991,3200,35.1,1.5,60,2.4
729,737,10.57111597374,10.6761487965,4232.40350244654,234.61207215698,0.67901026366,0.10503282276,3200,40.1,1.5,60,2.4
754,759,10.89934354486,10.96498905908,1215.56339510692,153.8583354407,0.23228385998,0.06564551422,3200,40.1,1.5,60,2.4
729,738,10.57111597374,10.68927789934,4509.66085809812,244.07248235518,0.7048713012,0.1181619256,3200,45.1,1.5,60,2.4
754,759,10.89934354486,10.96498905908,1219.58790492938,154.05741744752,0.22560768042,0.06564551422,3200,45.1,1.5,60,2.4
729,739,10.57111597374,10.70240700219,4853.5757028848,254.49500943047,0.72498575043,0.13129102845,3200,50.1,1.5,60,2.4
752,761,10.87308533917,10.99124726477,2097.63675394179,204.82662094914,0.23284562795,0.1181619256,3200,50.1,1.5,60,2.4
729,739,10.57111597374,10.70240700219,4683.87366022685,251.67867137261,0.71236577586,0.13129102845,3200,55.1,1.5,60,2.4
729,740,10.57111597374,10.71553610503,5146.41518028176,263.11532771327,0.6542845835,0.14442013129,3200,60.1,1.5,60,2.4
729,741,10.57111597374,10.72866520788,5353.15013026454,271.34281980662,0.68736853618,0.15754923414,3200,65.1,1.5,60,2.4
730,741,10.58424507659,10.72866520788,5223.79604381229,265.17035396914,0.7047654911,0.14442013129,3200,70.1,1.5,60,2.4
730,742,10.58424507659,10.74179431072,5722.68099969801,277.70250777371,0.67996548572,0.15754923414,3200,75.1,1.5,60,2.4
730,745,10.58424507659,10.78118161926,6124.91043594782,295.53785968445,0.6627643374,0.19693654267,3200,80.1,1.5,60,2.4
730,749,10.58424507659,10.83369803063,7403.7891285841,328.02411470978,0.70906488247,0.24945295405,3200,85.1,1.5,60,2.4
729,737,10.57111597374,10.6761487965,3758.36819712926,225.42252613225,0.59580805482,0.10503282276,3200,0.1,2,60,2.4
753,760,10.88621444201,10.97811816193,1705.15602442631,181.68536304704,0.26875100327,0.09190371991,3200,0.1,2,60,2.4
729,737,10.57111597374,10.6761487965,4046.10088014992,230.6756930391,0.64977896074,0.10503282276,3200,5.1,2,60,2.4
754,760,10.89934354486,10.97811816193,1592.24275518155,171.26287995611,0.24922350966,0.07877461707,3200,5.1,2,60,2.4
729,737,10.57111597374,10.6761487965,4160.54244584743,233.29212364578,0.63886023653,0.10503282276,3200,10.1,2,60,2.4
754,761,10.89934354486,10.99124726477,1912.97895418278,186.11646400197,0.26896136118,0.09190371991,3200,10.1,2,60,2.4
729,737,10.57111597374,10.6761487965,4565.22573870717,240.84085460142,0.70439585901,0.10503282276,3200,15.1,2,60,2.4
754,761,10.89934354486,10.99124726477,1788.40532855024,183.61841251844,0.24721827195,0.09190371991,3200,15.1,2,60,2.4
729,738,10.57111597374,10.68927789934,4747.85413499855,248.30947858788,0.69317958779,0.1181619256,3200,20.1,2,60,2.4
753,761,10.88621444201,10.99124726477,2209.5132049963,198.95349652301,0.29232102374,0.10503282276,3200,20.1,2,60,2.4
729,738,10.57111597374,10.68927789934,5114.78872469547,254.85386652533,0.77651521516,0.1181619256,3200,25.1,2,60,2.4
752,763,10.87308533917,11.01750547046,2869.54203313681,230.19451366915,0.30160482008,0.14442013129,3200,25.1,2,60,2.4
729,738,10.57111597374,10.68927789934,5228.20382233311,257.2997850066,0.82131963443,0.1181619256,3200,30.1,2,60,2.4
754,762,10.89934354486,11.00437636761,2206.18399288401,198.88175223796,0.28073603723,0.10503282276,3200,30.1,2,60,2.4
729,739,10.57111597374,10.70240700219,5862.79421647415,271.78248378605,0.84950161196,0.13129102845,3200,35.1,2,60,2.4
752,763,10.87308533917,11.01750547046,2951.41520720381,232.00310247221,0.30456418254,0.14442013129,3200,35.1,2,60,2.4
729,739,10.57111597374,10.70240700219,5737.10910243565,269.55142459065,0.77694806907,0.13129102845,3200,40.1,2,60,2.4
752,763,10.87308533917,11.01750547046,2864.58726914756,230.37168623364,0.29489230701,0.14442013129,3200,40.1,2,60,2.4
728,740,10.5579868709,10.71553610503,6314.44671958673,285.9290802064,0.82406505852,0.15754923414,3200,45.1,2,60,2.4
751,763,10.85995623632,11.01750547046,3008.53868937885,238.76279307633,0.28133489831,0.15754923414,3200,45.1,2,60,2.4
728,740,10.5579868709,10.71553610503,6513.55174810384,289.56693979185,0.86226621299,0.15754923414,3200,50.1,2,60,2.4
751,761,10.85995623632,10.99124726477,2591.98016086231,219.81993443389,0.25809804259,0.13129102845,3200,50.1,2,60,2.4
729,741,10.57111597374,10.72866520788,6678.68906048535,292.38991996186,0.86044909188,0.15754923414,3200,55.1,2,60,2.4
751,761,10.85995623632,10.99124726477,2484.66042527132,218.04745117731,0.26555734404,0.13129102845,3200,55.1,2,60,2.4
729,742,10.57111597374,10.74179431072,7035.44160056949,301.25905397102,0.9178351633,0.17067833698,3200,60.1,2,60,2.4
750,762,10.84682713348,11.00437636761,3085.52251990561,240.640746524,0.26700443104,0.15754923414,3200,60.1,2,60,2.4
729,743,10.57111597374,10.75492341357,7494.95607164845,311.3870565321,0.89617767095,0.18380743982,3200,65.1,2,60,2.4
752,761,10.87308533917,10.99124726477,2190.93371654768,206.35534623699,0.2489747183,0.1181619256,3200,65.1,2,60,2.4
729,744,10.57111597374,10.76805251641,7874.09086980409,320.14574722696,0.90078727122,0.19693654267,3200,70.1,2,60,2.4
751,761,10.85995623632,10.99124726477,2304.39692826852,215.28655469572,0.23634949925,0.13129102845,3200,70.1,2,60,2.4
729,755,10.57111597374,10.9124726477,10529.1560908834,386.75870193269,0.94244571137,0.34135667396,3200,75.1,2,60,2.4
730,756,10.58424507659,10.92560175055,10747.6392655152,389.1728962059,0.86413361949,0.34135667396,3200,80.1,2,60,2.4
729,751,10.57111597374,10.85995623632,10376.5464721328,373.96442348211,0.86521401674,0.28884026258,3200,85.1,2,60,2.4
,,,,,,,,3200,0.1,0.5,85,2.4
,,,,,,,,3200,5.1,0.5,85,2.4
,,,,,,,,3200,10.1,0.5,85,2.4
,,,,,,,,3200,15.1,0.5,85,2.4
,,,,,,,,3200,20.1,0.5,85,2.4
,,,,,,,,3200,25.1,0.5,85,2.4
,,,,,,,,3200,30.1,0.5,85,2.4
,,,,,,,,3200,35.1,0.5,85,2.4
,,,,,,,,3200,40.1,0.5,85,2.4
,,,,,,,,3200,45.1,0.5,85,2.4
,,,,,,,,3200,50.1,0.5,85,2.4
,,,,,,,,3200,55.1,0.5,85,2.4
,,,,,,,,3200,60.1,0.5,85,2.4
,,,,,,,,3200,65.1,0.5,85,2.4
,,,,,,,,3200,70.1,0.5,85,2.4
,,,,,,,,3200,75.1,0.5,85,2.4
,,,,,,,,3200,80.1,0.5,85,2.4
,,,,,,,,3200,85.1,0.5,85,2.4
730,735,10.58424507659,10.64989059081,1642.54825565169,162.51130518477,0.36928289827,0.06564551422,3200,0.1,1,85,2.4
730,735,10.58424507659,10.64989059081,1699.88206962657,164.4265685627,0.37205102696,0.06564551422,3200,5.1,1,85,2.4
730,735,10.58424507659,10.64989059081,1597.98551813518,161.91334500634,0.35102449722,0.06564551422,3200,10.1,1,85,2.4
730,735,10.58424507659,10.64989059081,1562.71739412768,161.20240718884,0.34446016931,0.06564551422,3200,15.1,1,85,2.4
730,735,10.58424507659,10.64989059081,1690.91911276187,164.31728218745,0.34908958367,0.06564551422,3200,20.1,1,85,2.4
730,735,10.58424507659,10.64989059081,1748.14258780771,165.5287769999,0.35668857725,0.06564551422,3200,25.1,1,85,2.4
730,735,10.58424507659,10.64989059081,1564.35788217125,161.24952743268,0.34410238348,0.06564551422,3200,30.1,1,85,2.4
730,735,10.58424507659,10.64989059081,1484.52460919602,159.9054030275,0.27553721272,0.06564551422,3200,35.1,1,85,2.4
731,735,10.59737417943,10.64989059081,1288.91431877642,145.24768743826,0.32554919842,0.05251641138,3200,40.1,1,85,2.4
730,735,10.58424507659,10.64989059081,1413.95102491996,157.80919137921,0.3013485332,0.06564551422,3200,45.1,1,85,2.4
730,735,10.58424507659,10.64989059081,1333.82168197894,156.28904475276,0.25705274022,0.06564551422,3200,50.1,1,85,2.4
731,735,10.59737417943,10.64989059081,1056.90240820219,139.73555262803,0.25558803418,0.05251641138,3200,55.1,1,85,2.4
732,735,10.61050328228,10.64989059081,780.85833409862,120.67346896618,0.24615719132,0.03938730853,3200,60.1,1,85,2.4
732,735,10.61050328228,10.64989059081,771.24779119412,120.40444754924,0.24823785103,0.03938730853,3200,65.1,1,85,2.4
,,,,,,,,3200,70.1,1,85,2.4
,,,,,,,,3200,75.1,1,85,2.4
,,,,,,,,3200,80.1,1,85,2.4
,,,,,,,,3200,85.1,1,85,2.4
729,736,10.57111597374,10.66301969365,2869.37153711802,202.65672956932,0.49547046085,0.09190371991,3200,0.1,1.5,85,2.4
754,760,10.89934354486,10.97811816193,1350.47849710497,166.2588781835,0.22189082178,0.07877461707,3200,0.1,1.5,85,2.4
729,736,10.57111597374,10.66301969365,2938.21179703151,204.00442067054,0.47444924316,0.09190371991,3200,5.1,1.5,85,2.4
756,760,10.92560175055,10.97811816193,900.55834916213,135.52552327057,0.24071454608,0.05251641138,3200,5.1,1.5,85,2.4
729,736,10.57111597374,10.66301969365,3066.61837149743,206.73989326425,0.50345618527,0.09190371991,3200,10.1,1.5,85,2.4
756,761,10.92560175055,10.99124726477,1079.09310301995,150.84980909172,0.20967777585,0.06564551422,3200,10.1,1.5,85,2.4
729,736,10.57111597374,10.66301969365,3009.06924135645,205.51291707053,0.50513344993,0.09190371991,3200,15.1,1.5,85,2.4
755,759,10.9124726477,10.96498905908,827.27032492991,134.11385233214,0.18412324903,0.05251641138,3200,15.1,1.5,85,2.4
729,736,10.57111597374,10.66301969365,3018.71428235238,206.23320750636,0.47044532494,0.09190371991,3200,20.1,1.5,85,2.4
729,736,10.57111597374,10.66301969365,2735.69019533408,199.84489246565,0.46498828146,0.09190371991,3200,25.1,1.5,85,2.4
756,760,10.92560175055,10.97811816193,968.85898421101,137.43731704504,0.22991696653,0.05251641138,3200,25.1,1.5,85,2.4
729,736,10.57111597374,10.66301969365,2851.49475681626,202.39893773325,0.49687530766,0.09190371991,3200,30.1,1.5,85,2.4
756,759,10.92560175055,10.96498905908,683.01800850101,117.87666541527,0.21583613289,0.03938730853,3200,30.1,1.5,85,2.4
729,736,10.57111597374,10.66301969365,2781.74569758301,201.05069116563,0.49090687356,0.09190371991,3200,35.1,1.5,85,2.4
729,736,10.57111597374,10.66301969365,2626.63718306531,198.16495527453,0.4166027179,0.09190371991,3200,40.1,1.5,85,2.4
756,760,10.92560175055,10.97811816193,864.97866714856,135.02482013732,0.19829280407,0.05251641138,3200,40.1,1.5,85,2.4
730,736,10.58424507659,10.66301969365,2286.25283651118,184.79725153808,0.4282073599,0.07877461707,3200,45.1,1.5,85,2.4
730,737,10.58424507659,10.6761487965,2363.23833734844,193.06239603738,0.41298223602,0.09190371991,3200,50.1,1.5,85,2.4
730,737,10.58424507659,10.6761487965,2361.09206090659,193.22891310243,0.40545179778,0.09190371991,3200,55.1,1.5,85,2.4
730,736,10.58424507659,10.66301969365,2128.29401513275,181.73557895713,0.37065645528,0.07877461707,3200,60.1,1.5,85,2.4
731,736,10.59737417943,10.66301969365,1641.67825994325,163.1905914717,0.32939361755,0.06564551422,3200,65.1,1.5,85,2.4
731,737,10.59737417943,10.6761487965,1800.52066024326,174.83437533801,0.3323547124,0.07877461707,3200,70.1,1.5,85,2.4
731,737,10.59737417943,10.6761487965,1813.41989626064,175.0687539323,0.37099464051,0.07877461707,3200,75.1,1.5,85,2.4
732,738,10.61050328228,10.68927789934,1655.31552939662,171.67253773042,0.34229626498,0.07877461707,3200,80.1,1.5,85,2.4
731,739,10.59737417943,10.70240700219,2033.11814976015,194.94764888313,0.31045032021,0.10503282276,3200,85.1,1.5,85,2.4
729,737,10.57111597374,10.6761487965,4053.87323705704,231.05424407535,0.63574596424,0.10503282276,3200,0.1,2,85,2.4
753,762,10.88621444201,11.00437636761,2381.65658497728,209.6084894205,0.26159136343,0.1181619256,3200,0.1,2,85,2.4
729,737,10.57111597374,10.6761487965,4134.83874731096,232.46298806722,0.67267778143,0.10503282276,3200,5.1,2,85,2.4
753,762,10.88621444201,11.00437636761,2426.47529389834,209.96097529238,0.28359244125,0.1181619256,3200,5.1,2,85,2.4
729,737,10.57111597374,10.6761487965,4104.88550645326,231.61983781013,0.67973287783,0.10503282276,3200,10.1,2,85,2.4
753,762,10.88621444201,11.00437636761,2382.72771025508,209.01673924472,0.29965219521,0.1181619256,3200,10.1,2,85,2.4
728,737,10.5579868709,10.6761487965,4444.91713784843,242.51340919959,0.66877867617,0.1181619256,3200,15.1,2,85,2.4
754,763,10.89934354486,11.01750547046,2475.35354167568,210.52616304396,0.2871816042,0.1181619256,3200,15.1,2,85,2.4
729,737,10.57111597374,10.6761487965,4066.59878806438,231.16915450702,0.61494949043,0.10503282276,3200,20.1,2,85,2.4
753,762,10.88621444201,11.00437636761,2328.03900056922,208.6029481009,0.27264135337,0.1181619256,3200,20.1,2,85,2.4
729,737,10.57111597374,10.6761487965,3990.22790714306,229.57559832124,0.63566599571,0.10503282276,3200,25.1,2,85,2.4
755,762,10.9124726477,11.00437636761,1802.38670457547,183.68335794034,0.26390232881,0.09190371991,3200,25.1,2,85,2.4
729,737,10.57111597374,10.6761487965,3915.01261238644,228.6710002763,0.60944647507,0.10503282276,3200,30.1,2,85,2.4
755,762,10.9124726477,11.00437636761,1761.29013502062,182.83033089705,0.2609967866,0.09190371991,3200,30.1,2,85,2.4
729,737,10.57111597374,10.6761487965,3932.95432650757,228.74769515553,0.64069975792,0.10503282276,3200,35.1,2,85,2.4
754,761,10.89934354486,10.99124726477,1828.62392949652,184.51702154708,0.25211404202,0.09190371991,3200,35.1,2,85,2.4
729,737,10.57111597374,10.6761487965,3866.85503690349,227.56944893684,0.63016499672,0.10503282276,3200,40.1,2,85,2.4
754,759,10.89934354486,10.96498905908,1266.72135042049,154.83860551545,0.24980195379,0.06564551422,3200,40.1,2,85,2.4
729,738,10.57111597374,10.68927789934,3999.75810278223,234.32827389363,0.61488290636,0.1181619256,3200,45.1,2,85,2.4
757,760,10.93873085339,10.97811816193,718.05571765796,118.86858779472,0.22398576913,0.03938730853,3200,45.1,2,85,2.4
730,738,10.58424507659,10.68927789934,3480.87480255825,220.18346112766,0.55679005195,0.10503282276,3200,50.1,2,85,2.4
756,759,10.92560175055,10.96498905908,630.65513899425,116.43420818958,0.18909785789,0.03938730853,3200,50.1,2,85,2.4
730,737,10.58424507659,10.6761487965,3104.34854329207,207.74574602926,0.53287647595,0.09190371991,3200,55.1,2,85,2.4
729,738,10.57111597374,10.68927789934,3573.15851019719,227.48869866385,0.50012822833,0.1181619256,3200,60.1,2,85,2.4
730,739,10.58424507659,10.70240700219,3451.0956895039,225.20452986332,0.50470707569,0.1181619256,3200,65.1,2,85,2.4
730,739,10.58424507659,10.70240700219,3238.30838743639,221.42743435924,0.53554045097,0.1181619256,3200,70.1,2,85,2.4
730,739,10.58424507659,10.70240700219,3173.18564451049,220.97520387426,0.46856622224,0.1181619256,3200,75.1,2,85,2.4
731,739,10.59737417943,10.70240700219,2881.64253853238,209.60667991829,0.4817033262,0.10503282276,3200,80.1,2,85,2.4
731,742,10.59737417943,10.74179431072,3622.46901174323,240.65804519933,0.40108872099,0.14442013129,3200,85.1,2,85,2.4
