phi,flux,t,flux_err
0.0,642.4481100929237,1331.760794219078,5.800927
0.02484506078771242,643.6044930771056,1331.7621831368283,5.800927
0.0496901215835594,647.2055837112094,1331.763572054579,5.800927
0.07453518239567547,647.2213646982523,1331.7649609723308,5.800927
0.0993802431833879,645.1455033031488,1331.766349890081,5.800927
0.12422530396703305,643.6262107183993,1331.7677388078312,5.800927
0.1490703606142578,635.4651434271509,1331.76912772535,5.800927
0.1739154214223066,645.0357381249647,1331.7705166431015,5.800927
0.19876048221001905,637.7956629156473,1331.7719055608518,5.800927
0.22360554299773144,644.7202889496203,1331.773294478602,5.800927
0.2484506038098475,641.9359911931627,1331.7746833963538,5.800927
0.2732956646056945,640.1196845415864,1331.7760723141046,5.800927
0.2981407253934069,642.9656206723956,1331.7774612318549,5.800927
0.32298578202436257,644.5663694795802,1331.7788501493728,5.800927
0.34783084283647864,643.6243668522736,1331.7802390671245,5.800927
0.3726759036363929,640.3261822971026,1331.7816279848755,5.800927
0.3975209644200381,619.6093645662834,1331.7830169026256,5.800927
0.4223660252199523,636.3794826546275,1331.7844058203766,5.800927
0.4720561426508222,635.5704423694488,1331.7871836556455,5.800927
0.4969012034507364,634.8051205466272,1331.7885725733966,5.800927
0.5217462642343816,630.0540658078229,1331.7899614911466,5.800927
0.5714363816815206,647.0039525288032,1331.7927393264165,5.800927
0.5962814424814348,640.7804691994415,1331.7941282441675,5.800927
0.6211265032650799,648.2302158289083,1331.7955171619176,5.800927
0.6459715640649942,645.873041590654,1331.7969060796686,5.800927
0.670816620712219,651.0010147543733,1331.7982949971874,5.800927
0.7205067422835766,650.1406970448509,1331.8010728326879,5.800927
0.7453518030916254,660.4665341168926,1331.8024617504393,5.800927
0.7701968597388501,675.2602665293415,1331.8038506679582,5.800927
0.7950419205265624,666.1897055634504,1331.8052395857085,5.800927
0.8198869813102077,678.3701743129499,1331.8066285034586,5.800927
0.8447320379574325,686.7775934986353,1331.8080174209774,5.800927
0.8695770987573466,700.7171092648649,1331.8094063387284,5.800927
0.8944221595409918,721.7394751089763,1331.8107952564785,5.800927
0.919267220340906,749.768004848018,1331.8121841742295,5.800927
0.9441122769718616,792.2399300341542,1331.8135730917475,5.800927
0.9689573377717758,810.9938509572843,1331.8149620094985,5.800927
0.9938023985716902,856.2610697541243,1331.8163509272495,5.800927
1.018647455202646,881.628847102764,1331.8177398447674,5.800927
1.04349251600256,893.4517790256955,1331.8191287625184,5.800927
1.0683375768024743,899.8380030506564,1331.8205176802694,5.800927
1.09318263343343,901.5934119294398,1331.8219065977873,5.800927
1.1180276942211422,882.9389386389785,1331.8232955155377,5.800927
1.1428727508520982,889.8702977319459,1331.8246844330556,5.800927
1.1677178116642142,878.9928238996015,1331.8260733508073,5.800927
1.1925628724641284,858.4494506290612,1331.8274622685583,5.800927
1.2174079290828823,861.2488350454513,1331.8288511860756,5.800927
1.2422529898827963,852.0792005227927,1331.8302401038266,5.800927
1.2670980465300212,856.3102899557733,1331.8316290213454,5.800927
1.2919431073136665,835.5230285276238,1331.8330179390955,5.800927
1.3167881681013789,841.4089379191728,1331.8344068568458,5.800927
1.3416332247486036,841.3142035283031,1331.8357957743647,5.800927
1.3664782855444504,840.2719008653837,1331.8371846921154,5.800927
1.3913233421672715,828.3975035156143,1331.838573609633,5.800927
1.4658585204102577,825.0214450325196,1331.8427403626536,5.800927
1.4907035811939031,821.3706280008946,1331.8441292804036,5.800927
1.5155486378289256,828.0729988212853,1331.8455181979218,5.800927
1.5403936986288402,812.9828018831172,1331.8469071156728,5.800927
1.5652387552597955,816.2938812925792,1331.8482960331908,5.800927
1.5900838160597095,815.4984207762822,1331.8496849509418,5.800927
1.6149288726947326,816.0575981629664,1331.85107386846,5.800927
1.6397739334905794,810.3593487253058,1331.8524627862107,5.800927
1.6646189901256028,792.6113096997881,1331.8538517037289,5.800927
1.6894640509255168,800.082885388129,1331.8552406214799,5.800927
1.714309107548338,787.3484114026812,1331.8566295389974,5.800927
1.7391541683441851,791.0780478947548,1331.8580184567481,5.800927
1.7639992249914096,796.9801625488242,1331.859407374267,5.800927
1.7888442857791218,794.9425656113954,1331.8607962920173,5.800927
1.813689342397876,782.3340237415863,1331.8621852095346,5.800927
1.8385344032059243,771.2137323486162,1331.863574127286,5.800927
1.8633794598531492,776.1425950663121,1331.8649630448049,5.800927
1.8882245164759703,774.2679402651321,1331.8663519623224,5.800927
1.9130695772636828,779.3118023263077,1331.8677408800727,5.800927
1.9379146339068405,758.0374743965942,1331.8691297975913,5.800927
1.9627596947067545,769.1523401446011,1331.8705187153423,5.800927
1.987604751329576,754.4604618200003,1331.8719076328598,5.800927
2.0124498121254226,773.3351141340437,1331.8732965506106,5.800927
2.037294868772648,752.8976174329634,1331.8746854681294,5.800927
2.0621399254036032,742.3117710274146,1331.8760743856474,5.800927
2.086984986191316,748.0450836843953,1331.8774633033977,5.800927
2.1118300428263383,739.9433586057678,1331.8788522209159,5.800927
2.1366751036262532,743.0960496227101,1331.8802411386669,5.800927
2.1615201602572083,734.8592105678018,1331.8816300561848,5.800927
2.186365216888164,736.3049579206545,1331.8830189737027,5.800927
2.2112102776758764,737.0194444634815,1331.884407891453,5.800927
2.2360553343108998,733.8439481630901,1331.8857968089712,5.800927
2.2609003909540566,735.948114153054,1331.8871857264899,5.800927
2.2857454517539706,726.5297838571935,1331.8885746442409,5.800927
2.310590508376792,726.6528856279841,1331.8899635617583,5.800927
2.335435565011815,731.9462870930224,1331.8913524792765,5.800927
2.3602806258198643,721.7589465436772,1331.892741397028,5.800927
2.385125682442685,719.0881356032583,1331.8941303145455,5.800927
2.409970739061439,712.3434771343871,1331.8955192320627,5.800927
2.4348157998735553,713.2759003373752,1331.8969081498144,5.800927
2.45966085652078,710.2026163469054,1331.8982970673333,5.800927
2.4845059131436007,715.6327284202691,1331.8996859848507,5.800927
2.509350973927246,703.6311235577798,1331.9010749026008,5.800927
2.53419603057447,710.1166902849237,1331.9024638201197,5.800927
2.559041087209493,699.4284806154664,1331.9038527376379,5.800927
2.583886143828247,709.1206319588666,1331.9052416551551,5.800927
2.6087312046281617,699.7668104099922,1331.9066305729061,5.800927
2.6335762612591167,699.0517635074822,1331.908019490424,5.800927
2.6584213178941405,704.4151189376472,1331.9094084079422,5.800927
2.6832663745291634,695.2496267504422,1331.9107973254604,5.800927
2.70811143532501,697.6372432860827,1331.9121862432112,5.800927
2.7329564919600333,691.4604593185823,1331.9135751607294,5.800927
2.757801548595056,688.7194386277054,1331.9149640782475,5.800927
2.7826466052260117,683.6255238817622,1331.9163529957655,5.800927
2.8074916660137244,689.7633459674496,1331.9177419135158,5.800927
2.8323367226446794,695.4228552531044,1331.9191308310337,5.800927
2.8571817792919045,681.7624074512022,1331.9205197485526,5.800927
2.88202683592286,693.7421132461056,1331.9219086660705,5.800927
2.931716953345596,693.3663446714302,1331.924686501339,5.800927
2.9565620099887533,681.4496319681549,1331.9260754188576,5.800927
2.9814070666115735,679.8269633454335,1331.9274643363751,5.800927
3.03109717988162,687.6015035501563,1331.9302421714115,5.800927
3.055942236524777,695.0871089111497,1331.93163108893,5.800927
3.0807872973124897,691.4740934010797,1331.9330200066804,5.800927
3.1056323539312434,671.904792476745,1331.9344089241977,5.800927
3.1304774105784685,675.1654595515331,1331.9357978417165,5.800927
3.1553224672134914,685.8118763502756,1331.9371867592347,5.800927
3.1801675238322447,679.6173509580426,1331.938575676752,5.800927
3.2050125804672684,683.6280156762701,1331.9399645942701,5.800927
3.2298576371022905,675.9883885524563,1331.9413535117883,5.800927
3.2547026937332464,686.3019690914521,1331.9427424293062,5.800927
3.2795477503682693,674.4793827966666,1331.9441313468244,5.800927
3.304392811168184,672.2356956419982,1331.9455202645754,5.800927
3.3292378677991383,667.7513027294464,1331.9469091820933,5.800927
3.3540829244341626,662.9867476808778,1331.9482980996115,5.800927
3.378927981069185,674.9871659881466,1331.9496870171297,5.800927
3.4037730376879387,662.0190037882584,1331.951075934647,5.800927
3.4286180943229616,671.5200911262623,1331.9524648521651,5.800927
3.4534631509701867,666.7278158054218,1331.953853769684,5.800927
3.4783082076011427,670.2393040753058,1331.955242687202,5.800927
3.503153264223963,661.9057077669906,1331.9566316047194,5.800927
3.5279983208549197,658.3813986563673,1331.9580205222373,5.800927
3.5528433775021435,659.3565124383913,1331.9594094397562,5.800927
3.577688434124965,663.1500884061137,1331.9607983572737,5.800927
3.6025334907437188,663.3497179208988,1331.962187274791,5.800927
3.627378547390943,657.167257336791,1331.9635761923098,5.800927
3.6522236040259664,669.3046727623432,1331.964965109828,5.800927
3.67706866064472,662.715880918461,1331.9663540273452,5.800927
3.701913717279744,662.733946442608,1331.9677429448634,5.800927
3.726758773926968,656.0881717725997,1331.9691318623823,5.800927
3.751603830557923,658.9667192584277,1331.9705207799002,5.800927
3.8012939438117,657.6600141006395,1331.9732986149356,5.800927
3.826139000446723,655.7076419744077,1331.9746875324538,5.800927
3.850984057081746,658.9482339915772,1331.976076449972,5.800927
3.875829113712701,660.6584421932714,1331.97746536749,5.800927
3.900674170347724,649.3695551803082,1331.978854285008,5.800927
3.925519226982748,651.7216241411328,1331.9802432025263,5.800927
3.950364283613703,651.8073349747394,1331.9816321200442,5.800927
4.0000543968674815,646.9659434841801,1331.9844099550796,5.800927
4.024899453502503,650.5860198149321,1331.9857988725978,5.800927
4.049744505984836,651.550696977853,1331.9871877898838,5.800927
4.07458956260359,645.4145657784672,1331.988576707401,5.800927
4.099434619226411,653.8479379329377,1331.9899656249186,5.800927
4.124279675873636,654.0794731860876,1331.9913545424374,5.800927
4.1491247325208604,658.7958375499069,1331.9927434599563,5.800927
4.1739697891396155,648.52219653035,1331.9941323774735,5.800927
4.198814845762436,642.4271468319298,1331.995521294991,5.800927
4.223659902405593,650.3550650542545,1331.9969102125096,5.800927
4.248504959040616,636.4834563899252,1331.9982991300278,5.800927
4.273350011494478,638.8217339577677,1331.9996880473122,5.800927
4.298195068129502,641.0621711377926,1332.0010769648304,5.800927
4.3230401247767265,645.4873721622157,1332.0024658823493,5.800927
4.3478851814117485,652.3268396855204,1332.0038547998674,5.800927
4.372730238030503,651.6172043159354,1332.0052437173847,5.800927
4.42242034713159,644.7989495945277,1332.008021552188,5.800927
4.472110460401637,644.2707048812854,1332.0107993872243,5.800927
4.496955517032592,649.536372431244,1332.0121883047423,5.800927
4.5218005736676155,642.2404048463345,1332.0135772222604,5.800927
4.546645626137746,650.8854924559641,1332.0149661395458,5.800927
4.571490682768702,652.5694180739019,1332.0163550570637,5.800927
4.596335739391524,635.2774152769139,1332.0177439745812,5.800927
4.621180796026546,638.8360260275933,1332.0191328920994,5.800927
4.646025848504811,640.7904200183782,1332.0205218093852,5.800927
4.670870905127632,637.1407229984442,1332.0219107269027,5.800927
4.695715961750454,643.9142822788912,1332.0232996444201,5.800927
4.720561018393613,644.2269462309605,1332.0246885619388,5.800927
4.745406070875945,641.9554275757454,1332.0260774792248,5.800927
4.770251127494699,638.3203113982031,1332.027466396742,5.800927
4.7950961841175195,643.3493118635455,1332.0288553142595,5.800927
4.819941240764745,645.3067157771749,1332.0302442317784,5.800927
4.8447862932308094,644.3895495851579,1332.0316331490635,5.800927
4.86963134985363,650.3843178551426,1332.033022066581,5.800927
4.8944764064886535,645.7071642902124,1332.0344109840992,5.800927
4.919321458966919,643.9180320524831,1332.035799901385,5.800927
4.944166515601942,632.0928563097077,1332.0371888189031,5.800927
4.969011572220696,642.014360017347,1332.0385777364204,5.800927
5.01870168132585,636.8463439743603,1332.041355571224,5.800927
5.043546737956807,638.6026702242493,1332.0427444887418,5.800927
5.068391790426936,645.0809373093113,1332.0441334060272,5.800927
5.0932368470497575,636.8053282550746,1332.0455223235447,5.800927
5.118081903684782,638.609963706068,1332.0469112410628,5.800927
5.142926956163048,625.5025495430294,1332.0483001583486,5.800927
5.167772012798071,635.873117267616,1332.0496890758668,5.800927
5.192617069420892,640.2276664734964,1332.0510779933843,5.800927
5.217462121886956,635.6039364825308,1332.0524669106694,5.800927
5.2423071785341815,646.8399611758132,1332.0538558281883,5.800927
5.267152230992112,636.3533657393464,1332.055244745473,5.800927
5.291997287610863,638.3024997546968,1332.0566336629902,5.800927
5.316842344258089,638.1732290638058,1332.058022580509,5.800927
5.341687396736357,638.5109915736157,1332.0594114977948,5.800927
5.366532453359176,640.4710903568365,1332.0608004153123,5.800927
5.391377505817107,635.3472579871286,1332.062189332597,5.800927
5.416222562460264,644.3098159716865,1332.0635782501156,5.800927
5.441067614930396,640.6477400422067,1332.064967167401,5.800927
5.465912671553217,641.7254475068328,1332.0663560849184,5.800927
5.490757728184172,647.0023283896088,1332.0677450024364,5.800927
5.515602780654304,637.5018617637212,1332.0691339197217,5.800927
5.540447837289326,643.8779000422777,1332.0705228372399,5.800927
5.565292889755392,642.5833700507069,1332.071911754525,5.800927
5.5901379463904135,648.3093601533079,1332.0733006720432,5.800927
5.614982998860547,637.6200078332662,1332.0746895893285,5.800927
5.6398280554915035,641.5030370016697,1332.0760785068464,5.800927
5.664673107957566,631.3667061318599,1332.0774674241316,5.800927
5.689518164580387,643.2385389143335,1332.078856341649,5.800927
5.714363217050518,637.550724547307,1332.0802452589344,5.800927
5.7392082736936745,642.8384821666367,1332.081634176453,5.800927
5.7640533261638085,630.1846408317017,1332.0830230937383,5.800927
5.78889838278663,645.7198838242425,1332.0844120112558,5.800927
5.81374343525676,642.8667671187712,1332.0858009285412,5.800927
5.838588491899919,633.1083962837376,1332.0871898460598,5.800927
5.863433544357848,630.5669176164475,1332.0885787633445,5.800927
5.8882786009766015,647.6736842874805,1332.0899676808617,5.800927
5.913123653458934,642.6541195542022,1332.0913565981477,5.800927
5.937968705941267,635.4071113960516,1332.0927455154338,5.800927
5.962813762564089,650.1728591810737,1332.0941344329513,5.800927
5.987658815017952,643.9997926100834,1332.0955233502357,5.800927
6.012503871665176,643.869815936353,1332.0969122677545,5.800927
6.037348924135308,639.9581956150363,1332.0983011850399,5.800927
6.062193980754062,635.3586580335757,1332.0996901025571,5.800927
6.087039033224193,643.5926668185887,1332.1010790198425,5.800927
6.111884085690257,649.110277382134,1332.1024679371276,5.800927
6.161574194795412,640.5008857435207,1332.105245771931,5.800927
6.186419247261476,640.1250831643704,1332.1066346892162,5.800927
6.211264303896499,641.0625033086541,1332.1080236067344,5.800927
6.236109356366629,641.1142904333884,1332.1094125240197,5.800927
6.260954412997585,639.7322265030192,1332.1108014415377,5.800927
6.285799465455518,631.7896052124908,1332.1121903588223,5.800927
6.310644517921581,640.8585757324397,1332.1135792761074,5.800927
6.335489574568805,639.1055284465398,1332.1149681936263,5.800927
6.360334627038936,626.6031066780157,1332.1163571109116,5.800927
6.385179679492799,633.1107242418558,1332.117746028196,5.800927
6.410024736127823,639.6320605589303,1332.1191349457142,5.800927
6.43486978860609,649.4642550014207,1332.120523863,5.800927
6.459714841064018,640.1517642692219,1332.1219127802847,5.800927
6.48455989768684,637.4220313338806,1332.1233016978022,5.800927
6.509404950169173,636.9074092778568,1332.1246906150882,5.800927
6.534250002635236,637.3169141594839,1332.1260795323733,5.800927
6.559095055093168,639.7392035394681,1332.127468449658,5.800927
6.5839401117241225,639.9504377690911,1332.128857367176,5.800927
6.608785164206456,629.2634011054065,1332.130246284462,5.800927
6.633630216676588,637.2340445899348,1332.1316352017473,5.800927
6.6584752691304505,635.0388054009052,1332.1330241190317,5.800927
6.6833203257654725,642.5108616832089,1332.1344130365499,5.800927
6.708165378235606,627.8265339423297,1332.1358019538352,5.800927
6.733010430701669,628.8353630545217,1332.1371908711203,5.800927
6.7578554831718005,638.1112577495293,1332.1385797884057,5.800927
6.7827005398068225,634.1271771626945,1332.1399687059238,5.800927
6.807545592272887,631.4965859443332,1332.141357623209,5.800927
6.832390644743018,648.2523847858066,1332.1427465404943,5.800927
6.8572356972131505,633.8668079073659,1332.1441354577796,5.800927
6.882080749667013,630.8002511260072,1332.145524375064,5.800927
6.906925806302036,636.9054465973122,1332.1469132925822,5.800927
6.931770858784369,630.7649872666842,1332.1483022098682,5.800927
6.9566159112504335,634.9973569776198,1332.1496911271533,5.800927
6.981460963708364,626.5530730823742,1332.151080044438,5.800927
7.0063060161744275,635.1761121554755,1332.1524689617231,5.800927
7.031151072821653,632.8486120699323,1332.153857879242,5.800927
7.055996125279582,641.7504667655919,1332.1552467965266,5.800927
7.080841177733443,643.6947508636496,1332.156635713811,5.800927
7.1056862302157775,646.0436132595573,1332.158024631097,5.800927
7.1305312826859115,643.0533698200418,1332.1594135483824,5.800927
7.1553763351397714,631.1622230532793,1332.1608024656668,5.800927
7.180221387609904,632.3998079506657,1332.1621913829522,5.800927
7.205066444257128,638.7803803791195,1332.163580300471,5.800927
7.229911496723193,632.7676608786837,1332.1649692177562,5.800927
7.2547565491811214,640.0070121772901,1332.1663581350408,5.800927
7.279601601647188,636.6715085715341,1332.167747052326,5.800927
7.304446654117318,646.3531711901053,1332.1691359696113,5.800927
7.32929170658745,633.8122355088373,1332.1705248868966,5.800927
7.354136759053516,638.0577176932311,1332.1719138041817,5.800927
7.378981811523647,633.9493432444773,1332.173302721467,5.800927
7.403826863993777,643.2862920513919,1332.1746916387524,5.800927
7.428671916459843,632.5779502771603,1332.1760805560375,5.800927
7.453516968929974,638.3377335344258,1332.1774694733228,5.800927
7.478362025548727,641.476519404396,1332.17885839084,5.800927
7.503207078018859,633.0406845996049,1332.1802473081254,5.800927
7.528052130501193,642.6317824468176,1332.1816362254115,5.800927
7.552897182955054,642.1989013378296,1332.183025142696,5.800927
7.577742235412984,632.7985523233257,1332.1844140599806,5.800927
7.602587287895317,635.9928624025067,1332.1858029772666,5.800927
7.627432340377651,635.7557023819811,1332.1871918945526,5.800927
7.652277392831514,636.0653381711468,1332.188580811837,5.800927
7.677122445289442,638.6793330538577,1332.1899697291217,5.800927
7.7019674977677095,637.2387956637452,1332.1913586464075,5.800927
7.726812550237843,637.8330771776964,1332.1927475636928,5.800927
7.751657602691704,638.0908356961362,1332.1941364809772,5.800927
7.80134770764417,633.2399571640883,1332.1969143155486,5.800927
7.8261927601143,640.68514586319,1332.198303232834,5.800927
7.851037812568164,641.1950420210701,1332.1996921501184,5.800927
7.875882865038295,639.7418099192928,1332.2010810674037,5.800927
7.900727913339468,633.6405092253073,1332.202469984456,5.800927
7.925572965809599,629.4743877594441,1332.2038589017413,5.800927
7.9504180182797315,646.1149011464555,1332.2052478190267,5.800927
7.975263070745796,639.5909753097343,1332.2066367363118,5.800927
8.02495317568606,619.4105024805854,1332.2094145708825,5.800927
8.049798228152124,632.7445440821554,1332.2108034881676,5.800927
8.074643280610053,636.6918322939374,1332.2121924054522,5.800927
8.099488333080185,637.4509678340772,1332.2135813227376,5.800927
8.124333385558451,637.2675476902898,1332.2149702400234,5.800927
8.14917843801638,629.3319921983345,1332.216359157308,5.800927
8.17402349047431,637.2119180189918,1332.2177480745927,5.800927
8.198868538787687,626.023280677367,1332.2191369916457,5.800927
8.223713591270018,635.9204866804666,1332.2205259089317,5.800927
8.24855864372388,633.5242500740568,1332.221914826216,5.800927
8.273403696181811,634.6095805365921,1332.2233037435008,5.800927
8.298248748664145,637.2615450625864,1332.2246926607868,5.800927
8.323093801130206,629.5302971944302,1332.226081578072,5.800927
8.347938853588138,637.6876687539766,1332.2274704953566,5.800927
8.372783901893378,628.2095916813547,1332.228859412409,5.800927
8.397628954371642,633.7094474729428,1332.2302483296949,5.800927
8.447319059295639,633.5149329274648,1332.2330261642646,5.800927
8.472164111765771,632.8654327056573,1332.23441508155,5.800927
8.497009160071011,632.8282832470996,1332.2358039986025,5.800927
8.521854212537075,635.5440791562212,1332.2371929158876,5.800927
8.546699265007206,634.0655225983795,1332.238581833173,5.800927
8.571544317465138,640.7351086912412,1332.2399707504576,5.800927
8.596389369935268,632.0541440302219,1332.241359667743,5.800927
8.621234418248642,633.2989575953923,1332.242748584796,5.800927
8.670924523176703,636.7093104974226,1332.245526419366,5.800927
8.695769575642768,623.1663886587481,1332.246915336651,5.800927
8.720614623960211,632.8508284104995,1332.2483042537042,5.800927
8.74545967641814,635.5857005952881,1332.2496931709888,5.800927
8.770304728872002,628.8403140083453,1332.2510820882733,5.800927
8.795149781354336,630.6627103916013,1332.2524710055593,5.800927
8.819994829667712,633.8967054446513,1332.2538599226123,5.800927
8.84483988212564,628.7443887158307,1332.255248839897,5.800927
8.869684934583569,630.7249859711496,1332.2566377571816,5.800927
8.894529982896945,627.486992891387,1332.2580266742345,5.800927
8.919375035367077,633.7522667910199,1332.2594155915199,5.800927
8.944220087825006,633.5970325338992,1332.2608045088045,5.800927
8.96906513612618,630.0364771785937,1332.2621934258568,5.800927
8.993910188608512,630.3545838961612,1332.2635823431428,5.800927
9.018755241066444,623.5091613156892,1332.2649712604275,5.800927
9.043600289355414,633.8427809539783,1332.266360177479,5.800927
9.068445341837748,630.7030164186513,1332.2677490947651,5.800927
9.093290394307877,619.2421260657345,1332.2691380120505,5.800927
9.118135442596849,625.3890988395307,1332.270526929102,5.800927
9.14298049506698,622.6810751283447,1332.2719158463874,5.800927
9.167825547533042,628.1208907415686,1332.2733047636725,5.800927
9.192670595838283,640.7022233476763,1332.274693680725,5.800927
9.217515648308417,627.6825416626322,1332.2760825980104,5.800927
9.242360700774482,627.3827880899023,1332.2774715152955,5.800927
9.267205749079721,627.675904077147,1332.278860432348,5.800927
9.292050801549854,625.0533584186505,1332.2802493496333,5.800927
9.316895849851026,630.4160408257231,1332.2816382666856,5.800927
9.341740902308958,639.4581730293272,1332.2830271839703,5.800927
9.36658595477502,627.0618400422387,1332.2844161012554,5.800927
9.391431003092462,628.6105887788103,1332.2858050183086,5.800927
9.416276055562594,634.7672600893229,1332.287193935594,5.800927
9.441121103851565,628.4245502802424,1332.2885828526455,5.800927
9.4659661563217,627.8175599531884,1332.2899717699308,5.800927
9.49081120463914,623.0086572755416,1332.291360686984,5.800927
9.515656257093005,630.8605004685528,1332.2927496042685,5.800927
9.540501305386039,627.6302760689399,1332.2941385213203,5.800927
9.565346357868373,625.2613249489382,1332.2955274386063,5.800927
9.590191406169547,634.6396120138894,1332.2969163556586,5.800927
9.615036458627477,633.778052434051,1332.2983052729433,5.800927
9.639881511093543,618.2298416933193,1332.2996941902284,5.800927
9.714416660170086,632.7790750492474,1332.3038609416185,5.800927
9.739261708475324,623.5052935161152,1332.305249858671,5.800927
9.764106760945458,635.4492236137353,1332.3066387759563,5.800927
9.788951809246633,622.9963193909473,1332.3080276930086,5.800927
9.813796861716762,619.8043710967131,1332.309416610294,5.800927
9.838641910022002,622.3376847946442,1332.3108055273465,5.800927
9.863486962488066,627.0362719540121,1332.3121944446316,5.800927
9.888332010793308,633.9569626499048,1332.313583361684,5.800927
9.913177063263438,633.488127395383,1332.3149722789694,5.800927
9.938022111552408,632.1662053725074,1332.316361196021,5.800927
9.962867164022539,626.854415537043,1332.3177501133064,5.800927
9.987712212339984,626.5841871849458,1332.3191390303596,5.800927
10.012557260641156,628.9294276921826,1332.3205279474118,5.800927
10.037402313099086,618.4675820767479,1332.3219168646965,5.800927
10.06224736140026,626.3022159875611,1332.3233057817488,5.800927
10.11193746217563,632.0184598355461,1332.3260836160866,5.800927
10.13678251046867,620.1043821321463,1332.3274725331385,5.800927
10.161627562946936,621.7116930339456,1332.3288614504243,5.800927
10.186472611252176,634.3858416236956,1332.3302503674768,5.800927
10.26100776032872,629.500712702983,1332.334417118867,5.800927
10.285852812794783,616.591731194125,1332.335806036152,5.800927
10.310697861087824,616.1531946296849,1332.3371949532038,5.800927
10.360387961859127,621.1220123926773,1332.3399727875415,5.800927
10.385233010164367,631.0563938057128,1332.341361704594,5.800927
10.410078058465539,627.6505284385704,1332.3427506216462,5.800927
10.43492311093567,612.4065122888127,1332.3441395389316,5.800927
10.459768159240912,623.1648186822152,1332.345528455984,5.800927
10.484613207542086,624.5953873714593,1332.3469173730364,5.800927
10.509458260012217,631.4700854554164,1332.3483062903217,5.800927
10.534303308301189,623.8582639957467,1332.3496952073733,5.800927
10.559148356606427,623.0083500546707,1332.3510841244258,5.800927
10.583993404923874,630.0556103167496,1332.352473041479,5.800927
10.608838457394004,622.1619217235498,1332.3538619587644,5.800927
10.633683505682976,624.206933529692,1332.355250875816,5.800927
10.658528553988212,622.3699767332728,1332.3566397928685,5.800927
10.683373602305657,622.8179302343963,1332.3580287099217,5.800927
10.708218654759518,619.9304406931215,1332.359417627206,5.800927
10.733063703052556,629.9144244283547,1332.360806544258,5.800927
10.757908751365932,623.435781542801,1332.3621954613109,5.800927
10.782753799671172,617.6425892283139,1332.3635843783634,5.800927
10.807598852129102,627.0733050262052,1332.364973295648,5.800927
10.832443900434342,621.6999796619568,1332.3663622127006,5.800927
10.857288948747716,619.1457866052594,1332.3677511297535,5.800927
10.882133997052957,622.2510620541775,1332.369140046806,5.800927
10.906979045345995,622.0460833600274,1332.3705289638579,5.800927
10.931824097812061,622.4534617106971,1332.371917881143,5.800927
10.981514194418473,616.6531554178678,1332.3746957152478,5.800927
11.006359242723713,626.3407417004402,1332.3760846323003,5.800927
11.031204291024888,627.0993177493398,1332.3774735493525,5.800927
11.056049343495015,629.9915095930588,1332.3788624666379,5.800927
11.08089439180026,620.0843379519697,1332.3802513836904,5.800927
11.105739440101432,625.5700681132151,1332.3816403007427,5.800927
11.13058448839447,615.7055409290948,1332.3830292177945,5.800927
11.15542953669971,628.7312403045553,1332.384418134847,5.800927
11.180274585013084,631.9568645575822,1332.3858070519,5.800927
11.205119633306124,623.6386458267516,1332.3871959689518,5.800927
11.229964681599162,619.8843794397942,1332.3885848860036,5.800927
11.254809734077428,625.5931212802623,1332.3899738032894,5.800927
11.27965478239487,625.3535031640772,1332.3913627203426,5.800927
11.304499830683842,625.2252272351011,1332.3927516373942,5.800927
11.329344878976881,612.0109164972723,1332.394140554446,5.800927
11.354189927294321,622.0472526088888,1332.3955294714992,5.800927
11.379034975595493,618.582905637704,1332.3969183885515,5.800927
11.403880023888533,630.7953798320806,1332.3983073056033,5.800927
11.428725072193773,625.1979961092449,1332.3996962226558,5.800927
11.453570120507147,617.2568354800705,1332.4010851397088,5.800927
11.503260217105426,628.542719537308,1332.4038629738131,5.800927
11.627485458623493,631.5193836268726,1332.4108075590752,5.800927
11.652330511089554,619.5386203328749,1332.4121964763604,5.800927
11.677175559394795,621.2910804964881,1332.4135853934129,5.800927
11.702020607700035,625.3823879910087,1332.4149743104654,5.800927
11.726865651828186,627.5924850148982,1332.4163632272844,5.800927
11.751710700129356,627.0726537471189,1332.4177521443366,5.800927
11.776555748446802,630.5903893072667,1332.4191410613898,5.800927
11.801400796739841,617.5865288058378,1332.4205299784417,5.800927
11.82624584502881,623.649128324296,1332.4219188954933,5.800927
11.851090893346253,631.4869737055237,1332.4233078125465,5.800927
11.875935941659627,622.4242095067239,1332.4246967295994,5.800927
11.900780989952665,623.5120333814777,1332.4260856466512,5.800927
11.925626038245705,623.7474461241109,1332.427474563703,5.800927
11.950471086563144,616.3612155795117,1332.4288634807563,5.800927
11.975316134864318,626.9389704341878,1332.4302523978085,5.800927
12.000161183157356,621.118099670628,1332.4316413148604,5.800927
12.099541376370185,622.8500132799387,1332.43719698307,5.800927
12.124386424675427,621.6773830069668,1332.4385859001225,5.800927
12.149231468815774,620.3644751439309,1332.4399748169421,5.800927
12.174076517116944,627.9721589781524,1332.4413637339944,5.800927
12.198921565422184,621.9828152948841,1332.442752651047,5.800927
12.22376661372743,622.1024604744844,1332.4441415680994,5.800927
12.2486116620286,619.6174359568126,1332.4455304851517,5.800927
12.273456710333841,624.5704336537766,1332.4469194022042,5.800927
12.29830175863908,624.706540891316,1332.4483083192567,5.800927
12.323146802763159,625.2197003825232,1332.4496972360755,5.800927
12.347991851068402,618.6935061683073,1332.451086153128,5.800927
12.372836899381776,625.6444164833563,1332.452475070181,5.800927
12.397681947674814,615.4020028197348,1332.4538639872328,5.800927
12.422526995963786,624.9439108688231,1332.4552529042844,5.800927
12.447372044281227,620.514879085434,1332.4566418213376,5.800927
12.472217088433778,625.3517142800321,1332.458030738158,5.800927
12.497062136726813,615.6688873342591,1332.4594196552098,5.800927
12.521907185015786,619.2471562410558,1332.4608085722614,5.800927
12.54675223333323,617.1409635758903,1332.4621974893146,5.800927
12.571597277473574,618.9461366921647,1332.4635864061343,5.800927
12.59644232576255,619.8562841978942,1332.4649753231859,5.800927
12.621287374067789,624.5384063124499,1332.4663642402384,5.800927
12.646132422385232,618.7227386068791,1332.4677531572916,5.800927
12.670977470686404,625.0869072716101,1332.4691420743438,5.800927
12.695822514814553,626.6856166136029,1332.4705309911628,5.800927
12.720667563115725,630.0004537112433,1332.471919908215,5.800927
12.770357659726207,615.9021396210262,1332.4746977423201,5.800927
12.820047752167726,618.482854091434,1332.477475576192,5.800927
12.84489280047297,620.3809235841798,1332.4788644932446,5.800927
12.869737844609249,618.3787221422475,1332.480253410064,5.800927
12.894582892914489,614.8532424723729,1332.4816423271166,5.800927
12.91942794120346,622.2766949158307,1332.4830312441682,5.800927
12.944272985343812,621.7958530961962,1332.4844201609878,5.800927
12.969118033661251,622.1014386150815,1332.485809078041,5.800927
12.993963081950223,620.6828818430214,1332.4871979950926,5.800927
13.018808126078367,614.7367691178101,1332.4885869119116,5.800927
13.043653174395812,620.0052215695738,1332.4899758289648,5.800927
13.068498222709188,615.3538981073251,1332.4913647460178,5.800927
13.093343266837337,619.0561750279578,1332.4927536628368,5.800927
13.118188315126305,620.2277162362398,1332.4941425798884,5.800927
13.143033363443749,625.9048424501067,1332.4955314969416,5.800927
13.167878407584094,624.1712400960091,1332.4969204137612,5.800927
13.192723455873068,616.0289328854986,1332.4983093308128,5.800927
13.217568504178306,610.6243561058225,1332.4996982478654,5.800927
13.24241354833086,617.0214278095683,1332.5010871646857,5.800927
13.2672585966361,610.8695174520543,1332.5024760817382,5.800927
13.292103640760178,618.9837682583349,1332.503864998557,5.800927
13.316948689065418,623.1351360628307,1332.5052539156095,5.800927
13.34179373736659,616.1861316015827,1332.5066428326618,5.800927
13.36663878150694,625.0683594580985,1332.5080317494815,5.800927
13.391483829812179,623.9388900067332,1332.509420666534,5.800927
13.416328873948462,615.7199323787922,1332.5108095833534,5.800927
13.441173922253704,620.3175842114027,1332.512198500406,5.800927
13.466018966394053,618.0325983925554,1332.5135874172256,5.800927
13.490864014695225,622.5539130728515,1332.514976334278,5.800927
13.515709058823374,616.8473236894862,1332.5163652510969,5.800927
13.565399155441986,625.0016838627208,1332.5191430852024,5.800927
13.590244199570133,624.8527039446192,1332.5205320020214,5.800927
13.615089247863171,617.1990027154717,1332.5219209190732,5.800927
13.639934292011654,620.8548940066688,1332.5233098358933,5.800927
13.6647793403291,628.1527592808543,1332.5246987529465,5.800927
13.689624384453175,621.0874569771818,1332.5260876697653,5.800927
13.714469432746215,618.728919867027,1332.527476586817,5.800927
13.739314476898768,617.8432489740019,1332.5288655036375,5.800927
13.76415952519994,614.464734752312,1332.5302544206897,5.800927
13.789004569328089,615.2712234697362,1332.5316433375087,5.800927
13.81384961762926,614.5811872082635,1332.533032254561,5.800927
13.838694661781812,620.7741341963367,1332.5344211713814,5.800927
13.863539705922161,617.7951251248859,1332.535810088201,5.800927
13.888384754211133,619.1421999259667,1332.5371990052527,5.800927
13.91322979835148,621.9167928363512,1332.5385879220723,5.800927
13.938074846656724,622.474122730741,1332.5399768391248,5.800927
13.962919890793,622.3645995530683,1332.5413657559443,5.800927
13.987764939098241,622.5819929352332,1332.5427546729968,5.800927
14.012609983238592,623.0153366773209,1332.5441435898165,5.800927
14.037455027374873,623.9495388026946,1332.545532506636,5.800927
14.062300075680113,625.2324958386985,1332.5469214236884,5.800927
14.087145119820464,612.3599317082197,1332.5483103405081,5.800927
14.11199016810943,625.0388739936769,1332.5496992575597,5.800927
14.136835212249785,630.7035232621628,1332.5510881743794,5.800927
14.161680256402333,624.3543640953842,1332.5524770911998,5.800927
14.186525304691305,622.0252061293618,1332.5538660082514,5.800927
14.211370348819454,627.9655571238724,1332.5552549250704,5.800927
14.236215392967932,615.1234107835503,1332.5566438418905,5.800927
14.261060441285375,612.2418043994356,1332.5580327589437,5.800927
14.285905485413526,616.4878471919951,1332.5594216757627,5.800927
14.310750533706562,619.8100198207169,1332.5608105928145,5.800927
14.335595577855045,628.3574860897312,1332.5621995096346,5.800927
14.360440621995394,632.2280174603832,1332.5635884264543,5.800927
14.385285670288432,620.1944335047658,1332.5649773435061,5.800927
14.410130714424715,623.5819212632057,1332.5663662603256,5.800927
14.434975758577266,612.6664724886905,1332.567755177146,5.800927
14.459820802713544,623.5636776469815,1332.5691440939654,5.800927
14.484665851006586,616.5390285205398,1332.5705330110172,5.800927
14.509510895142867,621.1906575176482,1332.5719219278367,5.800927
14.534355939283216,615.5485805895211,1332.5733108446564,5.800927
14.559200987588458,610.6917626840243,1332.5746997617089,5.800927
14.584046031724734,616.1398413976477,1332.5760886785283,5.800927
14.608891075865088,619.5331804471995,1332.577477595348,5.800927
14.633736120005436,619.3003501902193,1332.5788665121677,5.800927
14.658581168306608,625.2455298485967,1332.58025542922,5.800927
14.683426212446962,624.9980925156166,1332.5816443460396,5.800927
14.733116300715453,616.2693890478912,1332.5844221796783,5.800927
14.757961349028829,623.5600443913737,1332.5858110967313,5.800927
14.78280639315291,618.4437469194361,1332.58720001355,5.800927
14.807651437281056,618.0977126834696,1332.588588930369,5.800927
14.832496481433608,624.6583843970614,1332.5899778471894,5.800927
14.857341525586154,620.1754108472247,1332.5913667640098,5.800927
14.882186573875131,623.4506360747799,1332.5927556810614,5.800927
14.907031618003275,618.5921765606712,1332.5941445978804,5.800927
14.931876662151758,628.6162276773766,1332.5955335147005,5.800927
14.956721706292107,621.2012141215857,1332.5969224315202,5.800927
14.981566750420257,610.2352751927892,1332.5983113483392,5.800927
15.006411798725493,615.2669483195193,1332.5997002653917,5.800927
15.031256842873981,617.2690851079741,1332.6010891822118,5.800927
15.056101887014327,614.6401939504558,1332.6024780990315,5.800927
15.080946931142476,619.8091763902568,1332.6038670158505,5.800927
15.105791975278757,613.847753816804,1332.60525593267,5.800927
15.13063701941504,624.430306292491,1332.6066448494894,5.800927
15.155482063555384,620.5500590366735,1332.608033766309,5.800927
15.180327111860626,615.5660794434958,1332.6094226833616,5.800927
15.205172155996909,619.7595515201867,1332.610811600181,5.800927
15.230017200137258,620.9805042765171,1332.6122005170007,5.800927
15.254862244277609,623.580062730306,1332.6135894338204,5.800927
15.279707288413887,617.3795640714143,1332.6149783506398,5.800927
15.304552332542036,617.9206797024144,1332.6163672674588,5.800927
15.329397376682383,611.1819679449368,1332.6177561842785,5.800927
15.354242420830865,618.5496992088061,1332.6191451010986,5.800927
15.379087464959015,616.7111665143002,1332.6205340179176,5.800927
15.403932509087165,620.5869364456761,1332.6219229347366,5.800927
15.428777553239712,614.6517719816843,1332.623311851557,5.800927
15.45362260155309,619.5608531727122,1332.62470076861,5.800927
15.478467645677169,612.0408904316164,1332.6260896854287,5.800927
15.503312689805314,611.3881713505434,1332.6274786022477,5.800927
15.528157733957865,610.0472960673884,1332.628867519068,5.800927
15.553002778094148,618.1939409179196,1332.6302564358875,5.800927
15.577847822222294,619.5543164329099,1332.6316453527065,5.800927
15.602692866362645,611.3833167434847,1332.6330342695262,5.800927
15.627537910511126,612.4838066835458,1332.6344231863463,5.800927
15.652382954651475,618.2946344798951,1332.635812103166,5.800927
15.67722799877962,613.4863348738684,1332.637201019985,5.800927
15.702073042919972,612.8504113463645,1332.6385899368047,5.800927
15.726918087056253,621.2129103368503,1332.6399788536241,5.800927
15.751763131196606,611.8077122610639,1332.6413677704438,5.800927
15.776608175336952,624.1955988977007,1332.6427566872635,5.800927
15.801453219473233,615.4393022222284,1332.644145604083,5.800927
15.826298263609516,608.3129770706389,1332.6455345209024,5.800927
15.851143307749863,607.2188271252971,1332.646923437722,5.800927
15.875988347725322,611.3267533566561,1332.648312354309,5.800927
15.900833391853466,626.7506235940208,1332.649701271128,5.800927
15.925678435989749,612.9750303139613,1332.6510901879474,5.800927
15.9505234801423,621.2050221270646,1332.6524791047677,5.800927
15.975368524270447,615.6164700008873,1332.6538680215867,5.800927
16.00021356839453,618.7789188425828,1332.6552569384055,5.800927
16.025058612547078,619.8455289267903,1332.6566458552259,5.800927
16.049903656695562,622.5301266999786,1332.658034772046,5.800927
16.074748700823708,618.306423555807,1332.659423688865,5.800927
16.124438789104403,624.4869543243523,1332.6622015225043,5.800927
16.149283829075795,615.5107166584396,1332.663590439091,5.800927
16.174128873203944,616.8474127588428,1332.66497935591,5.800927
16.198973917340222,614.8370737068508,1332.6663682727294,5.800927
16.22381896149278,620.9129897541319,1332.6677571895498,5.800927
16.248664005629056,620.7123060478938,1332.6691461063692,5.800927
16.273509049757205,618.6379123177874,1332.6705350231882,5.800927
16.298354093897554,620.1529985795322,1332.671923940008,5.800927
16.32319913387301,623.5793949997649,1332.6733128565947,5.800927
16.348044178009292,616.260657954928,1332.6747017734142,5.800927
16.37288922214964,618.822568005394,1332.6760906902339,5.800927
16.39773426628999,624.4599952525141,1332.6774796070536,5.800927
16.447424354566618,612.4775649860264,1332.6802574406927,5.800927
16.472269394542078,616.0270997919113,1332.6816463572795,5.800927
16.49711443866616,619.5166934393033,1332.6830352740983,5.800927
16.521959482806512,617.51632743316,1332.684424190918,5.800927
16.546804526959058,616.0983006633641,1332.6858131077383,5.800927
16.57164956691825,615.6602274582382,1332.6872020243243,5.800927
16.596494611042328,613.0964244609709,1332.688590941143,5.800927
16.62133965519488,616.7367533084778,1332.6899798579634,5.800927
16.64618469934743,613.5547506723786,1332.6913687747838,5.800927
16.67102974347557,622.8219251684646,1332.6927576916028,5.800927
16.695874783434764,620.7778013350284,1332.6941466081887,5.800927
16.720719827587313,616.2901981244878,1332.695535525009,5.800927
16.745564871727666,617.7895549719318,1332.6969244418287,5.800927
16.77040991168685,619.4937854554084,1332.6983133584147,5.800927
16.795254955827204,610.6493663148733,1332.6997022752344,5.800927
16.82009999997975,617.3293109773675,1332.7010911920547,5.800927
16.844945044116034,626.8256257917258,1332.7024801088742,5.800927
16.86979008407929,613.3617123806818,1332.7038690254603,5.800927
16.894635128215572,612.2428805234063,1332.7052579422798,5.800927
16.919480172355918,613.5671634728595,1332.7066468590995,5.800927
16.944325212331382,623.3649665507464,1332.7080357756863,5.800927
16.96917025646766,597.165595630545,1332.7094246925058,5.800927
16.99401530060801,621.3007238193051,1332.7108136093254,5.800927
17.01886034058347,609.1788056816663,1332.7122025259123,5.800927
17.043705384719747,620.0950139291563,1332.7135914427317,5.800927
17.068550428860096,620.2307510216841,1332.7149803595514,5.800927
17.093395468819285,622.5384149572392,1332.7163692761374,5.800927
17.118240512959634,613.4433037374947,1332.717758192957,5.800927
17.143085557112187,618.5362422011499,1332.7191471097774,5.800927
17.167930597071376,610.8791241836021,1332.7205360263633,5.800927
17.19277564119952,615.3849175701289,1332.7219249431823,5.800927
17.217620681187178,623.1765508615915,1332.7233138597699,5.800927
17.24246572533973,621.5883783481871,1332.7247027765902,5.800927
17.267310769463812,615.2467463634446,1332.726091693409,5.800927
17.292155809423,615.9503645482662,1332.727480609995,5.800927
17.31700085357555,623.6556575823939,1332.7288695268153,5.800927
17.34184589355101,610.1225169845408,1332.7302584434021,5.800927
17.366690937675088,619.1492867949248,1332.731647360221,5.800927
17.391535977650545,623.4827975707225,1332.7330362768078,5.800927
17.416381021803094,615.2674633936973,1332.734425193628,5.800927
17.441226065943447,612.0183041799447,1332.7358141104478,5.800927
17.466071105902632,614.394871629626,1332.7372030270337,5.800927
17.49091615004298,622.5274212674806,1332.7385919438534,5.800927
17.515761190014373,615.7670343638728,1332.73998086044,5.800927
17.54060623415472,611.8041485297549,1332.7413697772597,5.800927
17.56545127413018,624.1822294132345,1332.7427586938466,5.800927
17.59029631826646,620.1377368365751,1332.744147610666,5.800927
17.639986402382267,622.3093946072662,1332.7469254440725,5.800927
17.664831442353663,619.5527908226038,1332.7483143606592,5.800927
17.689676486481805,616.8122607204289,1332.7497032774781,5.800927
17.714521526453193,622.3516132162625,1332.7510921940648,5.800927
17.739366570605746,613.9580961345323,1332.7524811108851,5.800927
17.764211610569006,616.4213999496218,1332.7538700274713,5.800927
17.78905665469715,619.963101437408,1332.7552589442903,5.800927
17.813901694680737,614.545501404738,1332.7566478608776,5.800927
17.838746738833297,617.1400575897827,1332.758036777698,5.800927
17.863591778792483,618.1259440765948,1332.759425694284,5.800927
17.888436818755736,624.0949831851153,1332.76081461087,5.800927
17.913281862908285,624.6768407603716,1332.7622035276904,5.800927
17.938126902879677,618.2694949066494,1332.763592444277,5.800927
17.962971947007826,627.6864530186851,1332.764981361096,5.800927
17.987816986979215,629.742811209131,1332.7663702776827,5.800927
18.012662031131764,622.7600153003536,1332.767759194503,5.800927
18.037507071107225,619.4885901799097,1332.7691481110899,5.800927
18.062352111066414,629.2586527130543,1332.7705370276758,5.800927
18.087197155206763,615.2803267606679,1332.7719259444955,5.800927
18.112042195182212,622.2803398467221,1332.7733148610823,5.800927
18.13688723515361,611.9995819301403,1332.774703777669,5.800927
18.16173227929396,624.4261376112876,1332.7760926944886,5.800927
18.186577319269414,614.8281230357072,1332.7774816110755,5.800927
18.211422363405696,615.7835933013438,1332.778870527895,5.800927
18.23626740338116,622.8264163728717,1332.7802594444818,5.800927
18.261112443356613,612.2790369253495,1332.7816483610686,5.800927
18.28595748748476,618.0014997637386,1332.7830372778876,5.800927
18.310802527456147,624.3493355576803,1332.7844261944742,5.800927
18.33564756744381,616.0950697656514,1332.7858151110618,5.800927
18.360492611567892,608.826293907051,1332.7872040278805,5.800927
18.385337651531145,622.9622671194627,1332.7885929444667,5.800927
18.410182691514734,615.7780861979468,1332.789981861054,5.800927
18.435027735667287,608.8694072592344,1332.7913707778744,5.800927
18.459872775630547,613.305277769198,1332.7927596944605,5.800927
18.4847178155938,617.6711053925733,1332.7941486110467,5.800927
18.50956285557739,624.2924128523065,1332.795537527634,5.800927
18.534407899717745,610.4183096540658,1332.7969264444537,5.800927
18.559252939680995,622.3140213701433,1332.7983153610398,5.800927
18.584097979652384,622.164820378128,1332.7997042776265,5.800927
18.708323183686424,615.7340085555421,1332.806648860793,5.800927
18.73316822782678,610.388828986746,1332.8080377776128,5.800927
18.75801326779817,623.4395227690627,1332.8094266941994,5.800927
18.782858307773626,618.8160143642781,1332.8108156107862,5.800927
18.807703347749086,615.2558483553505,1332.812204527373,5.800927
18.83254838772048,612.7324121084242,1332.8135934439597,5.800927
18.857393431860825,619.8948771782317,1332.8149823607794,5.800927
18.882238471824078,615.2749864222701,1332.8163712773655,5.800927
18.907083511799534,611.0287532092143,1332.8177601939524,5.800927
18.931928551783127,620.7423696216295,1332.8191491105397,5.800927
18.956773591758584,617.1732953159052,1332.8205380271265,5.800927
18.981618635886733,614.4570446177318,1332.8219269439455,5.800927
19.006463675858125,621.1173183697051,1332.8233158605321,5.800927
19.031308715845785,623.8218632631708,1332.8247047771197,5.800927
19.05615375580904,612.8081310244803,1332.8260936937058,5.800927
19.080998795768227,624.7028584727833,1332.8274826102918,5.800927
19.10584383575182,617.3073458232118,1332.828871526879,5.800927
19.13068887572728,614.0874469025198,1332.830260443466,5.800927
19.55305456360324,612.6749963855901,1332.853872025906,5.800927
19.57789960356649,619.3961843675538,1332.8552609424921,5.800927
19.60274464354195,623.0276436340405,1332.856649859079,5.800927
19.62758968352554,621.9027097251668,1332.8580387756663,5.800927
19.652434723484728,617.5613852781346,1332.8594276922522,5.800927
19.677279763447984,619.7110333333565,1332.8608166088384,5.800927
19.702124803435645,624.2025735699177,1332.862205525426,5.800927
19.726969843407034,623.1210584226333,1332.8635944420125,5.800927
19.751814879205398,621.1277140667262,1332.8649833583659,5.800927
19.776659919180855,616.5851843972217,1332.8663722749527,5.800927
19.80150495916445,615.7545526102244,1332.86776119154,5.800927
19.826349999139907,632.649955298034,1332.8691501081269,5.800927
19.85119503910316,624.3365560467478,1332.870539024713,5.800927
19.87604007907862,625.3311801400773,1332.8719279412999,5.800927
19.900885119050013,613.2987256300186,1332.8733168578865,5.800927
19.925730159025463,615.9415675698991,1332.8747057744733,5.800927
19.950575199000927,634.6455540437884,1332.8760946910602,5.800927
19.975420238972315,618.8575695779705,1332.8774836076468,5.800927
20.000265278947765,608.2537479652757,1332.8788725242337,5.800927
20.025110318923236,610.0230415346188,1332.8802614408205,5.800927
20.04995535889462,625.6191742082409,1332.8816503574071,5.800927
20.074800394692982,617.092794784858,1332.8830392737605,5.800927
20.09964543466437,614.8769992086837,1332.884428190347,5.800927
20.124490474652035,610.0910416217182,1332.8858171069346,5.800927
20.149335514623424,620.8212179608946,1332.8872060235212,5.800927
20.174180554586684,612.4096842768704,1332.8885949401074,5.800927
20.19902559456214,611.7745250228229,1332.8899838566942,5.800927
20.223870634545733,621.5334102100595,1332.8913727732815,5.800927
20.248715674508983,610.3477115472782,1332.8927616898677,5.800927
20.273560710307354,614.681657673559,1332.894150606221,5.800927
20.29840575029501,606.2951318099144,1332.8955395228086,5.800927
20.323250790266407,616.1837353559379,1332.8969284393952,5.800927
20.348095830229656,613.8181675713063,1332.8983173559814,5.800927
20.372940870201052,618.7554315897477,1332.899706272568,5.800927
20.397785906023813,611.8653968785718,1332.9010951889227,5.800927
20.422630945995206,618.093616419882,1332.9024841055093,5.800927
20.447475985958466,612.060936205329,1332.9038730220955,5.800927
20.472321025933923,619.1472352688702,1332.9052619386823,5.800927
20.497166065909376,619.4578563106122,1332.9066508552692,5.800927
20.52201110171588,615.4409152258545,1332.908039771623,5.800927
20.546856141691325,622.0037559829473,1332.9094286882098,5.800927
20.57170118166679,624.1948355086358,1332.9108176047966,5.800927
20.596546221638178,626.7285037611572,1332.9122065213833,5.800927
20.621391257448746,629.3303406359696,1332.9135954377373,5.800927
20.646236297424206,611.323581550143,1332.9149843543241,5.800927
20.671081337383395,615.4496742004158,1332.91637327091,5.800927
20.69592637735885,618.5851973116767,1332.917762187497,5.800927
20.720771413181623,620.9951565278024,1332.9191511038516,5.800927
20.745616453153012,617.5776131262298,1332.9205400204382,5.800927
20.770461493116265,613.5455688974215,1332.9219289370244,5.800927
20.795306528922765,614.3527472336145,1332.9233178533782,5.800927
20.820151568910426,611.3676652391778,1332.9247067699657,5.800927
20.84499660887368,616.1818613808146,1332.926095686552,5.800927
20.869841648832868,614.1697097545485,1332.9274846031378,5.800927
20.89468668465564,621.8932052346516,1332.9288735194925,5.800927
20.919531724639228,621.2698099763401,1332.9302624360798,5.800927
20.944376764602485,629.6434984428232,1332.931651352666,5.800927
20.969221800400852,619.0915199507202,1332.9330402690193,5.800927
20.994066840388513,618.0611172790318,1332.9344291856069,5.800927
21.018911876195013,613.360737733938,1332.9358181019606,5.800927
21.043756916158266,618.2637926410126,1332.9372070185468,5.800927
21.068601956129655,622.0283107906866,1332.9385959351334,5.800927
21.09344699194022,629.3988914248241,1332.9399848514875,5.800927
21.11829203191568,612.80982910802,1332.9413737680743,5.800927
21.143137071887065,614.7479067884923,1332.942762684661,5.800927
21.167982107697632,614.6579132451492,1332.944151601015,5.800927
21.192827147673093,606.8423011709452,1332.9455405176018,5.800927
21.21767218347959,627.9032038820477,1332.9469294339556,5.800927
21.24251722345505,621.4022251263133,1332.9483183505424,5.800927
21.26736226341424,611.4969137981428,1332.9497072671284,5.800927
21.292207299224806,615.9715255401833,1332.9510961834824,5.800927
21.317052339212466,612.4549181474571,1332.95248510007,5.800927
21.341897375023027,618.5830272466187,1332.953874016424,5.800927
21.366742414982212,606.0747938308948,1332.9552629330099,5.800927
21.391587450792784,603.4931506958393,1332.9566518493639,5.800927
21.416432490780444,613.3661160037717,1332.9580407659514,5.800927
21.441277526574737,617.642603930717,1332.9594296823045,5.800927
21.466122566533926,610.6394459782566,1332.9608185988905,5.800927
21.490967606521593,611.9232269892957,1332.962207515478,5.800927
21.515812642344354,612.056745022921,1332.9635964318327,5.800927
21.54065768230761,619.7866333526105,1332.9649853484188,5.800927
21.56550271810191,612.0333507647795,1332.966374264772,5.800927
21.590347758089568,608.4612497825323,1332.9677631813595,5.800927
21.615192793883864,604.1069947063974,1332.9691520977126,5.800927
21.64003783384712,614.3817587588043,1332.9705410142988,5.800927
21.664882869669892,619.4904136006421,1332.9719299306535,5.800927
21.68972790965755,614.3697616480043,1332.973318847241,5.800927
21.714572945451845,621.8543076109032,1332.974707763594,5.800927
21.73941798125021,614.8410533323132,1332.9760966799474,5.800927
21.764263021233802,619.486397214067,1332.9774855965347,5.800927
21.789108057044373,617.5496400757468,1332.9788745128888,5.800927
21.81395309700356,617.2098796285708,1332.9802634294747,5.800927
21.838798132814127,621.8378610934942,1332.9816523458287,5.800927
21.863643172789587,628.8850152378542,1332.9830412624156,5.800927
21.888488208596076,623.8844349608748,1332.9844301787693,5.800927
21.913333248571533,615.5309533855727,1332.9858190953562,5.800927
21.938178284382104,623.8416663336585,1332.9872080117102,5.800927
21.963023320188604,615.7206295740588,1332.988596928064,5.800927
21.98786836016406,609.906124454541,1332.9899858446508,5.800927
22.012713395974625,617.4508825051242,1332.9913747610049,5.800927
22.03755843593788,614.1247954081397,1332.992763677591,5.800927
22.062403471744386,613.3461894033263,1332.9941525939448,5.800927
22.08724850756715,612.2341934718456,1332.9955415102995,5.800927
22.11209354753854,621.2171377773496,1332.9969304268861,5.800927
22.136938583336907,623.3544530712892,1332.9983193432395,5.800927
22.161783619143407,622.5827644821615,1332.9997082595933,5.800927
