sector,tic_id
14,156213379
20,156213379
26,156213379
9,437252965
24,188777430
25,188777430
26,188777430
24,188777432
25,188777432
26,188777432
26,316776595
25,359262409
5,140208626
18,381683192
14,13238985
15,13238985
19,449912747
5,373259418
1,231910539
2,231910539
28,231910539
28,231910539
19,141717360
20,141717360
26,141717360
16,333278247
17,333278247
4,441154168
16,1001172297
22,1001172297
23,1001172297
16,219823668
22,219823668
23,219823668
18,468750384
19,468750384
25,468750384
2,116157661
27,354170042
2,355508779
2,207238086
4,207238086
5,192850384
6,192850384
13,379508915
3,206466813
4,206466813
9,902714957
9,148576168
9,902714958
15,239621127
24,8417113
25,8417113
24,8417111
25,8417111
14,166012664
15,166012664
16,166012664
21,166012664
22,166012664
18,46476250
1,197737227
14,233087395
15,233087395
16,233087395
17,233087395
18,233087395
19,233087395
21,233087395
22,233087395
24,233087395
25,233087395
26,233087395
14,272279254
15,272279254
5,24452802
6,24452802
8,323493410
9,422247088
9,902626579
15,320209338
16,320209338
22,320209338
27,34641680
27,219298044
2,218963269
19,317891205
18,284012329
18,621076427
18,621076424
15,162337456
16,162337456
5,139670992
1,263080521
13,263080521
27,263080521
28,263080521
9,179294885
24,313494408
25,313494408
24,1201028260
25,1201028260
4,308242926
20,55104584
16,421856903
17,421856903
24,421856903
25,193635891
26,193635891
8,418103041
14,233789940
15,233789940
16,233789940
4,118653298
18,381782974
7,279857898
15,141821609
16,141821609
22,141821609
23,141821609
9,309025900
19,3023951
14,41688227
6,143209292
14,233049114
15,233049114
16,233049114
17,233049114
20,233049114
23,233049114
26,233049114
16,162521407
23,162521407
24,162521407
5,457195557
16,219037593
22,219037593
23,219037593
23,379117095
7,16327193
23,365088158
14,229400552
15,229400552
16,229400552
17,229400552
18,229400552
19,229400552
20,229400552
21,229400552
23,229400552
24,229400552
25,229400552
26,229400552
13,396088793
27,396088793
7,16223773
21,99832958
19,66216645
26,346751893
18,402980664
19,402980664
25,402980664
26,402980664
19,408698261
22,144310114
20,39697485
1,212323118
2,175373614
22,99270425
22,77139481
7,423127792
6,97479837
21,318359338
13,327783114
27,327783114
19,428991038
25,428991038
26,428991038
3,311403496
3,231720751
4,231720751
6,231720751
7,231720751
10,231720751
13,231720751
24,115280495
25,115280495
1,229807051
27,229807051
27,229807051
28,229807051
28,229807051
27,32485714
3,101058021
19,239702544
8,309857585
9,309857585
10,309857585
11,309857585
28,309857585
14,110553661
14,299028261
15,299028261
26,299028261
23,28346643
24,28346643
22,330800275
19,155551051
19,450219060
14,103656470
20,103656470
21,103656470
20,81214958
10,389304943
2,369396047
2,369396048
16,116306164
23,116306164
14,298160985
15,298160985
16,298160985
21,298160985
22,298160985
18,388601177
19,388601177
24,388601177
25,388601177
14,423629464
9,309091025
4,387609901
5,373246112
19,353773860
3,175516965
4,175516965
16,67149557
17,67149557
17,367359428
19,367359428
24,367359428
25,367359428
1,300710451
2,300710451
3,300710451
4,300710451
5,300710451
6,300710451
7,300710451
8,300710451
9,300710451
10,300710451
11,300710451
12,300710451
13,300710451
27,300710451
28,300710451
22,417518282
9,358676492
3,259374524
5,259374524
1,2028291051
1,441202321
1,2028291052
21,39715601
14,147671245
15,147671245
21,147671245
22,147671245
27,401625183
2,207148580
3,207148580
7,109984368
11,54249571
8,262746746
9,152700530
19,53018729
19,98615312
14,158014412
19,158014412
20,158014412
21,158014412
26,158014412
21,252963282
22,291017689
4,77318593
5,77318593
5,284704594
19,468874504
20,468874504
26,468874504
4,165184400
5,121640531
14,353938213
15,353938213
16,353938213
17,353938213
18,353938213
19,353938213
20,353938213
21,353938213
22,353938213
23,353938213
24,353938213
25,353938213
26,353938213
14,356336967
24,356336967
25,356336967
26,356336967
20,302907354
11,357509778
12,357509778
15,407690266
16,407690266
12,221213317
17,13828206
4,141328292
16,193971329
23,193971329
2,206617096
5,450104815
3,152970890
4,152970890
14,355867542
21,355867542
6,706004126
6,37662248
6,706004127
9,410411255
14,219808183
15,219808183
16,219808183
17,219808183
18,219808183
19,219808183
20,219808183
21,219808183
22,219808183
23,219808183
24,219808183
26,219808183
7,66226943
25,359478649
20,467899855
14,441740483
15,441740483
16,441740483
17,441740483
18,441740483
19,441740483
20,441740483
21,441740483
22,441740483
24,441740483
25,441740483
26,441740483
2,230982053
14,207339690
20,207339690
26,207339690
24,334680045
6,53600593
7,53600593
4,365370577
10,443183773
22,406761113
19,310969334
4,441504216
18,259143565
4,142888174
22,441639666
23,441639666
21,137967424
2,158596311
25,75967449
26,75967449
9,20500669
22,202357339
3,364264680
4,364264680
5,364264680
18,77548580
19,470653615
12,383671166
13,383671166
10,448744245
10,952563214
10,334971351
10,952563215
17,267740847
21,16151130
11,422527742
17,396382952
17,432843953
24,41701034
5,60876765
6,34436074
4,176851331
14,210259977
2,214664015
10,385353282
14,100013015
15,100013015
21,100013015
14,123129657
26,123129657
14,229614158
15,229614158
16,229614158
17,229614158
18,229614158
19,229614158
20,229614158
21,229614158
22,229614158
23,229614158
24,229614158
25,229614158
26,229614158
28,382463164
2,382463166
28,382463166
23,373730586
26,356226514
3,65347864
4,65347864
14,159505118
20,159505118
21,159505118
1,350332233
3,350332233
4,350332233
5,350332233
6,350332233
7,350332233
8,350332233
9,350332233
10,350332233
11,350332233
13,350332233
27,350332233
28,350332233
14,156201040
20,156201040
21,156201040
26,156201040
5,71012641
18,13352159
14,272781325
15,272781325
16,272781325
17,272781325
19,272781325
20,272781325
21,272781325
22,272781325
23,272781325
25,272781325
26,272781325
6,156289290
19,84348961
1,52284854
2,52284854
28,52284854
18,274802629
19,274802629
24,274802629
25,274802629
18,398184498
24,398184498
25,398184498
8,46907768
28,144201151
2,220391763
3,220391763
4,220391763
5,220391763
6,220391763
9,220391763
12,220391763
23,157997140
24,157997140
17,331805342
22,57008952
14,364970325
15,364970325
16,364970325
15,417948764
16,417948764
22,417948764
18,389839182
24,389839182
25,389839182
9,293627049
7,60074959
8,60074959
21,56861258
1,139200489
28,139200489
28,139200489
26,256113332
23,379190818
3,42055664
5,117846365
8,101366179
21,16164136
12,310657449
13,310657449
14,20821662
6,176448503
4,318886387
6,67282743
18,417234478
24,417234478
25,417234478
7,340638718
8,340638718
9,340638718
10,340638718
27,340638718
1,237931397
2,237931397
3,237931397
4,237931397
8,237931397
11,237931397
28,237931397
13,254033966
22,180628643
23,180628643
6,332855617
12,210904544
2,224283342
16,168747450
23,168747450
19,417705890
24,417705890
25,417705890
24,16884423
3,24249196
23,330796484
28,206605715
5,189057474
21,137968212
24,236333842
25,236333842
14,26417386
15,26417386
9,23557020
4,302769205
20,80858178
5,200384712
6,200384712
23,365060642
3,257397333
14,402759334
6,264542390
4,88365885
18,316134319
19,316134319
20,172036040
4,142959058
28,89431590
1,301980848
28,301980848
5,30943870
6,30943870
14,367656846
19,367656846
20,367656846
21,367656846
26,367656846
21,355175842
5,450083428
17,259103848
17,259103848
17,259103848
17,600573013
17,600573013
17,600573013
17,471012662
17,471012662
17,471012662
8,33220570
5,423786241
18,317394133
19,317394133
24,317394133
25,317394133
23,381736209
13,366989133
27,366989133
14,230070232
15,230070232
16,230070232
17,230070232
18,230070232
19,230070232
20,230070232
21,230070232
22,230070232
23,230070232
24,230070232
25,230070232
26,230070232
18,63345936
18,370065236
22,441713865
23,441713865
25,149759025
20,365949934
21,365949934
11,88968493
15,138147897
16,138147897
15,1962678999
16,1962678999
20,409294034
5,249071639
6,375273689
10,375273689
11,375273689
12,375273689
2,166711157
3,166711157
27,369324522
27,369324520
4,340558405
7,340558405
8,340558405
9,340558405
10,340558405
13,340558405
27,340558405
20,743468501
18,308779412
16,2013411698
16,249695222
16,2013411693
22,172601550
17,440061659
9,57186214
10,57186214
20,197190234
11,448302254
12,448302254
4,168752776
5,168752776
14,356241590
17,356241590
18,356241590
21,356241590
24,356241590
25,356241590
26,356241590
14,165530589
15,165530589
16,165530589
17,165530589
18,165530589
20,165530589
21,165530589
23,165530589
24,165530589
25,165530589
26,165530589
16,174096671
17,174096671
19,426759287
3,206402318
4,206402318
6,317416577
13,168763452
27,168763452
11,454506085
12,454506085
18,82391023
1,152283580
28,152283580
13,113339639
27,113339639
13,158442595
27,158442595
9,105882951
18,396568051
19,396568051
25,396568051
18,357831022
19,357831022
25,357831022
6,59547137
10,349130112
23,141336649
14,199573123
15,199573123
16,199573123
17,199573123
18,199573123
19,199573123
20,199573123
21,199573123
22,199573123
23,199573123
24,199573123
25,199573123
26,199573123
3,28117051
19,105358685
28,89431342
14,1964050169
14,104091873
14,68766754
26,68766754
18,194737831
1,410213494
27,410213494
28,410213494
22,224303521
1,270101915
28,270101915
13,409934317
27,409934317
17,242841450
24,417521619
15,43064903
5,37816222
1,232083054
2,232083054
28,232083054
5,245950135
3,122504261
18,470124628
19,470124628
24,470124628
25,470124628
11,359356484
12,359356484
26,230303588
21,85243875
19,65786315
12,340522847
26,24255693
28,197569385
11,128981638
11,128981638
11,1172812213
11,1172812213
2,9178758
1,278897257
2,278897257
3,278897257
5,278897257
6,278897257
7,278897257
8,278897257
9,278897257
10,278897257
11,278897257
12,278897257
13,278897257
27,278897257
28,278897257
14,42322219
1,381976770
2,381976770
3,381976770
4,381976770
5,381976770
6,381976770
7,381976770
8,381976770
9,381976770
10,381976770
11,381976770
12,381976770
13,381976770
27,381976770
24,24090627
25,24090627
5,373453516
5,673193151
24,115419899
25,115419899
16,390974411
17,390974411
18,390974411
19,390974411
24,390974411
25,390974411
26,255602781
26,320804300
14,376870091
15,376870091
16,376870091
17,376870091
18,376870091
19,376870091
20,376870091
21,376870091
22,376870091
23,376870091
24,376870091
25,376870091
26,376870091
2,152864732
4,176852837
1,234295610
28,234295610
8,185366471
6,25045994
19,127757943
24,8417111
25,8417111
24,158017206
20,318066970
19,141433914
20,141433914
26,141433914
23,171761041
22,180695497
23,180695497
4,89045132
7,366622067
8,389040132
17,435161126
18,435161126
24,435161126
17,194257942
20,67907992
14,41317489
15,41317489
16,198150180
23,198150180
11,412877136
8,231562073
6,53062654
7,53062654
6,772145732
7,772145732
4,279401333
6,302829745
1,99839068
5,78014053
6,78014053
24,229878188
3,41862482
9,147003482
10,147003482
4,308305105
27,290359051
20,286841549
16,387998188
17,387998188
18,387998188
24,387998188
16,371583681
17,371583681
16,154257960
22,154257960
23,154257960
7,66425169
4,206718544
20,86231433
21,86231433
14,142439770
20,142439770
21,142439770
17,186402519
1,139993199
28,139993199
17,26917107
2,316769993
1,231914260
2,231914260
28,231914260
28,231914260
1,231914259
2,231914259
28,231914259
28,231914259
9,423433668
17,269320242
18,269320242
24,269320242
6,157131148
7,157131148
11,120464677
5,607581
24,236313512
25,236313512
4,152475412
5,152475412
7,284743579
8,284743579
18,410553678
18,178277236
23,68073613
24,68073613
16,336389229
17,336389229
24,336389229
10,397431902
13,406240485
16,309809548
23,309809548
24,309809548
14,42810508
7,262603160
11,461303113
1,201292812
2,201292812
28,201292812
10,295565337
11,295565337
1,231826455
2,231826455
28,231826455
18,347565525
5,56096015
2,246857304
22,441706266
23,441706266
4,44646061
5,44646061
1,234333175
2,234333175
27,234333175
28,234333175
4,200322593
5,200322593
6,200322593
11,334234040
20,159461546
10,102215641
5,231926410
6,231926410
7,231926410
23,88217611
21,67587140
14,356975864
15,356975864
16,356975864
17,356975864
18,356975864
19,356975864
20,356975864
21,356975864
22,356975864
23,356975864
24,356975864
25,356975864
26,356975864
1,92981430
6,201467153
9,20447295
3,415974305
23,87548170
1,278667096
1,2027483723
16,154936689
17,154936689
14,48415693
15,48415693
19,48415693
22,48415693
26,48415693
4,422946847
6,287845616
14,288517585
18,288517585
19,288517585
20,288517585
25,288517585
26,288517585
3,259592354
11,316577292
15,283753430
19,286486887
17,437743529
17,189628392
2,229142295
3,229142295
5,283628967
14,154087398
15,154087398
15,154087398
16,154087398
21,154087398
21,154087398
22,154087398
22,154087398
14,154087400
15,154087400
15,154087400
16,154087400
21,154087400
21,154087400
22,154087400
22,154087400
6,238022708
7,238022708
8,238022708
14,358403392
26,358403392
18,436842568
7,107340922
16,336538915
17,336538915
18,336538915
24,336538915
24,237091773
5,373308741
5,373308740
28,206627058
19,127764580
2,144365035
4,166869904
9,441067400
10,441067400
4,256775537
11,335012582
19,260058315
22,141274727
8,143826813
20,441628564
26,441628564
21,24005688
20,441592534
26,441592534
2,149838027
2,201794109
3,201794109
5,284786882
14,138649216
15,138649216
21,138649216
12,96334057
21,66683429
22,165639381
23,165639381
17,455959622
18,455959622
24,455959622
12,67557432
7,207306050
5,365462119
3,164789350
19,261075502
5,401945166
4,71374255
16,128558673
19,367841537
6,235493978
4,26113064
18,117033109
20,27304131
21,117123283
6,61587960
7,61587960
1,206472487
14,123096698
26,123096698
16,197709128
9,219246754
19,367440157
16,199659635
23,199659635
24,199659635
4,347548361
14,64799884
15,64799884
3,129740457
23,232529313
24,255929720
25,255929720
25,157112877
23,105617738
7,278415881
11,278415881
13,278415881
1,149497924
3,149497924
4,149497924
5,149497924
6,149497924
7,149497924
8,149497924
9,149497924
10,149497924
11,149497924
13,149497924
27,149497924
28,149497924
2,149542119
3,149542119
5,149542119
6,149542119
7,149542119
8,149542119
9,149542119
10,149542119
12,149542119
13,149542119
27,149542119
5,245789619
10,467302128
11,467302128
23,390653171
4,120977721
3,248947548
14,313243960
20,313243960
21,313243960
26,313243960
2,180444967
21,149369278
27,128706893
26,349615012
28,197570145
1,143821245
28,143821245
3,152973393
14,1857554508
14,109964874
14,109964873
18,67996221
19,273536065
11,125986810
4,168873515
5,168873515
20,55486998
14,198557860
15,198557860
18,198557860
21,198557860
22,198557860
23,198557860
24,198557860
5,242985065
18,286126698
25,286126698
1,152863530
16,2021769097
17,2021769097
18,2021769097
24,2021769097
10,458034226
21,302601858
4,422917450
11,166145361
6,443052015
11,370085638
19,385445333
25,385445333
8,1144530
5,672165909
20,741081459
7,177122224
9,461157785
13,421999217
20,192202321
10,57651364
18,26397483
5,9161338
17,252188288
18,252188288
7,109309750
15,233158114
16,233158114
17,233158114
18,233158114
19,233158114
20,233158114
22,233158114
23,233158114
24,233158114
25,233158114
26,233158114
13,410058152
16,372215458
24,372215458
15,298263301
16,298263301
18,298263301
22,298263301
23,298263301
24,298263301
25,298263301
1,348839382
2,348839382
3,348839382
4,348839382
5,348839382
6,348839382
7,348839382
8,348839382
9,348839382
10,348839382
11,348839382
12,348839382
13,348839382
21,53430041
20,441606549
26,441606549
21,149396870
4,23139530
4,439913926
1,302296434
28,302296434
2,12994890
16,414874184
17,414874184
24,414874184
21,105379659
18,625585237
18,370943224
18,625585231
4,121076714
14,202300296
15,202300296
16,202300296
17,202300296
21,202300296
22,202300296
23,202300296
24,202300296
14,367169308
15,367169308
3,140478472
19,322400318
5,1250913
10,229184196
18,427515821
24,427515821
25,427515821
3,178170643
4,178170643
23,199499736
5,242937715
23,310395304
2,188573364
22,136952295
2,201898339
3,201898339
9,101110887
22,161043410
23,161043410
7,388083421
18,431870038
24,367006563
25,367006563
17,240776111
1,355704636
2,355704636
5,37992349
6,386273417
15,158534472
16,158534472
22,158534472
23,158534472
3,101058750
4,101058750
10,97905782
11,359572481
12,359572481
14,148969057
15,148969057
21,148969057
22,148969057
17,331807913
8,283582034
18,436936505
15,276907592
16,276907592
14,355935333
20,355935333
1,238813187
27,238813187
14,198512921
20,198512921
21,198512921
22,198512921
2,201898222
3,201898222
20,239192876
25,88780524
26,88780524
14,156152779
20,156152779
21,156152779
26,156152779
1,281779297
2,281779297
28,281779297
27,394580581
28,394580581
19,450248136
2,2052312662
2,441056236
2,2052312661
3,32557373
17,268626115
24,268626115
6,238030337
8,238030337
17,13822330
19,440378719
16,158035258
23,158035258
14,142945807
21,142945807
8,24690880
9,24690880
4,257602548
19,102678706
25,102678706
26,102678706
1,425937008
2,425937008
28,425937008
8,82365136
9,82365136
15,455520466
16,455520466
19,298412511
20,298412511
26,298412511
4,332743270
14,376701007
28,197682960
22,139116996
1,41358832
3,41358832
4,41358832
6,41358832
7,41358832
8,41358832
9,41358832
10,41358832
11,41358832
13,41358832
27,409697219
6,37662248
6,706004126
6,706004127
8,334656191
24,57103692
25,57103692
4,44647136
5,44647136
17,470915920
18,470915920
24,470915920
3,439488901
16,469952974
17,469952974
14,451748638
14,156152778
20,156152778
21,156152778
26,156152778
4,274134958
14,243400994
15,243400994
11,61391616
22,900297865
22,392402786
22,900297864
25,157446815
26,157446815
22,903769927
22,144352653
22,903769926
14,160491312
15,160491312
16,160491312
17,160491312
19,160491312
20,160491312
22,160491312
23,160491312
25,160491312
26,160491312
16,422305731
17,422305731
18,422305731
24,422305731
6,33943446
28,441195194
22,148683017
1,220512758
28,220512758
14,233170203
15,233170203
16,233170203
20,233170203
21,233170203
22,233170203
11,399187492
23,162493735
24,162493735
25,162493735
9,45605492
19,408772407
7,247170724
2,76946869
1,238868450
27,238868450
28,238868450
4,318840004
24,368923404
25,368923404
16,24792733
17,24792733
6,117817258
7,117817258
22,161725589
23,161725589
24,161725589
4,89240252
17,366556144
18,366556144
19,366556144
24,366556144
25,366556144
4,651556599
4,89237799
4,651556600
22,14744328
3,37763184
18,332494764
6,39584562
19,305863651
16,23836678
23,23836678
22,371566565
9,185240200
14,310980326
15,310980326
21,310980326
22,310980326
10,429354344
5,345412734
5,345412735
21,23971516
14,219877921
15,219877921
16,219877921
17,219877921
18,219877921
19,219877921
20,219877921
21,219877921
22,219877921
23,219877921
24,219877921
25,219877921
26,219877921
2,201898220
3,201898220
6,148490046
7,148490046
3,67649637
6,72426532
17,327188003
18,327188003
8,875557940
22,172571313
5,464779505
16,155916100
23,155916100
24,155916100
8,96033608
2,207211020
3,207211020
14,295893467
15,295893467
16,295893467
24,188777430
25,188777430
26,188777430
21,117409256
28,175286652
9,356838394
10,356838394
11,356838394
16,455816875
17,455816875
15,313425320
16,313425320
18,313425320
22,313425320
23,313425320
24,313425320
25,313425320
11,29983149
15,233165121
24,284170829
22,393883627
18,348134933
12,349240617
26,274236620
20,365949934
21,365949934
20,950768810
21,950768810
10,57830249
5,250131154
3,67649023
14,341705384
14,341705384
15,341705384
15,341705384
15,274393297
16,274393297
5,31050929
6,31050929
10,421190862
16,2041782616
17,2041782616
16,455793877
17,455793877
7,112409462
6,34931437
17,346565207
24,346565207
26,43789224
18,470113419
19,470113419
20,470113419
24,470113419
25,470113419
26,470113419
5,71090972
2,184689259
8,78152374
8,78152374
27,352437701
6,39542007
21,239199631
11,364747813
5,408158058
5,293696773
21,232563862
22,232563862
23,232563862
12,277204638
11,242534947
8,33281803
27,364424010
28,364424010
26,278188398
15,150385968
22,150385968
16,27490737
23,27490737
14,142878895
15,142878895
21,142878895
7,750970278
7,31929686
7,750970285
5,423810900
10,14717691
7,280529760
5,139683549
14,120576257
26,120576257
2,152088075
1,290777240
4,290777240
5,290777240
6,290777240
7,290777240
10,290777240
11,290777240
27,290777240
2,166787846
3,166787846
6,247960117
5,245822014
15,441664609
16,441664609
22,441664609
23,441664609
6,94991161
1,389426731
27,389426731
27,389426731
1,1990657313
27,1990657313
27,1990657313
14,236780858
15,236780858
16,236780858
25,236780858
26,236780858
6,25506601
2,206604031
11,7549525
10,275360150
20,86231880
21,86231880
26,235613022
23,418021130
24,29290709
16,249744004
17,249744004
23,417179449
12,381285216
17,306426602
14,142940412
15,142940412
21,142940412
5,77893078
6,77893078
9,188173172
17,14007881
5,59127215
1,370283173
18,436877992
15,148914672
21,148914672
22,148914672
15,165599289
22,165599289
23,165599289
3,54017957
18,641882518
18,90670716
18,641882517
18,280320042
19,280320042
14,122604247
17,269048046
18,269048046
24,269048046
25,313610499
26,313610499
20,355058979
21,386908715
5,146804493
21,117409112
27,166464026
23,241270205
18,28779006
13,355130708
27,355130708
9,192941085
18,116762346
16,445871218
1,350025862
2,350025862
3,350025862
4,350025862
5,350025862
7,350025862
8,350025862
9,350025862
10,350025862
11,350025862
12,350025862
13,350025862
27,350025862
28,350025862
11,464681766
11,471012657
6,385813116
27,277069888
16,148781504
23,148781504
15,286201103
16,286201103
5,373053873
14,383826109
13,360912453
28,214428203
15,161746333
16,161746333
22,161746333
23,161746333
24,161746333
3,200790342
4,200790342
5,139725285
15,159210154
22,159210154
10,844331971
11,844331971
23,22819180
1,271975726
2,271975726
3,271975726
4,271975726
5,271975726
6,271975726
7,271975726
9,271975726
10,271975726
11,271975726
12,271975726
13,271975726
27,271975726
28,271975726
10,204669366
6,231147228
23,88221846
22,144283048
8,186755237
14,950598292
15,950598292
21,950598292
22,950598292
14,147671540
15,147671540
21,147671540
22,147671540
27,320915249
3,38381574
23,157838356
11,958177323
11,338035809
11,958177356
1,79301672
27,79301672
6,20297123
7,339956143
8,339956143
9,339956143
13,339956143
16,309850275
22,309850275
24,309850275
20,420267323
25,420267323
26,420267323
7,14612845
5,146539195
5,448939025
5,448939025
14,391772943
14,258804174
15,258804174
16,258804174
17,258804174
18,258804174
19,258804174
20,258804174
21,258804174
22,258804174
23,258804174
24,258804174
25,258804174
26,258804174
4,640074066
4,299496195
7,155275387
8,155275387
21,159289603
14,332476224
15,332476224
16,332476224
17,332476224
18,332476224
19,332476224
20,332476224
21,332476224
23,332476224
24,332476224
25,332476224
26,332476224
9,55223193
12,27117515
10,97971639
14,391970568
13,407925682
1,150321663
2,150321663
3,150321663
4,150321663
5,150321663
6,150321663
8,150321663
9,150321663
10,150321663
11,150321663
12,150321663
13,150321663
11,395130640
12,395130640
13,403995704
27,403995704
15,150387899
16,150387899
22,150387899
17,312461969
18,312461969
24,312461969
1,150065151
2,150065151
4,150065151
5,150065151
6,150065151
7,150065151
8,150065151
9,150065151
10,150065151
11,150065151
12,150065151
27,150065151
28,150065151
13,118278380
3,268863327
9,391898935
13,277911470
15,207435614
16,207435614
23,207435614
24,207435614
25,207435614
10,1001730020
10,357413295
10,1001730019
21,99903585
14,40089361
15,40089361
13,300282484
27,300282484
2,207171025
3,207171025
19,356212274
18,302554247
24,302554247
25,302554247
1,234338669
2,234338669
27,234338669
28,234338669
3,43451426
5,455032060
19,456258179
20,456258179
15,352949913
16,352949913
17,352949913
24,352949913
16,310394188
6,301186784
6,120837947
14,165528645
15,165528645
16,165528645
17,165528645
18,165528645
20,165528645
21,165528645
22,165528645
23,165528645
24,165528645
25,165528645
26,165528645
4,12574159
6,288158896
10,124203608
26,84794909
8,774835568
6,279580178
19,440338188
1,197987557
27,197987557
28,197987557
19,310965973
10,390586370
14,59525277
18,186971331
8,2017181
1,269829656
27,269829656
27,271521461
7,452845635
4,332819165
14,243353202
15,243353202
16,243353202
26,243353202
22,77113678
15,224303753
22,224303753
7,455213748
6,748186984
14,371882145
2,609913005
2,120488589
14,219773818
15,219773818
16,219773818
17,219773818
18,219773818
19,219773818
20,219773818
22,219773818
23,219773818
24,219773818
25,219773818
26,219773818
15,330094198
4,280866656
12,280866656
13,280866656
27,280866656
4,308243553
19,27521121
16,197356224
2,2055882032
5,14220865
6,14220865
7,187458132
19,28180663
3,268765670
13,341076768
12,41943710
1,412050326
20,85145408
14,198211921
15,198211921
16,198211921
17,198211921
18,198211921
19,198211921
20,198211921
21,198211921
22,198211921
23,198211921
24,198211921
26,198211921
9,305567403
20,11669592
11,405617415
1,167651836
2,167651836
3,167651836
4,167651836
6,167651836
7,167651836
8,167651836
9,167651836
10,167651836
11,167651836
12,167651836
13,167651836
27,167651836
28,167651836
25,1309002623
25,345727464
28,155940811
2,66437435
3,248986951
1,29670036
1,302298728
28,302298728
24,459255955
13,319739812
27,319739812
19,321157037
6,156735150
1,214516789
14,160603678
15,160603678
18,160603678
19,160603678
23,160603678
25,160603678
26,160603678
20,252875556
22,365967778
21,16220023
14,160299143
21,160299143
26,160299143
2,201800026
3,201800026
12,230795292
14,294080926
18,289269327
19,289269327
7,751158103
7,93849626
18,288600628
19,288600628
20,288600628
24,288600628
4,685958594
5,685958594
4,321125325
5,321125325
8,189407134
8,144060554
10,1735555
22,144379672
19,459014766
5,179016072
18,461579405
20,461579405
25,461579405
26,461579405
10,372151525
11,372151525
23,27227180
8,1813768
1,2055493175
1,121471739
1,2055493174
21,392365135
5,139651630
6,234265071
8,189293251
22,290949039
5,408114334
20,73493290
4,209463384
2,332519883
13,343648067
22,18906783
17,15518198
20,88211854
6,280542221
9,185247279
9,185247277
17,177175753
8,143534628
3,42071226
12,290408720
13,290408720
27,290408720
23,88190352
23,953601928
14,232564158
16,232564158
21,232564158
22,232564158
23,232564158
20,71332110
23,199496203
23,954015836
12,410366850
13,410366850
27,410366850
10,163190353
5,117626744
7,750914535
7,750914537
7,36332877
4,372801661
19,408198718
7,155719375
8,155719375
20,144282456
15,99329966
21,99329966
22,99329966
6,172193329
7,172193329
17,378527773
18,378527773
24,378527773
25,378527773
2,251846450
18,415957794
12,351099931
4,98728106
23,165987639
5,167453276
6,170105622
2,120609299
27,80091347
21,148654862
13,273270325
27,273270325
1,52242947
2,301866976
5,301866976
9,301866976
10,301866976
11,301866976
12,301866976
14,383553281
18,383553281
19,383553281
20,383553281
25,383553281
26,383553281
3,651037119
3,160008311
6,232140354
7,108655743
5,453856042
6,453856042
10,6080339
14,277996753
10,99142114
8,26262671
2,207172859
3,207172859
4,207172859
23,158016876
24,158016876
4,63958788
14,230090756
15,230090756
17,230090756
18,230090756
19,230090756
20,230090756
21,230090756
22,230090756
23,230090756
24,230090756
25,230090756
26,230090756
16,330944793
17,330944793
24,330944793
1,25153167
2,25153167
3,25153167
4,25153167
5,25153167
6,25153167
7,25153167
9,25153167
10,25153167
11,25153167
12,25153167
13,25153167
27,25153167
28,25153167
5,37816624
2,339607562
4,339607562
15,165469193
16,165469193
22,165469193
23,165469193
17,188816237
24,188816237
25,188816237
26,188816237
6,39217420
23,87603808
21,136945631
22,136945631
7,332389955
26,135618283
18,399738642
19,399738642
22,159526552
3,146711335
4,146711335
5,38050278
1,29430569
24,445889890
25,445889890
19,265765541
6,302271696
7,32004874
18,126063942
15,403335239
16,403335239
17,403335239
18,403335239
19,403335239
21,403335239
22,403335239
24,403335239
25,403335239
9,902714957
9,148576168
19,459837153
20,459837153
25,459837153
26,459837153
3,651069895
4,651069895
3,160004049
4,160004049
3,651069894
4,651069894
15,233080541
16,233080541
18,233080541
19,233080541
20,233080541
21,233080541
22,233080541
23,233080541
24,233080541
25,233080541
26,233080541
23,416022121
23,219028752
5,442898238
18,400891204
19,400891204
1,262818859
5,432699513
15,13725513
24,310562496
7,14444062
7,761911887
7,14768025
1,350215424
8,265402021
14,316451175
15,316451175
16,316451175
21,316451175
22,316451175
23,316451175
4,439874904
14,272781143
15,272781143
17,272781143
19,272781143
21,272781143
22,272781143
23,272781143
25,272781143
15,445862633
16,445862633
22,445862633
23,445862633
15,243260396
26,243260396
23,307789889
20,444897453
16,370337899
17,370337899
6,237515636
18,250724292
25,356316460
26,356316460
19,269464388
1,161174284
1,161174284
12,311179900
13,311179900
14,441765151
15,441765151
16,441765151
17,441765151
18,441765151
19,441765151
20,441765151
21,441765151
22,441765151
23,441765151
24,441765151
25,441765151
26,441765151
5,442958692
6,442958692
20,88658497
5,117645279
11,7555343
11,7555343
1,25153635
2,25153635
3,25153635
4,25153635
6,25153635
7,25153635
8,25153635
9,25153635
10,25153635
11,25153635
12,25153635
13,25153635
27,25153635
28,25153635
27,98117251
20,71432847
14,404141259
5,408000559
1,370282727
27,370282727
28,370282727
1,2026581258
27,2026581258
28,2026581258
17,267873368
7,770502943
8,770502943
14,229671667
15,229671667
16,229671667
17,229671667
18,229671667
19,229671667
20,229671667
21,229671667
22,229671667
23,229671667
24,229671667
25,229671667
26,229671667
24,362064899
25,362064899
26,362064899
23,22896295
19,265579763
23,390629427
27,403995493
5,442897934
6,442897934
2,149021251
14,219855010
15,219855010
16,219855010
17,219855010
18,219855010
20,219855010
21,219855010
23,219855010
24,219855010
25,219855010
26,219855010
23,115104089
2,120442975
18,10605297
15,196220336
23,138126229
16,66198474
17,66198474
2,80362748
9,185220736
14,138560336
15,138560336
21,138560336
27,271631224
27,141756992
28,141756992
27,735327716
28,735327716
15,147680552
24,445873466
6,20093012
26,44310393
17,188819782
20,188819782
24,188819782
25,188819782
17,202550762
22,358766254
17,201929047
1,269740911
12,269740911
25,356062524
26,356062524
14,417323700
14,115876322
11,361113777
12,361113777
5,671714237
5,56096602
5,671714236
14,462637035
15,462637035
16,462637035
17,462637035
18,462637035
19,462637035
20,462637035
21,462637035
22,462637035
23,462637035
24,462637035
25,462637035
26,462637035
23,20204780
24,20204780
15,293686825
16,293686825
22,293686825
23,293686825
1,38820496
2,38820496
27,38820496
28,38820496
9,185192653
28,152938557
13,372219083
4,402134668
1,234997090
28,234997090
4,441507745
1,260972843
2,260972843
4,260972843
5,260972843
8,260972843
11,260972843
12,260972843
27,260972843
28,260972843
28,121468862
9,380039431
13,352293273
27,352293273
1,278615421
28,278615421
4,161477404
16,198359767
17,198359767
20,198359767
23,198359767
24,198359767
25,198359767
26,198359767
14,233529981
16,233529981
17,233529981
18,233529981
19,233529981
20,233529981
21,233529981
22,233529981
23,233529981
24,233529981
25,233529981
26,233529981
13,341465414
27,341465414
9,101228155
5,436640602
14,1550823673
26,1550823673
13,118983122
2,149018549
8,323689495
4,92250727
4,92250728
22,18869455
1,350433330
3,350433330
4,350433330
5,350433330
6,350433330
7,350433330
8,350433330
9,350433330
10,350433330
11,350433330
13,350433330
8,428626269
2,188586529
19,29230681
14,137729107
15,137729107
21,137729107
14,219010551
15,219010551
16,219010551
20,219010551
21,219010551
22,219010551
17,444525228
18,444525228
24,444525228
1,441192731
14,278234708
20,456307627
10,333289147
17,372390514
18,372390514
24,372390514
25,372390514
14,198236067
15,198236067
16,198236067
17,198236067
18,198236067
19,198236067
20,198236067
21,198236067
22,198236067
24,198236067
25,198236067
26,198236067
14,289589923
15,289589923
16,289589923
17,289589923
18,289589923
19,289589923
21,289589923
22,289589923
23,289589923
24,289589923
25,289589923
26,289589923
3,32452177
9,55146934
12,383381662
13,383381662
27,383381662
17,26824497
23,380731887
14,158319116
26,158319116
14,186130100
15,186130100
13,61383924
27,61383924
4,98869696
2,293162811
3,293162811
4,293162811
5,293162811
6,4351900
19,102680111
25,102680111
26,102680111
7,422025032
14,210308814
15,210308814
26,348922687
6,32869468
1,2028564583
1,209398747
1,139804696
27,139804696
28,139804696
1,431383040
13,431383040
27,431383040
28,431383040
20,86273642
21,86273642
18,247407208
6,34527902
5,415333201
24,188600399
26,188600399
5,192825635
6,192825635
5,735032441
6,735032441
17,308126348
18,308126348
12,254487666
18,399856143
19,399856143
25,399856143
26,399856143
10,99028324
1,234523931
28,234523931
13,291195335
27,291195335
3,632122258
3,140478471
3,632122259
15,166546392
12,80358625
23,159941420
3,423669336
2,204351645
2,2052017355
18,354785188
19,354785188
12,273961259
4,9804358
5,464753016
15,313975570
17,313975570
9,14326951
27,340901612
5,179049515
3,29923559
19,88059598
28,197601496
9,152719658
1,167165793
2,167165793
3,167165793
4,167165793
5,167165793
6,167165793
7,167165793
9,167165793
10,167165793
11,167165793
12,167165793
13,167165793
27,167165793
28,167165793
16,198150924
23,198150924
23,20238843
5,136887388
18,428461645
21,302652340
3,72588189
21,302581657
5,389121763
7,341417608
8,341417608
9,341417608
20,80881672
13,345171527
6,43325151
6,32833127
15,239585318
15,468588152
16,176948652
17,176948652
14,352015093
15,352015093
26,352015093
6,32759110
9,146714732
10,146714732
23,68073008
24,68073008
1,235057105
3,235057105
4,235057105
5,235057105
6,235057105
7,235057105
10,235057105
11,235057105
13,235057105
27,235057105
25,85462495
26,85462495
8,17464704
22,138800822
14,245149280
14,245149280
14,245149277
14,245149277
2,270377135
7,754939561
7,122723011
7,754939563
18,468297427
19,468297427
25,468297427
26,468297427
5,59086175
16,282926211
22,282926211
23,282926211
7,97841629
5,249040177
27,38462406
28,38462406
7,123027358
8,123027358
14,42811486
10,415805998
10,357413295
10,1001730019
10,1001730020
22,393858917
3,201856950
1,33880418
2,33880418
3,33880418
4,33880418
5,33880418
6,33880418
7,33880418
8,33880418
9,33880418
10,33880418
11,33880418
12,33880418
13,33880418
27,33880418
28,33880418
4,142984376
16,120110939
14,121215343
12,405253504
13,405253504
27,405253504
25,320388380
14,30523688
5,671884092
11,363881864
16,408628799
24,408628799
5,246896205
20,276235469
19,174899748
18,354257585
6,124987954
7,124987954
3,206493689
4,206493689
4,328380337
13,376776879
14,279228826
14,279228826
21,173002817
1,30186108
2,30186108
3,30186108
4,30186108
6,30186108
7,30186108
8,30186108
9,30186108
10,30186108
11,30186108
12,30186108
13,30186108
27,30186108
28,30186108
16,430844759
16,274486422
23,274486422
24,274486422
25,274486422
26,274486422
20,71349488
14,272748597
15,272748597
16,272748597
17,272748597
20,272748597
21,272748597
22,272748597
23,272748597
24,272748597
26,198589449
8,271783713
3,32421786
3,299200024
4,434164859
22,144381362
12,383353664
13,383353664
5,354572301
6,354572301
25,39427536
26,39427536
6,80033631
10,255848989
11,255848989
1,269848954
8,269848954
12,269848954
22,393926404
23,393926404
17,267739883
7,112603237
21,150269175
6,438462123
21,53451503
4,408128462
4,35861740
8,5452654
9,5452654
17,1884577440
18,1884577440
19,1884577440
20,1884577440
23,1884577440
24,1884577440
25,1884577440
26,1884577440
17,235940812
18,235940812
19,235940812
20,235940812
23,235940812
24,235940812
25,235940812
26,235940812
13,254085343
5,457191730
20,164955472
11,449798870
12,449798870
4,152475404
5,152475404
24,311115019
12,274461670
19,418291587
25,418291587
26,418291587
14,233306304
15,233306304
18,192775621
2,279742501
3,279742501
4,279742501
28,279742501
17,439954523
7,130093212
8,130093212
3,146245416
10,5970018
25,159818290
26,159818290
14,233176655
15,233176655
16,233176655
21,233176655
22,233176655
22,10148345
22,97526444
5,245869850
3,200805651
4,200805651
8,413278712
18,21131561
24,16998169
4,250388107
27,401624357
10,248070834
11,248070834
23,173100043
19,446157122
20,446157122
26,446157122
4,456938518
20,252995306
2,5725904
23,369809591
24,236320474
25,236320474
15,445839539
16,445839539
15,62337539
16,62337539
7,750970285
7,31929686
7,750970278
17,352261541
24,115614146
25,115614146
10,162397753
11,162397753
14,272705043
15,272705043
16,272705043
17,272705043
20,272705043
21,272705043
22,272705043
23,272705043
26,272705043
14,232521209
15,232521209
20,232521209
21,232521209
19,320949734
18,82099975
19,82099975
9,148563078
14,186236329
15,186236329
18,429005583
19,429005583
24,429005583
25,429005583
26,429005583
5,34164657
16,116415883
23,116415883
24,116415883
6,238010220
7,238010220
24,351697960
25,351697960
7,81352708
8,81352708
8,78152374
8,78152374
8,78152373
8,78152373
22,371793436
6,148047476
7,148047476
1,279314127
28,279314127
11,7555342
11,7555342
11,7555343
11,7555343
1,260609189
2,260609189
3,260609189
4,260609189
5,260609189
6,260609189
7,260609189
8,260609189
9,260609189
10,260609189
11,260609189
12,260609189
13,260609189
28,260609189
11,121305264
14,389913701
15,389913701
18,389913701
19,389913701
21,389913701
22,389913701
25,389913701
26,389913701
22,77113773
24,188546413
24,188546413
24,188546412
24,188546412
12,189613780
16,1001170427
22,1001170427
23,1001170427
16,332278062
22,332278062
23,332278062
1,139804406
27,139804406
28,139804406
19,141618054
20,141618054
26,141618054
18,406517901
19,406517901
20,406517901
25,406517901
26,406517901
1,289840928
28,289840928
20,252904217
23,156004616
24,156004616
1,231828950
2,231828950
28,231828950
1,183494855
13,183494855
27,183494855
28,183494855
9,48429569
14,233745344
16,233745344
17,233745344
18,233745344
19,233745344
20,233745344
21,233745344
22,233745344
23,233745344
24,233745344
25,233745344
26,233745344
19,117098739
1,271972896
2,271972896
3,271972896
4,271972896
6,271972896
7,271972896
9,271972896
10,271972896
11,271972896
12,271972896
13,271972896
3,3887989
1,29390897
11,83917151
5,450104260
19,312354502
16,393944518
23,393944518
14,159398282
15,159398282
19,159398282
20,159398282
21,159398282
25,159398282
26,159398282
14,104461005
11,185854309
15,207435297
16,207435297
19,207435297
22,207435297
23,207435297
24,207435297
25,207435297
21,172532214
12,189084771
12,1139760962
14,28403930
26,28403930
1,234497476
2,234497476
28,234497476
19,391704818
27,52153067
28,52153067
4,150100106
5,150100106
6,150100106
7,150100106
8,150100106
9,150100106
10,150100106
11,150100106
12,150100106
27,150100106
28,150100106
13,254267645
27,254267645
23,298433771
27,152181301
14,198211975
15,198211975
16,198211975
17,198211975
18,198211975
19,198211975
20,198211975
21,198211975
22,198211975
23,198211975
24,198211975
25,198211975
26,198211975
15,441800183
16,441800183
17,441800183
18,441800183
19,441800183
20,441800183
21,441800183
22,441800183
24,441800183
26,441800183
4,178241984
5,178241984
7,453002670
7,268337013
8,268337013
1,209375295
28,209375295
17,196815186
18,196815186
18,77258640
22,95837194
22,386971069
3,404466393
7,50837643
9,408438072
10,466538554
11,466538554
17,301944194
18,301102220
4,89256199
5,89256199
17,18226048
1,406344319
5,396862066
3,268717502
14,169569630
15,169569630
17,202758717
1,350559457
2,350559457
3,350559457
4,350559457
5,350559457
6,350559457
7,350559457
8,350559457
9,350559457
10,350559457
11,350559457
12,350559457
13,350559457
27,350559457
28,350559457
19,38335395
13,1987917525
13,325251252
1,38954437
2,38954437
3,38954437
4,38954437
5,38954437
7,38954437
8,38954437
9,38954437
10,38954437
11,38954437
12,38954437
13,38954437
27,38954437
28,38954437
26,235873034
23,71611077
23,71611077
23,71611076
23,71611076
23,71611075
23,71611075
15,469430747
16,469430747
14,11914170
15,11914170
2,89546611
20,81212570
1,259901346
2,259901346
27,259901346
27,259901346
28,259901346
28,259901346
19,66129555
24,459254946
8,180984034
9,180984034
1,287148041
13,287148041
27,287148041
3,24226929
15,194377781
17,414825587
14,353732913
15,353732913
16,353732913
17,353732913
18,353732913
19,353732913
20,353732913
21,353732913
22,353732913
23,353732913
24,353732913
25,353732913
26,353732913
24,1101672810
24,376674429
26,320796170
20,192948964
1,684944592
2,684944592
3,684944592
4,684944592
5,684944592
7,684944592
8,684944592
9,684944592
11,684944592
12,684944592
1,38519210
2,38519210
3,38519210
4,38519210
5,38519210
7,38519210
8,38519210
9,38519210
11,38519210
12,38519210
8,14309061
19,426260614
5,671822340
5,34198032
5,671822341
15,161729486
16,161729486
22,161729486
23,161729486
24,161729486
9,396902294
7,62397411
18,264615806
18,624521509
18,264615805
2,2761472
25,43434316
26,43434316
14,370303933
1,279729078
2,279729078
3,279729078
8,93014800
12,282405333
10,415809914
12,447631327
18,20876306
8,270147008
4,49907908
14,158447498
15,158447498
21,158447498
22,158447498
22,156377163
8,25208210
9,25208210
13,25982091
22,63239224
1,278703988
1,139990632
17,202409832
9,25902832
1,281461138
2,281461138
28,281461138
10,843211134
11,843211134
12,843211134
10,452481117
11,452481117
12,452481117
10,843211135
11,843211135
12,843211135
10,422383012
23,198485739
19,420456160
20,420456160
25,420456160
26,420456160
3,632122259
3,140478471
3,632122258
17,26764343
17,347308021
18,347308021
24,347308021
14,282546263
15,282546263
10,423604152
19,115894138
3,284083493
21,150265247
1,231815113
4,231815113
5,231815113
6,231815113
7,231815113
10,231815113
11,231815113
27,231815113
27,231815113
28,231815113
28,231815113
3,123291548
2,9051849
2,155896947
28,155896947
19,354147456
2,175372606
28,175372606
7,123138072
19,262715241
10,398269278
14,271357107
15,271357107
15,141209440
22,141209440
4,35858192
7,747694361
7,147711421
2,224276435
23,115111347
14,160488046
15,160488046
16,160488046
17,160488046
19,160488046
20,160488046
22,160488046
23,160488046
25,160488046
26,160488046
1,209394625
28,209394625
1,232073492
2,232073492
27,232073492
28,232073492
9,358159237
11,358159237
12,221515129
21,456344489
1,410449119
4,410449119
7,410449119
9,410449119
10,410449119
11,410449119
4,7652962
5,7652962
15,343737391
16,343737391
20,192204373
17,237294011
18,237294011
19,237294011
20,237294011
23,237294011
24,237294011
25,237294011
26,237294011
4,38471444
9,185259409
18,249861551
19,459927582
20,459927582
26,459927582
22,18021702
11,46099777
26,23988603
14,356683689
20,356683689
21,356683689
7,440774293
3,24923161
5,415401407
4,168726017
5,168726017
5,416836560
6,265902093
17,174433495
17,174433495
20,141431605
22,389788134
3,212381464
9,219126214
21,17191554
20,371106762
7,129365196
8,129365196
6,388899741
6,306331621
6,457230759
19,391411219
2,49678165
18,249831571
25,320420219
1,273550465
13,273550465
14,278251842
18,384597830
15,229738650
16,229738650
21,229738650
22,229738650
24,357502705
23,157906847
1,270672809
4,270672809
5,270672809
6,270672809
7,270672809
11,270672809
28,270672809
1,277751234
27,277751234
28,277751234
8,24541237
9,24541237
8,874907761
9,874907761
5,176379866
22,148675649
18,247015575
6,50745567
6,50745567
11,7472671
18,34690309
12,423236614
13,423236614
27,423236614
24,219843707
28,231835379
21,166597074
24,376676124
25,376676124
19,59967037
22,97521831
9,20325775
3,139485218
4,139485218
4,406449790
5,671628828
5,146819340
13,118520260
2,231057252
3,231057252
28,231057252
3,200790342
4,200790342
21,318231746
14,352239584
16,352239584
17,352239584
19,352239584
20,352239584
21,352239584
23,352239584
24,352239584
26,352239584
3,123291321
14,239456636
5,345449475
5,345449475
5,345449474
5,345449474
14,377444019
17,283909687
21,88647937
1,183306102
13,183306102
14,159330793
19,159330793
21,159330793
25,159330793
26,159330793
18,453302410
10,432194287
15,25339861
13,410058419
2,206649733
5,9344417
20,191810494
12,26711126
9,157773922
22,286944183
23,286944183
10,30115135
3,40103367
3,212951170
5,231973593
6,231973593
7,231973593
19,115384499
18,353957945
21,166616170
19,339161597
4,13955081
5,13955081
14,219798074
15,219798074
16,219798074
17,219798074
18,219798074
19,219798074
20,219798074
21,219798074
22,219798074
23,219798074
24,219798074
25,219798074
26,219798074
6,143380238
3,122608433
4,122608433
2,115693552
23,392925200
14,245219123
24,255885607
10,901426300
10,293084151
23,450341981
3,122669742
4,122669742
2,155895287
28,155895287
1,139763851
27,139763851
28,139763851
2,207138379
3,207138379
14,137726810
15,137726810
21,137726810
17,372061167
18,372061167
24,372061167
6,339638912
7,339638912
8,339638912
9,339638912
13,339638912
13,200230413
27,200230413
15,219881072
16,219881072
17,219881072
18,219881072
19,219881072
20,219881072
22,219881072
23,219881072
24,219881072
25,219881072
26,219881072
16,283828888
23,283828888
3,268635866
10,142171751
14,282923395
15,282923395
16,282923395
21,282923395
22,282923395
23,282923395
20,86265580
21,86265580
4,404507259
5,404507259
6,279788069
21,139399792
3,92225387
16,199517573
1,99769004
1,260127241
2,260127241
3,260127241
4,260127241
5,260127241
6,260127241
7,260127241
8,260127241
9,260127241
10,260127241
11,260127241
12,260127241
13,260127241
27,260127241
28,260127241
20,138291351
10,107016720
16,469952937
17,469952937
24,155998588
26,76193813
6,235268616
5,464773156
17,311704796
18,311704796
5,242991084
12,250081915
19,250081915
19,353043028
25,21898604
26,21898604
26,275372891
20,142155612
7,65886506
5,450100760
23,393701867
3,165901998
19,400130327
20,142269913
6,52970412
3,219252956
22,18906658
15,137858708
16,137858708
5,436573134
17,403215000
24,403215000
14,138579249
15,138579249
21,138579249
3,423386118
14,358616084
20,358616084
21,358616084
26,358616084
8,118539745
9,118539745
10,118539745
1,152875048
28,152875048
6,147948928
7,147948928
15,63052569
16,63052569
21,355817287
14,229404121
15,229404121
16,229404121
17,229404121
18,229404121
20,229404121
21,229404121
22,229404121
23,229404121
24,229404121
25,229404121
26,229404121
20,397533178
25,397533178
26,397533178
27,466695740
9,355304062
10,355304062
11,355304062
10,286165476
6,34582644
7,18997880
1,441114315
1,300577723
28,300577723
5,448808986
5,30996028
6,30996028
23,156646255
18,149851148
9,423433094
7,453171588
14,103688741
3,123319494
2,332517282
27,152184242
17,25774966
24,25774966
5,245820525
2,332507607
23,390730673
8,77559681
24,409373696
5,459923336
16,173855784
17,173855784
14,416536807
15,416536807
21,416536807
14,219755626
15,219755626
16,219755626
17,219755626
19,219755626
20,219755626
21,219755626
22,219755626
23,219755626
24,219755626
25,219755626
26,219755626
19,138073313
20,138073313
26,138073313
10,277958255
8,405023420
23,157981251
24,157981251
1,270303015
15,161725074
16,161725074
22,161725074
23,161725074
24,161725074
8,185171397
5,32677026
6,32677026
14,99989665
15,99989665
21,99989665
9,101251974
18,77568002
6,234625572
2,12967420
6,159028275
14,279228826
14,279228826
14,279228819
14,279228819
20,309707605
18,200799059
4,427544839
5,37905906
25,233043005
26,233043005
15,136995130
16,136995130
22,136995130
6,49190174
7,49190174
11,323937318
12,323937318
14,362259204
15,362259204
16,362259204
17,362259204
18,362259204
19,362259204
20,362259204
21,362259204
22,362259204
23,362259204
24,362259204
26,362259204
2,441053099
2,254287393
17,196840938
14,232814030
15,232814030
17,155260498
22,18908974
21,355175840
5,450075496
20,309720356
14,70244792
1,302376679
27,290422584
3,152359553
4,152359553
17,174433494
17,174433494
21,115855205
20,155754871
10,32612670
3,114436019
26,8266786
24,388435791
26,388435791
22,393800499
10,2488627
19,310634695
6,251135630
5,399753595
11,323429176
12,323429176
13,323429176
18,424093916
26,336664287
18,184739388
18,621113285
18,90768237
18,332571654
26,322433679
1,237883772
2,237883772
28,237883772
28,237883772
17,432481983
27,394417221
18,388606196
19,388606196
24,388606196
26,388606196
1,33716034
2,33716034
3,33716034
5,33716034
6,33716034
8,33716034
9,33716034
10,33716034
12,33716034
13,33716034
7,5859965
8,4510637
9,4510637
28,441021030
7,264597364
24,236391010
25,236391010
7,187715374
5,454143370
17,327189990
18,327189990
10,98952612
16,298201055
23,298201055
14,170072117
14,361554381
18,34854348
2,2052343623
2,441052811
2,2052343624
21,328583962
13,337757672
22,141201347
14,99956793
15,99956793
21,99956793
8,366659242
22,156375740
18,441811894
19,441811894
25,441811894
26,441811894
2,204377335
14,257048637
15,257048637
20,257048637
21,257048637
22,257048637
26,257048637
5,454118729
22,285050912
19,258139510
5,399670181
21,86376604
17,22662013
18,22662013
19,347335726
26,308358603
22,53579131
10,134657409
8,60685707
5,138759938
5,445916789
3,42054880
27,100327960
27,300454239
18,256483564
3,63905387
19,328815845
20,328815845
26,328815845
14,219859629
15,219859629
16,219859629
17,219859629
19,219859629
20,219859629
21,219859629
22,219859629
23,219859629
24,219859629
25,219859629
26,219859629
14,424699508
15,424699508
16,424699508
17,174394433
10,415808109
20,53307637
5,435928339
1,25243422
28,25243422
11,179006947
24,284762958
25,284762958
15,286915859
16,286915859
22,286915859
19,704137835
19,440529246
19,704137836
13,344040430
16,233463911
22,233463911
23,233463911
2,47337894
11,68069
20,16532008
13,360821683
27,360821683
15,441662762
16,441662762
22,441662762
23,441662762
2,47296169
15,165597292
22,165597292
23,165597292
3,259701898
4,259701898
5,259701898
6,259701898
14,219807052
15,219807052
16,219807052
17,219807052
18,219807052
19,219807052
20,219807052
21,219807052
23,219807052
24,219807052
25,219807052
26,219807052
25,18320299
26,18320299
19,72612844
7,145284936
8,145284936
14,137631028
23,458455803
14,282430530
24,307909983
8,401854047
9,401854047
14,26879824
15,26879824
8,142795143
2,201861769
18,187086599
15,419923706
16,419923706
22,165717667
19,428888136
25,428888136
26,428888136
6,167254825
20,142203995
16,422429539
17,422429539
18,422429539
2,120506718
14,232649744
15,232649744
16,232649744
18,232649744
19,232649744
20,232649744
21,232649744
22,232649744
23,232649744
25,232649744
26,232649744
4,278287324
7,278287324
11,278287324
13,278287324
27,278287324
3,266786926
4,65346637
3,37664990
4,13912397
5,13912397
4,65447189
23,71611077
23,71611077
23,71611076
23,71611076
25,39300888
26,39300888
12,211338997
9,148612683
5,298811296
21,308052270
4,36914931
4,36914930
2,69814849
28,69814849
25,82355915
15,162239797
16,162239797
27,260044425
28,260044425
16,352562368
17,352562368
27,152166713
4,137861381
25,39466100
26,39466100
12,426547985
13,426547985
19,70849631
3,66555044
12,225285059
12,402683652
1,89021166
17,1201263165
18,1201263165
19,1201263165
20,1201263165
21,1201263165
22,1201263165
23,1201263165
24,1201263165
25,1201263165
26,1201263165
17,198238568
18,198238568
19,198238568
20,198238568
21,198238568
22,198238568
23,198238568
24,198238568
25,198238568
26,198238568
15,233167260
22,233167260
9,874409631
17,440676546
25,57033458
2,219993473
3,219993473
19,312126465
19,470644962
5,434233425
10,951921182
10,428716184
10,951921181
6,79777560
7,79777560
6,746191509
7,746191509
6,746191513
7,746191513
18,279354493
25,279354493
20,467879574
23,162553471
25,162553471
21,56884086
17,233910001
15,459246990
22,459246990
23,459246990
2,41862041
3,41862041
19,446157830
20,446157830
26,446157830
2,120488589
2,609913005
2,609913006
5,435939517
23,307838336
15,66907957
10,415783664
23,162618414
25,162618414
20,10043630
8,47332966
19,96622151
1,349306411
2,349306411
3,349306411
4,349306411
5,349306411
6,349306411
7,349306411
8,349306411
9,349306411
10,349306411
11,349306411
12,349306411
13,349306411
27,349306411
28,349306411
8,189586289
3,72583223
20,139201991
17,189413666
3,63907355
19,174947583
21,67646988
7,148450970
8,25837464
9,25837464
18,35114577
23,321426318
11,392785968
7,455097704
3,153093483
16,67072736
17,67072736
12,46761053
1,238853459
4,321125325
5,321125325
4,685958594
5,685958594
7,452922110
15,186229924
7,307706586
21,8259902
23,392925238
10,14715718
7,264416231
6,130513139
7,130513139
8,130513139
19,116254596
5,1527678
16,1102511369
17,1102511369
19,1102511369
20,1102511369
21,1102511369
22,1102511369
23,1102511369
26,1102511369
16,272758460
17,272758460
19,272758460
20,272758460
21,272758460
22,272758460
23,272758460
26,272758460
16,1102511370
17,1102511370
19,1102511370
20,1102511370
21,1102511370
22,1102511370
23,1102511370
26,1102511370
4,7690679
5,7690679
16,27434070
23,27434070
10,131119300
9,133234558
10,133234558
17,400098374
14,12456725
16,387959100
17,387959100
18,387959100
19,387959100
24,387959100
25,387959100
15,99330881
22,99330881
5,434167503
26,256030874
1,278784173
1,2028002348
24,57300249
25,57300249
23,43213934
2,2052241049
2,2052241045
2,311057057
2,50232454
13,50232454
23,116501197
24,116501197
16,369489810
6,72417989
9,179232002
15,136307356
16,136307356
1,389051009
27,389051009
27,389051009
28,389051009
28,389051009
4,372785530
7,173755625
8,173755625
7,772612965
8,772612965
7,772612957
8,772612957
17,430067889
10,902315257
10,180257869
10,902315255
3,24251226
10,939616680
10,300385604
1,265526323
27,265526323
20,9154935
24,284352595
19,187092382
4,129815189
1,1992211480
19,3367234
12,1317277322
12,213476914
12,1317277295
23,156691155
18,184681082
18,192297306
18,644036263
24,1270725166
25,1270725166
26,1270725166
24,219084515
25,219084515
26,219084515
6,160264738
7,125265000
22,406732126
24,8501044
25,8501044
15,336338491
16,336338491
18,416049950
15,199712463
16,199712463
17,199712463
19,199712463
20,199712463
22,199712463
23,199712463
24,199712463
25,199712463
26,199712463
20,11495928
22,17970570
1,1992316679
27,1992316679
27,1992316679
1,441420874
27,441420874
27,441420874
1,1992316681
27,1992316681
27,1992316681
20,68212680
10,843211134
11,843211134
12,843211134
10,452481117
11,452481117
12,452481117
14,298049839
20,298049839
21,298049839
26,298049839
26,22413602
27,421918038
21,156817806
9,101226649
9,841548986
5,348721657
2,100100909
3,100100909
7,268691525
1,737214351
2,737214351
3,737214351
4,737214351
5,737214351
6,737214351
8,737214351
9,737214351
10,737214351
11,737214351
12,737214351
13,737214351
28,737214351
1,150187373
2,150187373
3,150187373
4,150187373
5,150187373
6,150187373
8,150187373
9,150187373
10,150187373
11,150187373
12,150187373
13,150187373
28,150187373
1,144067198
28,144067198
6,127227820
23,166009398
28,175392099
27,159731901
28,159731901
2,120522722
14,154561790
15,154561790
20,154561790
21,154561790
25,193680874
26,193680874
2,201789285
3,201789285
23,514830807
23,285171225
13,31792609
27,31792609
1,260655797
2,260655797
3,260655797
4,260655797
5,260655797
6,260655797
7,260655797
8,260655797
9,260655797
10,260655797
11,260655797
12,260655797
13,260655797
27,260655797
28,260655797
21,117222611
11,1054507561
7,268336998
8,268336998
5,92878902
6,92878902
1,394356010
12,394356010
13,394356010
27,394356010
28,394356010
6,771400123
8,771400123
6,157627791
8,157627791
6,771400125
8,771400125
3,248952737
19,301133345
15,407657403
16,407657403
23,409372963
2,231020924
3,231020924
1,425937691
2,425937691
28,425937691
14,288428941
15,288428941
17,288428941
18,288428941
19,288428941
20,288428941
21,288428941
22,288428941
24,288428941
25,288428941
26,22125723
18,51024887
18,647012980
3,77111651
6,95251362
8,140305443
9,140305443
3,200784886
16,469684013
17,469684013
22,330799602
2,77022104
1,32050414
2,32050414
3,32050414
4,32050414
6,32050414
7,32050414
9,32050414
10,32050414
11,32050414
13,32050414
27,32050414
28,32050414
14,452454448
17,358899709
18,358899709
24,358899709
24,405541635
25,405541635
26,405541635
7,332204084
6,34142502
9,902239157
9,334895741
18,238722410
7,292181908
18,139408899
9,106315632
14,408478747
15,408478747
8,192311642
9,192311642
18,351685943
24,351685943
25,351685943
12,364017175
19,269464385
4,420033301
10,130926342
20,80859893
16,252548808
8,270025714
28,278802728
7,143899318
8,143899318
14,209802208
3,40059734
27,382575855
28,382575855
8,189164706
27,441323300
4,404484288
5,404484288
4,685945639
5,685945639
22,165450654
25,257729877
26,257729877
10,142328175
20,171371245
15,15420746
11,128981637
11,128981637
11,128981638
11,128981638
11,1172812213
11,1172812213
6,119286519
7,119286519
6,49306639
7,49306639
7,64139865
10,145092402
14,1102443960
15,1102443960
16,1102443960
21,1102443960
22,1102443960
23,1102443960
24,1102443960
14,458481620
15,458481620
16,458481620
21,458481620
22,458481620
23,458481620
24,458481620
12,406776177
13,406776177
14,329171124
15,329171124
16,329171124
17,329171124
18,329171124
19,329171124
20,329171124
21,329171124
22,329171124
23,329171124
24,329171124
25,329171124
26,329171124
22,14722567
11,322950055
12,322950055
13,322950055
27,322950055
3,200802812
4,200802812
17,115656691
16,322316954
24,322316954
11,454254671
19,273647353
7,319171087
14,229647609
15,229647609
16,229647609
17,229647609
18,229647609
19,229647609
20,229647609
21,229647609
23,229647609
24,229647609
25,229647609
26,229647609
7,168978974
28,206556679
6,42992313
21,840672481
21,8794099
16,162675942
23,162675942
25,162675942
12,290551117
13,290551117
12,1205094103
13,1205094103
2,166739932
3,166739932
19,266350434
15,236903940
16,236903940
17,236903940
18,236903940
24,236903940
19,156613350
21,284867859
18,94449232
5,735032441
6,735032441
5,192825635
6,192825635
19,142088517
20,142088517
26,142088517
16,203219063
4,328254412
18,250834020
4,121008767
25,236418536
14,284190375
15,284190375
18,284190375
25,284190375
26,284190375
15,161745243
16,161745243
22,161745243
23,161745243
24,161745243
9,447437532
10,447437532
27,331753517
27,290360504
7,64972192
25,1270335722
25,298339535
5,706186485
6,706186485
5,706186484
6,706186484
5,140284691
6,140284691
8,71262585
9,20414865
4,14079970
3,610519553
1,421919895
13,421919895
27,421919895
28,421919895
8,1350006
18,621843348
18,327338552
21,99235533
5,389052456
5,415439530
3,11614280
12,356851419
27,325277095
7,14493059
17,611400680
17,243227983
5,1448766
13,397635513
28,92560551
2,289575374
8,1737585
16,315361189
17,315361189
23,105617353
15,367681861
16,367681861
17,367681861
18,367681861
19,367681861
20,367681861
21,367681861
22,367681861
23,367681861
24,367681861
25,367681861
26,367681861
18,34781149
15,421559374
16,421559374
17,57916518
14,304822265
10,454112557
3,328099902
7,388087903
27,141407088
28,141407088
11,425506473
14,147670071
15,147670071
21,147670071
22,147670071
22,900295270
22,11894615
19,453113716
23,82153711
1,147250411
28,147250411
5,436631912
3,231294802
4,231294802
19,3316901
22,53523370
14,271883146
15,271883146
3,101125235
4,101125235
2,229142539
3,229142539
14,159312763
19,159312763
20,159312763
21,159312763
25,159312763
26,159312763
17,267778219
9,942118653
10,942118653
9,151764983
10,151764983
9,942118655
10,942118655
19,429000467
24,429000467
25,429000467
26,429000467
16,325061370
10,334217994
11,334217994
17,270921975
18,270921975
24,270921975
6,372605711
6,372605717
11,166895551
6,157631248
7,157631248
26,28069786
6,172627186
7,172627186
4,144653213
25,257398691
26,257398691
17,2054302915
11,457748137
13,1926318192
27,1926318192
27,1926318192
5,452757204
1,289840926
28,289840926
7,334140662
16,366580935
17,366580935
18,366580935
19,366580935
20,366580935
22,366580935
23,366580935
24,366580935
25,366580935
26,366580935
3,150322322
4,150322322
7,150322322
10,150322322
11,150322322
1,141154638
2,141154638
4,141154638
5,141154638
6,141154638
7,141154638
8,141154638
9,141154638
10,141154638
11,141154638
12,141154638
27,141154638
28,141154638
6,43152747
19,266222639
19,661003412
19,408735877
12,279423700
12,279423719
9,211442596
21,29155701
4,143041454
23,159202185
23,1000590092
15,399964558
16,399964558
22,399964558
15,166174962
16,166174962
22,166174962
23,166174962
11,148359442
19,367598907
2,175456846
28,175456846
14,435519382
5,94985961
6,94985961
15,276027410
16,276027410
14,436366080
15,436366080
10,464893533
11,464893533
1,167812509
2,167812509
3,167812509
4,167812509
5,167812509
6,167812509
7,167812509
8,167812509
9,167812509
10,167812509
11,167812509
12,167812509
13,167812509
27,167812509
28,167812509
11,90951
12,383651081
13,383651081
12,254597852
15,219038532
16,219038532
22,219038532
23,219038532
1,308664596
8,308664596
9,308664596
10,308664596
28,308664596
1,38698751
2,38698751
3,38698751
4,38698751
5,38698751
7,38698751
8,38698751
9,38698751
10,38698751
11,38698751
12,38698751
13,38698751
27,38698751
28,38698751
6,705456544
6,231315447
16,64939155
17,64939155
12,94933725
12,78023298
1,1993006261
27,1993006261
1,269940990
27,269940990
1,1993006260
27,1993006260
3,146729042
4,146729042
11,276453848
5,283727932
17,279383516
18,279383516
19,148211681
5,24344174
20,102810355
2,169747618
2,116418288
9,334896129
5,242884007
5,43607730
8,309150857
10,309150857
4,441133146
3,24186139
18,34713291
22,3818153
26,8527476
1,141769356
2,141769356
3,141769356
4,141769356
5,141769356
6,141769356
7,141769356
8,141769356
9,141769356
10,141769356
11,141769356
12,141769356
13,141769356
27,141769356
28,141769356
27,406234265
27,91193720
2,2052312661
2,441056236
2,2052312662
14,331196020
15,331196020
4,166832907
20,190250961
14,219795029
15,219795029
16,219795029
17,219795029
18,219795029
19,219795029
20,219795029
21,219795029
22,219795029
23,219795029
24,219795029
25,219795029
26,219795029
24,1101295266
24,357476683
9,874228277
9,70826190
9,874228278
10,290021845
1,290647853
13,290647853
28,290647853
3,268860915
17,427595864
18,427595864
25,427595864
4,332827299
2,155776875
28,155776875
18,259293411
18,259293409
6,66526440
18,316627328
19,316627328
2,441055710
15,166088525
16,166088525
23,166088525
21,105577069
8,145500798
9,145500798
17,83627107
18,83627107
24,83627107
2,158623009
3,158623009
1,237321810
27,237321810
28,237321810
13,317153100
3,441497175
16,388893728
17,388893728
6,39578209
17,174325402
9,168205635
19,422744854
14,407950570
21,53429670
6,78449800
7,78449800
5,735079014
6,735079014
5,78014057
6,78014057
5,735079012
6,735079012
22,99269890
6,242064626
23,287415473
4,365337185
9,193030464
15,198104202
16,198104202
22,198104202
3,101013663
4,101013663
11,47883330
11,278521020
12,278521020
13,278521020
27,278521020
3,24979444
2,27955268
27,389022849
28,389022849
12,407063477
13,407063477
17,177084427
24,283869316
15,358623528
16,358623528
1,211412020
7,79942469
25,353896004
26,353896004
16,1201345590
17,1201345590
18,1201345590
19,1201345590
20,1201345590
21,1201345590
22,1201345590
23,1201345590
24,1201345590
25,1201345590
26,1201345590
21,39076251
16,173854863
17,173854863
6,25709401
14,229951694
16,229951694
19,229951694
20,229951694
21,229951694
22,229951694
23,229951694
4,179234597
5,179234597
6,179234597
7,179234597
8,179234597
10,179234597
11,179234597
12,179234597
13,179234597
27,179234597
28,179234597
25,193604726
26,193604726
6,41168549
9,41168549
10,41168549
13,41168549
21,453430899
2,207085040
12,1354223545
12,1354223573
12,154193934
3,28091427
1,266583298
28,266583298
15,469379935
16,469379935
22,202378759
4,328463799
1,220407807
2,220407807
3,220407807
4,220407807
5,220407807
6,220407807
8,220407807
9,220407807
10,220407807
11,220407807
12,220407807
13,220407807
27,220407807
28,220407807
6,343862795
1,238817606
27,238817606
28,238817606
1,177036977
2,177036977
4,177036977
5,177036977
7,177036977
8,177036977
9,177036977
10,177036977
11,177036977
12,177036977
27,177036977
28,177036977
14,360020321
15,360020321
16,360020321
17,360020321
18,360020321
19,360020321
20,360020321
21,360020321
22,360020321
23,360020321
24,360020321
25,360020321
26,360020321
18,252816252
6,746191513
7,746191513
6,79777560
7,79777560
6,746191509
7,746191509
12,214972970
2,650558826
3,650558826
4,650558826
28,650558826
28,650558826
28,650558826
2,279742586
3,279742586
4,279742586
28,279742586
28,279742586
28,279742586
2,650558815
3,650558815
4,650558815
28,650558815
28,650558815
28,650558815
19,74383092
21,900363422
21,318291576
5,70901653
16,403846866
24,403846866
3,299178185
11,356334402
12,356334402
13,356334402
11,440955956
2,402341182
21,137728956
14,233721941
16,233721941
17,233721941
18,233721941
19,233721941
20,233721941
21,233721941
22,233721941
23,233721941
24,233721941
25,233721941
26,233721941
26,348502394
2,2052083859
2,9164422
2,2052083858
24,229567955
25,229567955
14,160423655
15,160423655
16,160423655
19,160423655
20,160423655
21,160423655
22,160423655
26,160423655
18,279275428
24,279275428
16,1001368321
21,1001368321
23,1001368321
16,166013336
21,166013336
23,166013336
16,1001368320
21,1001368320
23,1001368320
17,430071965
14,158791868
27,301773768
13,1924393624
13,79754655
13,1924393625
18,192933496
9,183649738
4,142850878
21,29169063
7,759578796
7,319014472
8,189619789
14,282427587
11,61219111
1,1992325967
27,1992325967
27,1992325967
3,91635544
1,412050799
27,412050799
28,412050799
2,7150628
10,345135226
20,27304207
17,317837723
24,317837723
25,317837723
5,671628828
5,146819340
28,139357122
25,39464614
26,39464614
22,22007699
4,161614517
5,161614517
6,161614517
15,267479281
16,267479281
27,267362704
28,267362704
19,309416650
17,15652493
5,37907855
19,367844330
3,129764950
7,445524134
8,445524134
13,273226810
27,273226810
19,141535785
20,141535785
26,141535785
12,276834958
13,276834958
16,136458896
16,2040636553
27,352292969
4,153723228
5,153723228
23,376923962
3,244161191
6,705456544
5,373308740
23,389360181
14,415018072
20,415018072
26,415018072
13,466696103
27,466696103
9,272349442
10,272349442
18,403917493
24,403917493
25,403917493
16,1001368321
21,1001368321
23,1001368321
16,166013336
21,166013336
23,166013336
16,1001368320
21,1001368320
23,1001368320
12,230690355
9,181804752
21,840740949
21,392365183
21,392365181
10,99143516
10,99143515
10,951546935
17,367763581
16,288452865
22,288452865
23,288452865
17,367863781
18,367863781
24,367863781
25,367863781
14,393575123
9,45046880
1,61178249
6,4291395
14,229759104
15,229759104
16,229759104
17,229759104
19,229759104
20,229759104
21,229759104
22,229759104
23,229759104
24,229759104
8,356172634
15,195548167
16,195548167
18,390465657
19,390465657
2,229147247
3,229147247
1,402103411
17,400050194
2,200740049
3,200740049
4,200740049
24,17470294
25,17470294
6,123739857
10,422351737
26,135416726
15,141816993
16,141816993
3,248986640
5,671451559
5,169396756
19,459837008
20,459837008
25,459837008
26,459837008
18,11154973
18,390808647
19,390808647
10,1630433
10,158328237
1,2054867098
27,2054867098
27,2054867098
28,2054867098
28,2054867098
1,260889990
27,260889990
27,260889990
28,260889990
28,260889990
1,2054867096
27,2054867096
27,2054867096
28,2054867096
28,2054867096
15,276619133
6,250568884
12,357210728
4,93052282
14,390424380
14,59025325
6,293778411
7,293778411
21,88722227
1,201226029
2,201226029
28,201226029
19,102679397
25,102679397
26,102679397
14,202491017
15,202491017
16,202491017
21,202491017
22,202491017
23,202491017
22,67402669
27,326326832
14,232629531
15,232629531
16,232629531
17,232629531
18,232629531
19,232629531
20,232629531
21,232629531
22,232629531
23,232629531
24,232629531
25,232629531
26,232629531
17,430533611
23,450348875
24,450348875
5,121593546
5,231821546
6,231821546
7,231821546
4,98727246
2,220595367
1,300037002
2,300037002
3,300037002
4,300037002
5,300037002
7,300037002
8,300037002
9,300037002
10,300037002
11,300037002
12,300037002
13,300037002
27,300037002
28,300037002
6,53067214
7,53067214
4,30015653
1,273369281
13,273369281
27,273369281
27,273369281
28,273369281
28,273369281
14,230076139
15,230076139
16,230076139
17,230076139
18,230076139
20,230076139
21,230076139
22,230076139
23,230076139
24,230076139
25,230076139
26,230076139
16,165688184
22,165688184
23,165688184
24,165688184
3,11652986
4,441516696
14,310963094
15,310963094
21,310963094
5,673188756
5,450060052
20,10043547
26,158710279
14,122136861
2,206623351
23,135220846
19,159414594
20,159414594
21,159414594
12,1250252972
19,273769832
9,132157954
10,132157954
5,117940739
3,32255963
25,329118618
1,373985178
2,373985178
3,373985178
4,373985178
5,373985178
6,373985178
8,373985178
9,373985178
10,373985178
11,373985178
12,373985178
13,373985178
27,373985178
28,373985178
15,269668559
5,408232559
6,408232559
7,23456890
5,311129426
1,237908225
6,46739994
6,708684129
6,708684128
3,114504403
5,176363846
6,52495232
25,237119906
26,237119906
17,387446084
18,387446084
24,387446084
17,334387369
24,334387369
11,394502258
1,139232219
11,454969918
12,454969918
1,238831201
27,238831201
28,238831201
6,220150639
9,423364320
11,322860313
6,237609683
6,157115778
7,157115778
23,9069250
24,9069250
7,19764947
3,237358181
22,4750638
4,77318592
5,77318592
15,229618806
16,229618806
17,229618806
18,229618806
20,229618806
21,229618806
22,229618806
23,229618806
24,229618806
25,229618806
26,229618806
7,72982250
1,234495456
2,234495456
28,234495456
20,73250951
3,344297533
6,281987170
4,38541212
15,199525756
16,199525756
18,199525756
21,199525756
22,199525756
23,199525756
24,199525756
25,199525756
14,436230630
15,436230630
3,369555560
17,127427358
22,84925818
16,336000971
17,336000971
24,336000971
18,307481596
7,265135482
19,4518554
16,408094501
17,408094501
18,408094501
24,408094501
14,199375132
15,199375132
19,446079902
27,320784708
27,300354529
16,64940097
17,64940097
27,149449814
28,149449814
27,355272540
20,51263332
14,355389066
17,240741274
9,304217977
9,846362437
14,219011645
16,219011645
21,219011645
22,219011645
23,219011645
7,151921508
8,151921508
21,29155842
20,192019601
5,316917981
19,281193283
25,281193283
26,281193283
3,201795995
28,201795995
15,247206017
7,178651741
4,179048228
5,179048228
17,198362741
19,198362741
23,198362741
24,198362741
25,198362741
15,268103679
16,268103679
4,290658318
5,290658318
6,290658318
7,290658318
22,334519921
2,114818487
19,416860200
4,441519239
1,55271423
2,55271423
3,55271423
5,55271423
6,55271423
7,55271423
8,55271423
9,55271423
10,55271423
11,55271423
12,55271423
13,55271423
27,55271423
28,55271423
7,130103018
8,130103018
21,251079483
13,261396626
27,261396626
11,365713235
22,900297865
22,392402786
22,900297864
7,174967937
8,174967937
15,55752859
21,55752859
22,55752859
7,173958609
8,173958609
3,212958187
23,22819191
14,28639499
26,28639499
13,253790710
2,50311775
13,50311775
14,312789166
15,312789166
1,237880881
2,237880881
28,237880881
19,428906379
19,428906381
2,234334620
12,300598538
16,119578910
17,461402004
18,461402004
24,461402004
15,298963920
26,298963920
15,1717272079
26,1717272079
3,293164461
4,293164461
9,101496772
3,165941377
18,101168822
3,313938930
11,958177323
11,338035809
11,958177356
13,345176845
13,345176678
9,437230158
7,358548903
16,334483267
17,334483267
24,334483267
3,326092753
28,441207240
1,53842250
28,53842250
26,400361232
12,455055150
14,68626638
26,68626638
21,88098880
9,429152614
19,392773617
18,200924141
15,236523281
17,359431230
18,359431230
24,359431230
22,166650364
8,386260708
26,157552943
23,166006493
9,36223013
21,8200006
17,177357789
6,144776281
19,432109544
18,117489874
14,160618342
15,160618342
16,160618342
17,160618342
18,160618342
19,160618342
20,160618342
21,160618342
22,160618342
23,160618342
24,160618342
25,160618342
26,160618342
15,421558642
16,421558642
14,362104094
15,362104094
16,362104094
18,362104094
19,362104094
21,362104094
22,362104094
23,362104094
24,362104094
25,362104094
26,362104094
14,229476105
15,229476105
16,229476105
17,229476105
20,229476105
21,229476105
23,229476105
18,444079242
14,29064133
26,29064133
14,1714931218
26,1714931218
14,1714931216
26,1714931216
23,298432511
28,144068701
16,410000128
24,410000128
8,406865684
25,355960626
20,18763129
7,109932966
4,318839580
17,407357137
17,620856678
6,201366632
14,244852650
18,351687221
24,351687221
25,351687221
8,100902951
24,429003155
25,429003155
14,164463430
26,164463430
5,283828030
12,40654163
17,407341335
19,259818386
11,166896090
8,410126425
6,78384108
5,169421326
1,316880751
27,316880751
1,277771912
27,277771912
28,277771912
28,143980733
5,416744592
4,423764555
21,17144242
8,60955589
23,953901390
23,365992440
17,334810574
24,334810574
15,343268431
16,343268431
17,343268431
18,343268431
24,343268431
25,115323974
16,416575784
9,25903044
1,260749816
17,85278070
17,189576329
9,359158317
10,359158317
11,359158317
8,74527551
4,7724239
5,7724239
15,313878665
16,313878665
19,96620866
27,291065022
6,134174571
8,134174571
6,150103472
7,150103472
9,150103472
10,150103472
13,150103472
19,665047692
19,143499878
14,272787101
15,272787101
16,272787101
17,272787101
18,272787101
19,272787101
20,272787101
21,272787101
22,272787101
23,272787101
24,272787101
25,272787101
26,272787101
6,279789559
8,187118902
18,800409704
7,800409704
18,21221785
7,21221785
6,91924437
8,289710182
8,287481403
5,399617462
7,280435984
14,198512546
20,198512546
21,198512546
22,198512546
8,71228930
4,36761281
14,408090576
8,95753361
16,148782243
7,11302733
25,298336896
19,289833732
20,289833732
25,289833732
26,289833732
6,95251342
1,270340904
13,270340904
28,270340904
1,150322196
2,150322196
3,150322196
4,150322196
5,150322196
6,150322196
7,150322196
8,150322196
9,150322196
10,150322196
11,150322196
12,150322196
13,150322196
28,150322196
1,2055521008
2,2055521008
28,2055521008
1,201175419
2,201175419
28,201175419
1,2055521005
2,2055521005
28,2055521005
19,289909994
20,289909994
25,289909994
26,289909994
14,350328524
14,350734035
17,350734035
18,350734035
20,350734035
24,350734035
25,350734035
26,350734035
13,181233766
23,68120385
16,27322306
23,27322306
14,245183524
8,93995252
9,93995252
17,58798925
2,197806534
3,197806534
4,197806534
2,650689971
3,650689971
4,650689971
19,418312106
8,89615401
9,89615401
10,89615401
13,392772333
27,392772333
26,235770372
13,89966061
15,136851851
16,136851851
22,357187278
22,357187278
15,195857545
2,101944834
28,231049514
16,371220613
7,280540371
19,251012208
17,367357090
18,367357090
24,367357090
25,367357090
21,365968454
22,365968454
17,453153946
18,453153946
16,288404936
22,288404936
23,288404936
14,142442450
20,142442450
21,142442450
24,445912934
25,445912934
26,15231995
24,346081048
7,140870414
14,198479358
15,198479358
16,198479358
17,198479358
18,198479358
19,198479358
20,198479358
21,198479358
22,198479358
23,198479358
24,198479358
26,198479358
5,56096602
5,671714237
5,671714236
23,286993856
23,1000507249
5,9116319
12,224354330
4,97506256
4,97506257
4,651521031
6,302680689
1,278773740
1,31746464
2,31746464
10,31746464
9,308776238
23,445863676
23,514830807
23,285171225
26,441578220
11,203476189
1,167525513
2,167525513
3,167525513
4,167525513
5,167525513
6,167525513
7,167525513
9,167525513
10,167525513
11,167525513
12,167525513
13,167525513
27,167525513
4,325681386
9,101316203
4,89265486
15,424389265
17,424389265
18,424389265
19,424389265
21,424389265
23,424389265
24,424389265
25,424389265
26,424389265
16,168748224
23,168748224
17,347117168
18,347117168
24,347117168
14,229683574
15,229683574
16,229683574
17,229683574
18,229683574
19,229683574
20,229683574
21,229683574
22,229683574
23,229683574
24,229683574
26,229683574
10,204648357
27,220436523
28,220436523
14,396832673
23,72585573
9,119718269
10,119718269
3,268588190
9,148497173
17,338720240
18,338720240
24,338720240
5,220617943
6,220617943
3,77487795
18,800922737
18,178246935
18,800922738
16,1400942415
17,1400942415
19,1400942415
20,1400942415
22,1400942415
23,1400942415
24,1400942415
26,1400942415
16,233044891
17,233044891
19,233044891
20,233044891
22,233044891
23,233044891
24,233044891
26,233044891
16,1400942417
17,1400942417
19,1400942417
20,1400942417
22,1400942417
23,1400942417
24,1400942417
26,1400942417
21,372732576
15,1969138344
23,417986483
7,802930874
7,170369087
7,802930876
14,363282711
1,1992316679
27,1992316679
27,1992316679
1,441420874
27,441420874
27,441420874
1,1992316681
27,1992316681
27,1992316681
20,373614570
15,267552871
16,267552871
12,424969508
12,1217354454
2,650623654
3,650623654
2,201937561
3,201937561
2,650623655
3,650623655
6,706003867
6,37659841
6,706003868
17,600650294
17,191632569
17,600650293
1,631381397
2,631381397
1,231830359
2,231830359
1,631381398
2,631381398
1,2028601201
1,393891178
1,2028601200
7,761460741
7,761460739
7,262603449
2,2051905078
2,2051905079
2,89502708
15,165453967
16,165453967
22,165453967
15,1001226251
16,1001226251
22,1001226251
9,902235839
6,771400123
8,771400123
6,157627791
8,157627791
6,771400125
8,771400125
22,141201800
13,1815732858
13,364134593
25,142680352
25,1308581660
7,16326602
2,434109088
6,716036819
6,365694949
6,716036824
11,1057133737
11,1057133739
11,125405542
11,1057133740
7,806739989
8,806739989
9,806739989
10,806739989
7,341489490
8,341489490
9,341489490
10,341489490
7,806739988
8,806739988
9,806739988
10,806739988
6,716934577
6,91525116
6,716934579
24,229555294
25,229555294
14,1271224193
15,1271224193
16,1271224193
17,1271224193
18,1271224193
19,1271224193
21,1271224193
22,1271224193
24,1271224193
25,1271224193
26,1271224193
14,307957392
15,307957392
16,307957392
17,307957392
18,307957392
19,307957392
21,307957392
22,307957392
24,307957392
25,307957392
26,307957392
2,281668854
28,281668854
17,376841954
24,376841954
25,376841954
17,240818681
18,240818681
2,322063810
2,616169972
22,180569342
22,950202517
21,16808022
7,173755625
8,173755625
7,772612965
8,772612965
7,772612957
8,772612957
1,231833239
2,231833239
1,631384686
2,631384686
1,631384688
2,631384688
20,371080717
7,108946231
7,779033389
23,357346107
23,954154119
22,115870019
3,632107781
3,41897608
3,632107780
4,55891267
5,671080958
6,671080958
5,30944189
6,30944189
5,671080960
6,671080960
24,311188315
26,287631473
4,686276845
5,686276845
4,152372557
5,152372557
8,875331191
9,875331191
8,21895899
9,21895899
10,902315255
10,180257869
10,902315257
13,1924769703
27,1924769703
26,1506000324
26,470669418
17,179017896
17,1002060297
14,358435452
1,650550327
2,650550327
3,650550327
28,650550327
1,279637761
2,279637761
3,279637761
28,279637761
1,2028406875
1,211414575
5,673590602
5,673590603
5,435881413
18,641991121
18,201186294
12,404875128
13,404875128
27,404875128
12,735103711
13,735103711
27,735103711
12,735103712
13,735103712
27,735103712
13,1923244057
13,410308061
13,1923244115
27,317021872
16,1271311646
19,1271311646
20,1271311646
21,1271311646
22,1271311646
23,1271311646
25,1271311646
26,1271311646
16,1271311645
19,1271311645
20,1271311645
21,1271311645
22,1271311645
23,1271311645
25,1271311645
26,1271311645
16,219853648
19,219853648
20,219853648
21,219853648
22,219853648
23,219853648
25,219853648
26,219853648
1,631381397
2,631381397
1,231830359
2,231830359
1,631381398
2,631381398
18,322345463
4,686086885
5,686086885
4,170675902
5,170675902
14,356632694
15,356632694
16,356632694
21,356632694
22,356632694
23,356632694
24,356632694
23,953161693
9,436716244
10,436716244
3,32422219
15,1981076547
16,1981076547
17,1981076547
18,1981076547
24,1981076547
15,365595507
16,365595507
17,365595507
18,365595507
24,365595507
16,173336516
17,173336516
16,2003468743
5,373053974
8,5295337
9,5295337
8,500178562
9,500178562
8,817415576
9,817415576
8,388568128
9,388568128
8,817415574
9,817415574
12,93927394
12,1255455875
7,144792782
8,144792782
19,666714046
19,470492843
16,193974787
23,193974787
24,193974787
13,464349748
15,220386262
1,52256020
2,52256020
27,52256020
28,52256020
16,288506050
22,288506050
23,288506050
1,2055176734
1,262841041
8,814849102
9,814849102
8,145112971
9,145112971
8,814849108
9,814849108
5,671161551
5,146522419
5,671161552
17,431633665
7,291872745
4,686276845
5,686276845
4,152372557
5,152372557
9,386900341
10,386900341
4,279482950
5,279482950
1,1989663829
1,1989663832
1,79055168
9,847323314
10,847323314
9,362249384
10,362249384
9,847323329
10,847323329
14,393655492
3,165143363
4,165143363
22,842442618
22,155557995
20,743128731
20,55658875
1,2055312123
1,262787246
1,2055312124
3,72746624
4,651754497
4,93105500
4,651754496
8,44984200
9,44984200
10,44984200
6,147803373
7,147803373
10,925505133
10,925505131
10,459648927
19,302396416
20,302396416
26,302396416
23,389510633
20,192937887
3,50085560
27,320207059
4,92259830
4,651647561
7,121285071
11,1175778524
11,184862644
26,316993844
14,1717871768
15,1717871768
16,1717871768
17,1717871768
19,1717871768
20,1717871768
21,1717871768
22,1717871768
23,1717871768
24,1717871768
25,1717871768
26,1717871768
4,381024110
2,2052358160
2,434109160
7,781410095
7,139709133
7,781410086
3,29923117
16,325052944
17,325052944
16,278335977
10,386740034
4,97486157
12,277539431
6,144773166
14,11713886
23,365064283
28,233965332
8,60952588
22,393895181
23,393895181
28,401984769
20,189941301
16,116280747
23,116280747
16,2003726065
16,120236683
16,2003726064
14,1102630339
15,1102630339
16,1102630339
19,1102630339
20,1102630339
21,1102630339
22,1102630339
26,1102630339
14,160438869
15,160438869
16,160438869
19,160438869
20,160438869
21,160438869
22,160438869
26,160438869
6,317872745
10,38579500
1,2055493175
9,942461761
10,942461761
9,23355281
10,23355281
9,942461757
10,942461757
14,320524973
15,320524973
16,320524973
17,320524973
18,320524973
19,320524973
20,320524973
21,320524973
23,320524973
24,320524973
25,320524973
26,320524973
27,407882514
24,366380746
25,366380746
7,97348925
8,813078507
9,813078507
27,232064183
28,232064183
17,611548779
17,434210426
10,273052736
4,322512367
14,298663983
15,298663983
16,298663983
18,298663983
19,298663983
20,298663983
21,298663983
22,298663983
23,298663983
24,298663983
25,298663983
26,298663983
1,684944592
2,684944592
3,684944592
4,684944592
5,684944592
7,684944592
8,684944592
9,684944592
11,684944592
12,684944592
1,38519210
2,38519210
3,38519210
4,38519210
5,38519210
7,38519210
8,38519210
9,38519210
11,38519210
12,38519210
1,684944591
2,684944591
3,684944591
4,684944591
5,684944591
7,684944591
8,684944591
9,684944591
11,684944591
12,684944591
14,334754479
15,334754479
16,334754479
17,334754479
18,334754479
19,334754479
20,334754479
21,334754479
22,334754479
23,334754479
24,334754479
25,334754479
26,334754479
18,609764069
19,609764069
25,609764069
26,609764069
18,407574348
19,407574348
25,407574348
26,407574348
5,77959225
6,77959225
7,752224687
7,187715010
7,752224686
14,271261402
15,271261402
15,416497536
16,416497536
5,673595093
5,435904496
5,673595094
23,41700108
24,41700108
24,57255557
25,57255557
24,57255558
25,57255558
11,125835702
17,376835930
18,376835930
24,376835930
3,32433767
25,159235567
14,436128403
4,44892011
5,44892011
11,47828551
1,1993006260
27,1993006260
1,269940990
27,269940990
1,1993006261
27,1993006261
11,359689274
14,436452942
16,1000918409
23,1000918409
16,68031876
23,68031876
1,370248689
28,370248689
18,436880490
7,755377470
7,266549538
6,71581249
14,371778150
14,1846962896
4,632611682
4,4715901
2,65263267
8,20037598
13,1819340582
13,246808679
13,1819340579
1,419588834
27,419588834
7,804055233
7,264977161
7,804055234
23,1101521323
24,1101521323
28,234523930
1,261264800
4,261264800
11,261264800
12,261264800
13,261264800
27,261264800
28,261264800
5,56002511
9,44568897
5,70964263
23,20305594
24,20305594
14,277984446
18,470768963
23,379097589
19,354352349
9,38141631
7,65155744
2,401838575
3,401838575
16,298229849
17,298229849
26,10583672
26,1508410663
5,434261118
10,165491804
10,950937160
18,178175233
8,415678624
9,874717081
9,874717081
9,168078442
9,168078442
27,441290377
23,1000553898
23,199501610
14,237104308
15,237104308
16,237104308
19,237104308
20,237104308
21,237104308
22,237104308
23,237104308
19,306114021
4,651501665
4,65483825
19,174636742
4,406479664
1,2027306403
1,139841647
1,2027306402
7,779003460
7,64547391
7,779003453
14,232650365
15,232650365
16,232650365
19,232650365
22,232650365
25,232650365
26,232650365
14,1717726681
15,1717726681
16,1717726681
19,1717726681
22,1717726681
25,1717726681
26,1717726681
16,2020142762
17,2020142762
24,2020142762
16,316810798
17,316810798
24,316810798
16,2020142775
17,2020142775
24,2020142775
3,632107781
3,41897608
3,632107780
19,67029546
8,118174633
9,118174633
10,118174633
9,942118653
10,942118653
9,151764983
10,151764983
9,942118655
10,942118655
26,470669418
15,1981154927
16,1981154927
17,1981154927
18,1981154927
22,1981154927
24,1981154927
25,1981154927
7,834816953
7,432041686
7,834816949
14,1848271927
14,301067015
16,44159520
16,502363605
