TIC,Sector,snr,period,period_h
425937691,1,14.595166774249,0.050155969722008,1.20374327332818
425937691,2,13.3399598113202,0.050171132216023,1.20410717318454
289840926,1,9.45372317643655,0.099999288917518,2.39998293402042
289840928,1,9.19899964465618,0.099999289120548,2.39998293889315
277539431,12,8.91439692433438,0.094975446841364,2.27941072419274
351685943,24,8.88351544305171,0.088492428774571,2.1238182905897
351685943,18,8.37198606892494,0.088513122637694,2.12431494330466
289840926,28,8.36170307133177,0.066659812193957,1.59983549265497
289840928,28,8.25787986210869,0.066659812331638,1.5998354959593
8259902,21,8.14677785542696,0.105280897747034,2.52674154592882
332517282,2,8.01874184785082,0.057570892467218,1.38170141921323
120522722,2,7.95063596515703,0.100380104020559,2.40912249649341
389426731,1,7.80796284510121,0.099259419105569,2.38222605853366
201789285,2,7.54924840573826,0.050523866944512,1.21257280666828
234334620,2,7.4140023875682,0.129261689272329,3.10228054253589
351685943,25,7.25446007419404,0.08847997647591,2.12351943542184
298663983,21,7.0378583893844,0.089546309140809,2.14911141937942
364017175,12,6.77593840498803,0.147082669190287,3.52998406056688
298663983,26,6.63731437166388,0.089556366684114,2.14935280041873
34142502,6,6.6231598373326,0.10418719740571,2.50049273773705
150100106,9,6.4971076846863,0.082258098798715,1.97419437116915
86265580,20,6.41895806806749,0.1492667591443,3.5824022194632
70901653,5,6.22425054336719,0.088696458804375,2.12871501130499
406732126,22,6.00676816174454,0.082864082139838,1.9887379713561
345176678,13,5.96842757464994,0.183414984827598,4.40195963586234
164463430,26,5.77585240890846,0.092009191305711,2.20822059133707
389051009,1,5.61562712412274,0.143210380758498,3.43704913820396
298663983,25,5.55168076184156,0.089544754962215,2.14907411909316
38820496,1,5.42490173974033,0.163925835272197,3.93422004653272
193680874,25,5.40414966854065,0.135924914681817,3.2621979523636
402980664,26,5.17138120977171,0.110389202877625,2.64934086906299
286126698,25,5.10601051637585,0.175224473417275,4.20538736201459
298663983,19,5.0667346134983,0.089545705685152,2.14909693644364
302298728,1,5.04045469535883,0.173659786748652,4.16783488196766
234495456,1,4.9468184677466,0.190337840196141,4.56810816470739
298160985,22,4.91492448426444,0.143670738197599,3.44809771674238
320388380,25,4.91216500733927,0.221174045508762,5.3081770922103
44984200,9,4.74892413964836,0.112987937221424,2.71171049331418
50311775,2,4.72484728155204,0.193251050788022,4.63802521891254
244161191,3,4.72314404816257,0.074705277551401,1.79292666123361
50311775,13,4.72012611732083,0.233017287148928,5.59241489157427
92878902,5,4.71942662108389,0.195417204920572,4.69001291809373
259293409,18,4.69393494401634,0.143501855999101,3.44404454397842
179232002,9,4.67948184915729,0.131908171535303,3.16579611684726
298412511,20,4.60976457573227,0.206710182688433,4.96104438452239
260972843,12,4.59975122613747,0.142252045767899,3.41404909842958
201789285,3,4.57769330303056,0.151610277129588,3.63864665111012
53067214,6,4.56144706278802,0.224060480862519,5.37745154070045
350332233,27,4.48562926997928,0.215289869895778,5.16695687749867
44984200,10,4.4668112359405,0.112986492637899,2.71167582330959
421558642,15,4.46617614530362,0.173811852784037,4.17148446681689
272705043,26,4.43140806149625,0.199142844914519,4.77942827794845
272705043,21,4.40207860125118,0.199102647820205,4.77846354768492
52256020,1,4.37173546174722,0.265832200717532,6.37997281722077
385445333,19,4.30844633892943,0.207810447814719,4.98745074755326
53842250,1,4.28643435079515,0.261741726187078,6.28180142848988
234295610,1,4.28068605350253,0.190596738665393,4.57432172796943
7652962,5,4.28003846130892,0.198079969639624,4.75391927135098
400361232,26,4.2799620701469,0.132786113787946,3.18686673091069
415957794,18,4.25264143231776,0.107907290121951,2.58977496292683
425937691,28,4.21983670935607,0.066864231965317,1.60474156716762
77959225,6,4.21838980377036,0.136609938965466,3.27863853517119
288506050,22,4.20624057237689,0.100951288366327,2.42283092079185
408094501,16,4.17897561481097,0.139834065495313,3.35601757188752
139990632,1,4.17838070166688,0.24059579639202,5.77429911340847
234495456,2,4.14898886644053,0.190298983088541,4.56717559412499
89615401,10,4.13003263358074,0.10597362570536,2.54336701692863
25153167,1,4.12605885822172,0.186766633698577,4.48239920876584
273536065,19,4.11570591314106,0.220120440490223,5.28289057176535
370065236,18,4.09118559254634,0.177183750766048,4.25241001838515
65347864,4,4.06490745845677,0.066437868134883,1.5945088352372
144653213,4,4.04315376967279,0.122014764016204,2.92835433638889
406776177,13,4.04118825745987,0.184125701088068,4.41901682611364
160618342,26,4.04083742156511,0.273057910537316,6.55338985289558
125835702,11,4.04024376299277,0.116017196556108,2.78441271734659
450348875,24,4.00448622017679,0.254450225960574,6.10680542305379
339607562,2,4.0033375009338,0.222431998255958,5.338367958143
402980664,25,3.97078274921447,0.077355439028153,1.85653053667568
164463430,14,3.95309462832733,0.183839532200635,4.41214877281524
362259204,20,3.95137966206555,0.262867921098839,6.30883010637213
233721941,19,3.91659682473397,0.207699615495058,4.9847907718814
271631224,27,3.90013982268224,0.208292193574857,4.99901264579657
278335977,16,3.88614933166605,0.091608999766405,2.19861599439371
130513139,6,3.86056615277249,0.172835701625093,4.14805683900224
352239584,24,3.85898274210234,0.273366877372469,6.56080505693926
100100909,2,3.85397640500456,0.179343848771029,4.30425237050469
192297306,18,3.85088118847527,0.104192572401074,2.50062173762579
5725904,2,3.82903923277986,0.330153948201654,7.9236947568397
288506050,16,3.79660160160411,0.100890387341212,2.42136929618909
362259204,24,3.7786665967494,0.263567956300506,6.32563095121215
109309750,7,3.76431032826175,0.20609642195272,4.94631412686527
159398282,26,3.75826671383997,0.16526232095995,3.96629570303881
206623351,2,3.75172446801536,0.249119402905652,5.97886566973564
260972843,4,3.73119452616004,0.142221378451368,3.41331308283284
352239584,14,3.72595841236829,0.273284117191728,6.55881881260148
117626744,5,3.68829781336167,0.257943236308552,6.19063767140525
139804696,1,3.67219356374757,0.385724262066464,9.25738228959514
462637035,15,3.66871622313726,0.164488591409865,3.94772619383676
378527773,24,3.66240644390174,0.197816094191362,4.74758626059269
160618342,25,3.66010951383964,0.272895836918905,6.54950008605373
160618342,24,3.65832733525227,0.27223551769604,6.53365242470497
273550465,1,3.65754650958681,0.362644574016548,8.70346977639716
350215424,1,3.64371984406454,0.130722838623239,3.13734812695773
155896947,2,3.62937559495579,0.1786387970444,4.2873311290656
409372963,23,3.62494285060422,0.143421792599155,3.44212302237973
272705043,22,3.611669519633,0.199110644563942,4.7786554695346
260972843,5,3.61046569282294,0.284776271416878,6.83463051400507
159731901,27,3.6097369133237,0.265498830570273,6.37197193368654
260655797,5,3.59181601353529,0.278277932710339,6.67867038504814
408094501,24,3.58703619572499,0.279716984113845,6.71320761873227
53067214,7,3.57415524190507,0.111838358257976,2.68412059819144
470768963,18,3.55927560645362,0.154730989211222,3.71354374106932
160618342,21,3.52673174210886,0.2731108636133,6.55466072671921
429354344,10,3.51132552167004,0.1794193427894,4.30606422694561
350332233,7,3.50330006204636,0.143462952412911,3.44311085790987
258547069,25,3.48449650893928,0.210997661402571,5.06394387366171
7652962,4,3.46379113579746,0.197789952397224,4.74695885753338
284867859,21,3.46336995845619,0.12276567260586,2.94637614254064
356838394,10,3.45369308519493,0.1308951182454,3.14148283788961
260655797,27,3.43406911327995,0.139403509521162,3.34568422850789
298160985,14,3.43405344516276,0.287316982213699,6.89560757312877
71262585,8,3.42914619717615,0.115016735992409,2.76040166381782
160618342,14,3.41952591917234,0.273282619324983,6.55878286379959
354572301,5,3.41329450942158,0.316454062846193,7.59489750830864
117817258,7,3.40963459024672,0.240558731570834,5.77340955770003
260655797,13,3.39380661396024,0.278140651635191,6.67537563924458
356632694,14,3.39280842956485,0.241537117108349,5.79689081060037
160603678,14,3.39165622152079,0.287320114952663,6.8956827588639
237104308,23,3.38719654115837,0.15507278709479,3.72174689027497
167812509,7,3.38678765396553,0.335660708893594,8.05585701344626
408094501,18,3.38531782826448,0.139883924295078,3.35721418308187
219755626,14,3.38118773197998,0.209681694580695,5.03236066993668
260127241,3,3.37424864276785,0.127084507656774,3.05002818376257
198236067,14,3.36319705836331,0.223413868315261,5.36193283956626
198557860,18,3.35263921122365,0.140406862414321,3.36976469794371
160618342,15,3.34990622143383,0.272877240970924,6.54905378330217
159398282,25,3.34252201660905,0.1878349589258,4.50803901421919
233721941,20,3.31980017150945,0.207361823505913,4.97668376414191
462637035,20,3.29248425061288,0.164368248499729,3.9448379639935
198236067,16,3.29012106235039,0.223308451226257,5.35940282943018
245219123,14,3.28740286740793,0.244425171636013,5.86620411926431
229683574,26,3.28332381234022,0.310572893160262,7.45374943584628
352239584,21,3.28153995731841,0.27334586511302,6.56030076271248
397431902,10,3.27774355804061,0.184153042077502,4.41967300986006
258804174,14,3.26803425738643,0.353060126533152,8.47344303679566
234495456,28,3.26718697541743,0.190281200307591,4.56674880738218
237880881,1,3.26444358886138,0.351672522090131,8.44014053016315
160618342,20,3.26224989111589,0.272676072034669,6.54422572883205
142442450,14,3.26052273902886,0.323301977990677,7.75924747177624
220617943,6,3.26047329667931,0.145756809672806,3.49816343214735
260972843,27,3.25305397452834,0.284331861622527,6.82396467894064
229683574,21,3.25014235672393,0.31011208478441,7.44269003482585
446157830,19,3.25008658992281,0.288712333870584,6.92909601289401
101125235,4,3.24757922843817,0.196869995544706,4.72487989307295
231910539,2,3.23912686150459,0.27512752755551,6.60306066133224
100100909,3,3.19970598856446,0.157746990258378,3.78592776620108
98615312,19,3.19870335582401,0.106921411151792,2.56611386764301
144282456,20,3.19149638344851,0.149942900786648,3.59862961887954
452922110,7,3.18866531799214,0.088201683486619,2.11684040367886
237104308,16,3.182696468039,0.155196117732765,3.72470682558635
347308021,18,3.18181974531296,0.205105623392949,4.92253496143077
130513139,7,3.18090948262886,0.172876787220195,4.14904289328467
299178185,3,3.17436953774619,0.132744158874682,3.18585981299237
402341182,2,3.17232402058773,0.290286768147034,6.96688243552882
165528645,21,3.17108342230743,0.260598373147141,6.25436095553138
93052282,4,3.16940962355481,0.251456042911487,6.03494502987568
219795029,21,3.14105302907011,0.307194704658341,7.37267291180018
50232454,13,3.14047923193564,0.272285551930237,6.5348532463257
248986951,3,3.12222157660426,0.066912757097217,1.60590617033321
192019601,20,3.11438346872989,0.120548185135249,2.89315644324597
233721941,24,3.10386570279467,0.207748896406636,4.98597351375926
165528645,16,3.10306270188657,0.260783419668725,6.25880207204941
101125235,3,3.09987612909802,0.196627971048327,4.71907130515984
159461546,20,3.09764850748959,0.176252805124159,4.23006732297981
399753595,5,3.0868932368451,0.328214583915158,7.87715001396378
308126348,18,3.08264991125285,0.148201809222747,3.55684342134592
117098739,19,3.07617994171399,0.24813774631958,5.95530591166993
99028324,10,3.07531373683949,0.276832673619132,6.64398416685918
167812509,12,3.07290894675187,0.335992288772254,8.06381493053409
279482950,5,3.07092927431112,0.130688311349268,3.13651947238243
43213934,23,3.06294174756729,0.143574477632755,3.44578746318611
100327960,27,3.05838730676744,0.142003665892375,3.40808798141699
202491017,22,3.0516336811981,0.247265006271661,5.93436015051986
167812509,13,3.04540949283019,0.336774264082372,8.08258233797692
98727246,4,3.03661551275356,0.262659265615115,6.30382237476275
26711126,12,3.02755689725208,0.130704176984039,3.13690024761694
167812509,1,3.01987994635689,0.336393598850092,8.0734463724022
281461138,2,3.01557861239282,0.21713964567009,5.21135149608216
316577292,11,2.98390131504677,0.28458008619392,6.82992206865408
260655797,1,2.98068348497131,0.279140423563176,6.69937016551624
32255963,3,2.98041885852874,0.149596438134956,3.59031451523894
260127241,7,2.97567662551839,0.254586001546202,6.11006403710884
32433767,3,2.96067567765642,0.201313292520144,4.83151902048345
251846450,2,2.95928966308761,0.260983756169487,6.2636101480677
229683574,20,2.94604730155281,0.310657032953816,7.45576879089159
219755626,16,2.941603830108,0.209505285424139,5.02812685017934
67557432,12,2.9415921585521,0.203855337521691,4.89252810052058
150321663,13,2.9413323321198,0.213425923754364,5.12222217010473
234997090,1,2.94129037954681,0.296979271687831,7.12750252050795
25153167,12,2.93477702008742,0.373730758452777,8.96953820286665
231926410,5,2.91824476126673,0.34466024888464,8.27184597323135
445862633,22,2.9082979349524,0.316401342672089,7.59363222413013
309150857,10,2.89227075141714,0.174202687666492,4.18086450399581
352239584,19,2.88012632145153,0.273782100515505,6.57077041237212
356851419,12,2.85538406007483,0.383020293934198,9.19248705442076
37907855,5,2.85005580059378,0.305813051838257,7.33951324411817
189613780,12,2.84766598986931,0.083957946970816,2.01499072729957
290551117,13,2.8476365679276,0.066309129584706,1.59141911003295
269829656,1,2.83641269629679,0.41426652936099,9.94239670466376
232083054,2,2.83335726937764,0.312816398128497,7.50759355508394
237880881,2,2.82386786157843,0.351314621864335,8.43155092474404
129764950,3,2.82226592894343,0.109032504376316,2.61678010503158
416497536,15,2.81729764575449,0.086976149614902,2.08742759075765
333289147,10,2.81587767704062,0.375603966810623,9.01449520345496
25153167,4,2.81565333314982,0.186943021286053,4.48663251086527
108946231,7,2.81162381820749,0.236835111414762,5.68404267395428
25837464,9,2.81139076183486,0.253044389373063,6.07306534495351
260127241,10,2.80301002999008,0.254289598947936,6.10295037475047
198236067,15,2.79899281741204,0.223118763987393,5.35485033569744
165453967,22,2.7855365986393,0.071044786722196,1.70507488133269
174325402,17,2.78318457284162,0.197429054492928,4.73829730783027
252875556,20,2.78091248048607,0.260267919606663,6.24643007055991
10583672,26,2.78012528577392,0.269508073661841,6.46819376788419
229671667,21,2.77442114903495,0.213644846229359,5.12747630950461
141209440,15,2.77316962209173,0.137280779623807,3.29473871097138
160299143,14,2.7701988733002,0.0771447658463,1.8514743803112
348134933,18,2.76847406196939,0.178424809069028,4.28219541765667
7690679,5,2.75539465507012,0.054135092583599,1.29924222200638
243400994,14,2.75462077133564,0.305637644513345,7.33530346832027
272705043,23,2.75255099146367,0.199350691146999,4.78441658752798
441154168,4,2.75160798335002,0.25691308866555,6.1659141279732
165688184,16,2.73411332472,0.217228909258413,5.21349382220192
72982250,7,2.73200331990384,0.261671220208604,6.2801092850065
334519921,22,2.7280366109804,0.24136524258038,5.79276582192911
468588152,15,2.72629422493317,0.076953395669876,1.84688149607702
293164461,4,2.72568116992396,0.154609875165671,3.7106370039761
173855784,17,2.72074645144653,0.157610135315222,3.78264324756533
68069,11,2.71374256290343,0.189782157007372,4.55477176817693
52256020,27,2.71166992508388,0.266015878235973,6.38438107766336
269048046,24,2.71110223179284,0.155898445572776,3.74156269374662
270147008,8,2.71076566405671,0.050161543286954,1.20387703888689
379190818,23,2.70883339029952,0.102994320623989,2.47186369497574
14715718,10,2.70849438103279,0.051245240049089,1.22988576117813
469379935,15,2.69946748340674,0.066602585137581,1.59846204330195
365968454,22,2.69770026743377,0.189139585345082,4.53935004828197
34781149,18,2.69404029570922,0.228720130839678,5.48928314015227
232073492,27,2.69080835170653,0.298956775647321,7.17496261553571
192204373,20,2.68861272961415,0.350354326059966,8.40850382543919
461579405,26,2.68783189182543,0.069759170839204,1.6742201001409
260655797,9,2.67886458274789,0.1393502931232,3.34440703495681
352949913,24,2.67880217519632,0.318771248799958,7.65050997119899
165941377,3,2.67698567152553,0.051243837606041,1.22985210254499
15231995,26,2.67667438980446,0.390579426761915,9.37390624228596
298336896,25,2.67096400608384,0.183017068456333,4.39240964295199
59025325,14,2.66642995074643,0.273282408155611,6.55877779573467
237104308,19,2.66374201929695,0.155303909746461,3.72729383391506
379097589,23,2.66182518078797,0.184045168631132,4.41708404714718
176379866,5,2.66176881094669,0.407447376617765,9.77873703882637
393895181,22,2.66088921162567,0.077583308143432,1.86199939544236
359158317,11,2.65749872054593,0.177733111638256,4.26559467931814
14493059,7,2.65510171212216,0.099061787495259,2.37748289988622
229683574,19,2.65404447373454,0.310691377418717,7.45659305804921
258804174,19,2.65191237307086,0.096715901077536,2.32118162586087
91193720,27,2.6506673101569,0.050381655218496,1.20915972524389
166088525,15,2.64713573963833,0.214621811830987,5.15092348394369
138579249,14,2.64711576684173,0.234949092661483,5.6387782238756
198236067,19,2.64169967107565,0.224055137863178,5.37732330871628
193604726,26,2.64140013627005,0.091668251689097,2.20003804053834
42992313,6,2.64002571195189,0.062930796391665,1.51033911339997
367681861,18,2.63399721787282,0.098633750970548,2.36721002329314
97348925,7,2.6264709146139,0.310117800762917,7.44282721831002
258547069,17,2.62542634247989,0.211274101110876,5.07057842666103
93995252,8,2.61767983757193,0.174219448552808,4.18126676526738
395130640,12,2.61595517372939,0.413645830660347,9.92749993584832
258804174,21,2.61419801448745,0.176326157778904,4.23182778669369
288404936,22,2.61406396109527,0.203776625170956,4.89063900410294
142442450,21,2.613420841194,0.322676326673913,7.7442318401739
265135482,7,2.61341647930375,0.264503311799378,6.34807948318508
308776238,9,2.61173861307613,0.065173275450137,1.56415861080329
426547985,12,2.61119039783937,0.075026359967381,1.80063263921714
401945166,5,2.61017667990078,0.395055651015442,9.48133562437062
161745243,15,2.60307450733586,0.08612908683625,2.06709808407
462637035,16,2.60275846015649,0.328965595437199,7.89517429049278
44646061,4,2.60165624950905,0.248078765811858,5.9538903794846
82099975,19,2.59895559308667,0.349978777851786,8.39949066844286
309850275,16,2.59637279032254,0.262376192189865,6.29702861255677
150321663,11,2.59308571125799,0.267525203556955,6.42060488536692
97486157,4,2.58490537656042,0.058337875565661,1.40010901357587
353732913,23,2.58274819381482,0.164132560293387,3.9391814470413
160618342,16,2.58060369032979,0.273154717918116,6.55571323003479
400050194,17,2.57138212853595,0.190387706145607,4.56930494749456
66198474,17,2.56745186088585,0.057268800553124,1.37445121327498
310634695,19,2.56426117853996,0.383201364429482,9.19683274630758
142442450,20,2.56342331631382,0.322851563987083,7.74843753569
167812509,11,2.56163282336403,0.336498427916713,8.07596227000111
300037002,27,2.55205100257794,0.056108455906114,1.34660294174672
348721657,5,2.54333121785824,0.280106626824608,6.7225590437906
93927394,12,2.5353751064741,0.210659397090128,5.05582553016306
470113419,25,2.53336505233025,0.058979431939522,1.41550636654852
360020321,18,2.53294029274805,0.066051908021226,1.58524579250943
232629531,15,2.53204287162985,0.073436927478072,1.76248625947372
232629531,25,2.52857248910783,0.116354146872415,2.79249952493796
462637035,25,2.52711727351258,0.082105641371494,1.97053539291586
351687221,24,2.52506930271034,0.295966765752985,7.10320237807165
166739932,3,2.51921166217344,0.125507633282374,3.01218319877698
143209292,6,2.51695730811806,0.183929459605733,4.41430703053759
420456160,20,2.51349456713494,0.322055414138303,7.72932993931928
258804174,18,2.50778328481912,0.176545627642125,4.23709506341099
68626638,26,2.50690968579143,0.065324867665502,1.56779682397206
77113678,22,2.50621533085685,0.274092252399778,6.57821405759468
279354493,18,2.50367032439861,0.120302115418664,2.88725077004793
156817806,21,2.49713648880245,0.053985082758183,1.29564198619639
343268431,24,2.49522888962104,0.077062029610413,1.8494887106499
20876306,18,2.49470178706847,0.053866281091294,1.29279074619106
260609189,1,2.4925556518444,0.080468329272202,1.93123990253284
260655797,12,2.48990692190729,0.278392738206577,6.68142571695785
401984769,28,2.48831150687454,0.052323532644682,1.25576478347237
247960117,6,2.48786987518876,0.057939297089567,1.3905431301496
389510633,23,2.4857384362419,0.181570786969047,4.35769888725714
360020321,25,2.48533130428835,0.24021612979612,5.76518711510688
408094501,17,2.48396041434144,0.139819830625208,3.355675935005
319739812,27,2.48359287143124,0.221195941576065,5.30870259782556
202550762,17,2.48327648142919,0.050516830085117,1.21240392204282
268336998,7,2.4820739971067,0.085131798322064,2.04316315972953
462637035,21,2.48165927784871,0.164320865009436,3.94370076022646
290658318,5,2.47944244815278,0.394266012246175,9.46238429390819
73493290,20,2.47839851114874,0.243872277333443,5.85293465600263
167812509,10,2.47639850092863,0.336551108350127,8.07722660040306
219246754,9,2.47093191129212,0.201008004929265,4.82419211830237
302376679,1,2.46864981662654,0.051809484816523,1.24342763559656
165688184,24,2.46519046041954,0.112946888709409,2.71072532902583
86273642,21,2.46437253607173,0.171367327824771,4.11281586779451
229671667,17,2.46339564715206,0.050683196071527,1.21639670571666
115384499,19,2.46331724360758,0.061276975623838,1.47064741497211
219011645,14,2.46064672634699,0.329646658096988,7.91151979432772
179234597,8,2.46003243957292,0.052536005302538,1.26086412726092
360020321,14,2.45645587074719,0.121467730665766,2.91522553597839
229618806,23,2.45339431992168,0.155099830533007,3.72239593279218
372732576,21,2.4527919996801,0.053673006828006,1.28815216387215
198557860,22,2.45097853842135,0.280139466230895,6.72334718954147
119718269,9,2.4492382834208,0.081449576884754,1.95478984523409
360020321,20,2.44894843231679,0.054791937753156,1.31500650607574
394356010,28,2.44857737342369,0.061849167649901,1.48438002359762
367006563,25,2.4426546804018,0.050950157566662,1.22280378159988
424389265,15,2.43999806688169,0.13661428517048,3.27874284409151
166832907,4,2.43755161892218,0.06464717700403,1.55153224809671
188777430,24,2.4357154248834,0.055007041420907,1.32016899410176
469952974,16,2.43241784914731,0.191124289024723,4.58698293659335
260655797,28,2.4314361456244,0.098114458889921,2.3547470133581
234523931,1,2.42953711640962,0.284844926687822,6.83627824050774
298263301,15,2.4268374226622,0.054119633851895,1.29887121244547
155776875,2,2.42585345430275,0.202385247802558,4.8572459472614
161729486,24,2.42466515968157,0.3983548454492,9.5605162907808
31792609,13,2.42155710995863,0.154962839219287,3.71910814126289
262818859,1,2.42048098997864,0.481693206262806,11.5606369503074
356062524,25,2.41375843026914,0.062662702760509,1.50390486625221
41168549,10,2.41284528452939,0.208699801158986,5.00879522781567
420267323,20,2.41188686729007,0.071648413531947,1.71956192476673
211414575,1,2.41136899232229,0.415505843522806,9.97214024454735
261264800,4,2.41013105180548,0.093503415112253,2.24408196269406
268336998,8,2.40889554860972,0.107211111683632,2.57306668040716
389360181,23,2.40856513861515,0.094285332038703,2.26284796892886
316627328,19,2.40376769772684,0.117097010821615,2.81032825971876
260655797,4,2.40370616738756,0.144941919391101,3.47860606538643
305863651,19,2.40310581362906,0.270480338226669,6.49152811744006
192933496,18,2.40188164737033,0.055536975182222,1.33288740437332
469430747,15,2.40065350394273,0.074065095012801,1.77756228030723
260972843,8,2.39899681978675,0.142404916382194,3.41771799317265
150321663,1,2.39843877420987,0.153628665066177,3.68708796158825
219795029,23,2.39673447517744,0.088360042174697,2.12064101219273
229683574,15,2.39423883744538,0.309885004502168,7.43724010805203
137858708,15,2.38986458579348,0.051835928219777,1.24406227727465
229404121,24,2.38701230080578,0.109494446726244,2.62786672142986
355935333,14,2.38377490685293,0.052663427344928,1.26392225627827
280866656,4,2.38220231930965,0.053145737241344,1.27549769379225
189619789,8,2.38070028076243,0.064164968274781,1.53995923859473
272781143,21,2.37905516532989,0.050871769808941,1.22092247541459
167812509,5,2.37840711319793,0.335855345143036,8.06052828343287
147250411,28,2.37534405337539,0.099077753036351,2.37786607287243
155719375,8,2.37036907776925,0.167580897432605,4.02194153838253
219855010,20,2.3670191337361,0.053327824913741,1.27986779792978
441323300,27,2.36694102677733,0.073345945524256,1.76030269258215
298229849,16,2.36411583294904,0.093291398851576,2.23899357243781
423236614,27,2.36157304403244,0.397183496981395,9.53240392755347
198104202,16,2.35952968981652,0.077156215307245,1.85174916737387
300037002,13,2.35928467548982,0.081422815813229,1.9541475795175
251135630,6,2.35823275606998,0.319370993885318,7.66490385324763
239456636,14,2.35807437789354,0.085713623194559,2.05712695666942
356975864,14,2.35762508761793,0.111295696509029,2.67109671621669
229683574,23,2.3557782108958,0.310458040565336,7.45099297356806
136995130,16,2.35367508817306,0.276312993179738,6.6315118363137
423786241,5,2.35133688647786,0.051702038642736,1.24084892742566
267362704,27,2.35081277836704,0.090044526042654,2.1610686250237
64940097,16,2.35029860649989,0.068332364082932,1.63997673799036
356975864,17,2.34794890845059,0.067141076037755,1.61138582490612
161746333,23,2.34681244850564,0.072617122424092,1.74281093817821
119286519,6,2.34433212420974,0.203532260963249,4.88477426311798
237104308,15,2.3409946976468,0.155188700925096,3.72452882220231
323493410,8,2.33977804306792,0.062093439339877,1.49024254415705
260655797,10,2.33902156511095,0.279064327213383,6.69754385312118
173336516,17,2.33807564009481,0.065555941686797,1.57334260048313
236903940,24,2.3377513606088,0.188525907955076,4.52462179092183
26824497,17,2.33697383598566,0.080172052676613,1.9241292642387
260655797,3,2.33681266235443,0.278889180645352,6.69334033548845
352949913,17,2.33545709885887,0.175145309490216,4.20348742776518
150321663,2,2.33512717950691,0.050117280699919,1.20281473679806
150322322,4,2.33401330554277,0.26056172780646,6.25348146735504
154561790,14,2.3301847244122,0.053651613689783,1.28763872855478
267362704,28,2.32833804967137,0.120604964778046,2.89451915467311
224303753,15,2.3257816842084,1,24
395130640,11,2.32549009586302,0.234218696349636,5.62124871239127
230795292,12,2.32513308759537,0.068445494247981,1.64269186195154
41700108,23,2.32282814339409,0.071305557595229,1.7113333822855
152938557,28,2.32222880867661,0.081399076052766,1.95357782526639
272758460,16,2.31758041144007,0.182589604089357,4.38215049814458
334810574,17,2.31640643166723,0.075338116692999,1.80811480063197
65155744,7,2.31458574847389,0.0551195107431,1.3228682578344
118174633,9,2.31334154410924,0.12890907159827,3.09381771835847
260655797,7,2.31184398025396,0.139376100132723,3.34502640318535
159330793,25,2.31025468119119,0.05873569627709,1.40965671065016
219010551,21,2.30799709256808,0.090685876753376,2.17646104208103
260972843,28,2.30481932652079,0.284858655936878,6.83660774248508
300037002,7,2.30341658512162,0.112251273884808,2.69403057323538
293164461,3,2.30306484460151,0.154620628905013,3.7108950937203
272781143,19,2.30278498087885,0.398527905698489,9.56466973676374
156152779,14,2.30161730665953,0.131072903895138,3.14574969348332
224303753,22,2.30098245877558,0.06946476901263,1.66715445630311
157552943,26,2.30060241831916,0.395547763010274,9.49314631224657
401838575,3,2.30039729164638,0.314356608459093,7.54455860301822
233745344,22,2.29944751405513,0.063086365929885,1.51407278231724
270101915,1,2.29726879925707,0.290078381042514,6.96188114502033
232064183,28,2.29573797628664,0.076064011870076,1.82553628488182
338720240,18,2.29489527284329,0.053470517982302,1.28329243157524
219855010,24,2.29447982445945,0.190420366515186,4.57008879636445
246896205,5,2.29275878086574,0.412681763094968,9.90436231427923
260609189,9,2.2905882004556,0.152782572776257,3.66678174663017
352239584,20,2.28989398163717,0.273806399884406,6.57135359722574
150322322,11,2.28966480912134,0.070437323969949,1.69049577527876
273647353,19,2.28963461633149,0.050873931622473,1.22097435893935
229618806,16,2.28953172589277,0.087381064717484,2.09714555321962
25153167,28,2.28497736471226,0.186707487196045,4.48097969270509
46099777,11,2.28441586440376,0.062350075484349,1.49640181162438
281193283,19,2.28309135932494,0.050775620591448,1.21861489419475
391970568,14,2.2830601081527,0.052009429149036,1.24822629957686
271975726,10,2.28180658979827,0.068106678450424,1.63456028281018
350025862,7,2.28152580914986,0.05908971448012,1.41815314752288
350734035,17,2.28009603854592,0.058563805637338,1.40553133529611
308358603,26,2.27987093274432,0.074884276275148,1.79722263060355
441606549,26,2.27977640049681,0.186871821953884,4.48492372689322
86231880,21,2.27878885483919,0.076368396354064,1.83284151249754
166787846,2,2.27780552331112,0.461321429844329,11.0717143162639
351687221,18,2.2776055422691,0.295769422950774,7.09846615081858
434109088,2,2.27601000545132,0.056878721805367,1.36508932332882
138291351,20,2.27446098833838,0.170320677437265,4.08769625849436
229683574,22,2.27142806194146,0.310791830290871,7.4590039269809
260972843,1,2.27018612528331,0.284840080129938,6.8361619231185
383553281,14,2.26901897088598,0.062261899284737,1.49428558283368
43607730,5,2.26857449053219,0.057696148057828,1.38470755338787
371220613,16,2.2678677652548,0.055672388433316,1.33613732239958
198236067,21,2.2674525079998,0.447245701904266,10.7338968457024
376870091,15,2.26735115892931,0.059402790382912,1.42566696918988
329171124,18,2.26719072057353,0.119818109331935,2.87563462396643
229683574,16,2.26616359454852,0.310726290594971,7.4574309742793
179234597,4,2.26531750224777,0.081167624939702,1.94802299855285
139357122,28,2.26468787248838,0.05763715788537,1.38329178924887
167453276,5,2.26455112102278,0.24772993315709,5.94551839577016
399964558,16,2.26452557827871,0.060664766397534,1.45595439354081
167165793,13,2.26333047372289,0.065304570423977,1.56730969017545
254487666,12,2.26267366746311,0.32768156382297,7.86435753175128
423236614,12,2.25901030023554,0.068749277383404,1.64998265720169
219011645,16,2.25726311389153,0.164713208256946,3.95311699816671
272787101,16,2.25280089813634,0.054961919931922,1.31908607836613
164955472,20,2.25159735028376,0.12010830434387,2.88259930425289
229671667,22,2.25128788202476,0.426439156836534,10.2345397640768
189164706,8,2.24991608080065,0.194887525025267,4.67730060060641
20204780,23,2.24980948291867,0.100592883650253,2.41422920760606
25709401,6,2.24791097212937,0.14031100208599,3.36746405006376
161729486,15,2.24782042113598,0.069867171447428,1.67681211473826
185171397,8,2.24750731099238,0.062063389408488,1.48952134580372
229671667,15,2.2448756307727,0.428051652651146,10.2732396636275
301102220,18,2.24456729803162,0.082073062588403,1.96975350212168
390586370,10,2.24381264762944,0.051553389301153,1.23728134322768
260655797,2,2.2436259477947,0.139247656719906,3.34194376127774
284704594,5,2.24160034583535,0.058912482407573,1.41389957778175
21898604,26,2.24097932021558,0.178551671080097,4.28524010592234
59547137,6,2.23833907911536,0.050542275923153,1.21301462215566
288517585,26,2.23734719836993,0.052036864068334,1.24888473764003
243353202,15,2.2370276273621,0.101370793618446,2.43289904684269
93995252,9,2.23666716297307,0.174460910187646,4.18706184450351
53451503,21,2.23643098354851,0.069486430689442,1.66767433654661
272781143,22,2.23566277429078,0.075236232021368,1.80566956851282
159731901,28,2.23499681864823,0.265433806631022,6.37041135914452
192941085,9,2.23432027695874,0.434402734296637,10.4256656231193
29923559,3,2.23312105840506,0.143052076906087,3.43324984574608
429003155,25,2.2319830080788,0.05349818289716,1.28395638953185
198512546,21,2.23070246609304,0.068237404711401,1.63769771307363
52256020,28,2.22633640426274,0.05524897378254,1.32597537078096
350025862,1,2.22562841888504,0.054508850600415,1.30821241440995
302396416,20,2.22310316193704,0.091027689886508,2.18466455727619
166088525,23,2.22283813356603,0.059165047997225,1.4199611519334
300037002,2,2.22210933203076,0.057091291338285,1.37019099211883
161745243,24,2.22203671852787,0.079896454992116,1.91751491981078
230090756,25,2.22048296548286,0.25249697764686,6.05992746352465
273270325,13,2.22026722031355,0.079422675907368,1.90614422177683
320524973,21,2.21999182219163,0.064591251765505,1.55019004237213
165530589,21,2.21935082784932,0.050668650229223,1.21604760550136
396088793,13,2.21914089868408,0.059237642336736,1.42170341608166
131119300,10,2.21643740595224,0.146893503189233,3.5254440765416
57830249,10,2.2159532611366,0.107406432044454,2.57775436906689
198236067,17,2.21543443048364,0.073620403764733,1.76688969035358
455959622,24,2.2144456937652,0.053152139856618,1.27565135655883
300037002,3,2.21327122587261,0.054175871347296,1.30022091233511
279354493,25,2.21320673626081,0.211987141620059,5.08769139888142
116157661,2,2.21202608522348,0.362470427877303,8.69929026905528
187092382,19,2.2117165296172,0.10054964630885,2.4131915114124
194377781,15,2.21157623977191,0.083677954057646,2.00827089738349
307706586,7,2.21078413882387,0.076551026960349,1.83722464704837
281193283,26,2.20979951341019,0.114453432923987,2.74688239017568
199375132,14,2.20906837400494,0.074120979172356,1.77890350013654
199573123,20,2.20745949461053,0.393292212259029,9.4390130942167
355867542,14,2.20512952656004,0.072013124092836,1.72831497822806
453430899,21,2.20453704334123,0.368809979518395,8.85143950844148
428906379,19,2.20192806876406,0.116648087592906,2.79955410222973
38698751,11,2.20167910815376,0.300573076239134,7.21375382973922
117645279,5,2.20113498566642,0.073553183690624,1.76527640857498
219755626,24,2.19833449045802,0.064457977627582,1.54699146306196
167165793,11,2.19784676026486,0.168721609581532,4.04931862995678
358899709,17,2.19688889163682,0.200106070149795,4.80254568359508
16532008,20,2.19525142781618,0.340384536162127,8.16922886789105
122608433,3,2.19371281173667,0.068542284357194,1.64501482457265
229671667,16,2.19122244962576,0.054360060059548,1.30464144142914
156152778,14,2.19021177418741,0.114038182205855,2.73691637294052
179234597,13,2.19021039077324,0.360700530333899,8.65681272801357
81352708,7,2.19018160839736,0.086948506214281,2.08676414914275
155719375,7,2.18997514233955,0.184070434979411,4.41769043950586
159414594,21,2.18918863027826,0.061294643231847,1.47107143756433
319739812,13,2.18664973518801,0.110803734545503,2.65928962909208
172627186,7,2.18606374410636,0.142128765849969,3.41109038039926
434167503,5,2.18585468520244,0.07422015058606,1.78128361406543
144379672,22,2.18574439416586,0.05378863665775,1.29092727978601
86273642,20,2.18390749790821,0.429209470505266,10.3010272921264
350025862,5,2.18325076440531,0.050814339434802,1.21954414643524
1813768,8,2.18313972774977,0.109013716446823,2.61632919472376
378527773,18,2.18285848545696,0.125855885224629,3.02054124539109
66425169,7,2.18114953656651,0.08005818998195,1.9213965595668
95251342,6,2.18080197850355,0.124006531813991,2.97615676353578
372390514,24,2.18055114452365,0.278538213189557,6.68491711654936
372061167,18,2.17931986171213,0.058706194375005,1.40894866500011
167812509,6,2.17798552142421,0.054791090222317,1.31498616533561
13238985,15,2.17747339575096,0.139947763250176,3.35874631800423
284190375,14,2.17636912525887,0.050502031694216,1.21204876066118
219010551,16,2.17096308678682,0.050743885946768,1.21785326272244
214664015,2,2.17057857767313,0.098716654511018,2.36919970826442
179234597,28,2.17052075463392,0.052060613402445,1.24945472165867
189084771,12,2.16970031591062,0.138752291171779,3.33005498812269
359572481,12,2.16967854392959,0.207954899676961,4.99091759224706
188819782,20,2.16921081548862,0.101023233481321,2.42455760355169
349306411,4,2.16880105158003,0.091428289902247,2.19427895765392
168205635,9,2.16853002262861,0.112843478914843,2.70824349395623
235940812,19,2.16849859492396,0.063092215427538,1.5142131702609
232629531,22,2.16800637659584,0.177029401910515,4.24870564585237
327189990,17,2.16761033220647,0.086466069989301,2.07518567974321
229951694,14,2.16644080798228,0.05892719033643,1.41425256807433
78023298,12,2.16607068560079,0.094987897073238,2.27970952975772
199573123,21,2.16564300430292,0.457087454659325,10.9700989118238
158623009,2,2.163491718443,0.062028131206933,1.48867514896639
197709128,16,2.16346609184993,0.051754141915466,1.24209940597119
82099975,18,2.16196993463812,0.349712610222404,8.39310264533769
177036977,1,2.16139987386353,0.244821504109223,5.87571609862135
219843707,24,2.16082447512701,0.170994615914893,4.10387078195743
287148041,13,2.15969944661111,0.053307981530624,1.27939155673498
332743270,4,2.15863140693557,0.070018973402738,1.68045536166572
229738650,21,2.15740526325108,0.055320594298675,1.3276942631682
284743579,8,2.15511479064324,0.062313341071868,1.49552018572483
165599289,23,2.15252561768828,0.050147237805585,1.20353370733404
334754479,14,2.15048183962903,0.106640503403086,2.55937208167407
156646255,23,2.14678917629955,0.247351121488203,5.93642691571687
232629531,20,2.14565674740432,0.053653891009377,1.28769338422504
300037002,5,2.1424150815646,0.063872647266024,1.53294353438457
207435297,24,2.14098697077828,0.408179404230874,9.79630570154098
38954437,4,2.14097422057032,0.134427911365441,3.22626987277057
352239584,17,2.14015435743469,0.273365706566141,6.56077695758739
288404936,23,2.14007800076859,0.203572956625848,4.88575095902036
201861769,2,2.14007433866044,0.432215832663203,10.3731799839169
11154973,18,2.13962557427527,0.148130365024635,3.55512876059124
233745344,16,2.13926697724718,0.062514364579814,1.50034474991553
229951694,20,2.13818612635475,0.070158517018407,1.68380440844177
424389265,25,2.13736467079769,0.45459878527691,10.9103708466458
164789350,3,2.13734600764393,0.066780094721877,1.60272227332504
188777432,24,2.13727393254134,0.055007041564852,1.32016899755646
12456725,14,2.13607991419626,0.054214941126206,1.30115858702895
168873515,4,2.1348915839997,0.086882847936413,2.08518835047391
403846866,16,2.13465807681767,0.051687167003317,1.24049200807961
25153167,6,2.13446853979071,0.186767990943777,4.48243178265066
28779006,18,2.13288945706896,0.246809708223679,5.92343299736831
177036977,12,2.12630994128119,0.147216919130856,3.53320605914055
33880418,1,2.12522549762713,0.058366322763949,1.40079174633478
289269327,19,2.12492934409594,0.081086410991476,1.94607386379541
163190353,10,2.12213105972104,0.054596888960304,1.31032533504728
103656470,21,2.12167143700241,0.134188066731186,3.22051360154846
376870091,22,2.1216278795285,0.084591631715489,2.03019916117173
159414594,20,2.12060392617112,0.05586307273032,1.34071374552767
332519883,2,2.1194407081878,0.078927551013555,1.89426122432532
229683574,14,2.11695153932926,0.310580673195908,7.4539361567018
144060554,8,2.1153022910756,0.059832698078696,1.4359847538887
441740483,19,2.115254383033,0.126129727089074,3.02711345013778
357831022,19,2.11459555525065,0.104071410351348,2.49771384843236
25982091,13,2.11401897976644,0.072362047394972,1.73668913747932
230690355,12,2.11367947343218,0.069577293351299,1.66985504043118
150322196,9,2.11255574157439,0.065064226323454,1.5615414317629
419588834,27,2.11252430952611,0.058012140909015,1.39229138181636
372390514,17,2.11235046636753,0.120808103785409,2.89939449084981
166739932,2,2.11196786932798,0.095551336674151,2.29323208017963
350734035,25,2.1103775904563,0.052728577257066,1.26548585416959
300037002,1,2.11032899893975,0.054744504780649,1.31386811473558
144773166,6,2.1098545497427,0.073214226281376,1.75714143075303
325681386,4,2.10984329061372,0.086281257387519,2.07075017730046
271883146,14,2.10920425179566,0.209684443940454,5.0324266545709
350025862,28,2.1088671013049,0.064457359647624,1.54697663154298
272781325,17,2.10665146167466,0.272441502258816,6.53859605421158
198236067,22,2.10458103133958,0.445892782306071,10.7014267753457
233745344,17,2.10417491295508,0.07358195072571,1.76596681741704
436936505,18,2.10347836726471,0.28639903882525,6.873576931806
27117515,12,2.10345465925311,0.062856061670271,1.5085454800865
360020321,17,2.10182911201673,0.095569131015128,2.29365914436307
383553281,26,2.10182686804413,0.097034233014438,2.3288215923465
352949913,15,2.10102829500181,0.065962258593771,1.5830942062505
360020321,24,2.10093286462479,0.460726847593937,11.0574443422545
150322322,7,2.10011876214571,0.062790799237671,1.50697918170409
25153167,7,2.09957721915695,0.373605390405314,8.96652936972754
219807052,21,2.09916406381831,0.11538078274524,2.76913878588576
364264680,5,2.09855681376033,0.417926582652099,10.0302379836504
410058419,13,2.09849368601325,0.116240126928154,2.78976304627569
38820496,28,2.09795034816046,0.326909070182637,7.8458176843833
438462123,6,2.0977454501295,0.065309557519187,1.56742938046049
141769356,12,2.0963635406606,0.050692413040741,1.21661791297779
415333201,5,2.09601288463322,0.176103082807227,4.22647398737344
441133146,4,2.09564954190674,0.133309065287538,3.1994175669009
64940097,17,2.09150407853244,0.100800839579642,2.4192201499114
439913926,4,2.09096304969937,0.403083858585663,9.67401260605591
232629531,17,2.09037882037481,0.111684934372158,2.6804384249318
406479664,4,2.08978557444291,0.054375488173635,1.30501171616724
150321663,10,2.08955685558647,0.230071946454623,5.52172671491095
156004616,23,2.08663087559717,0.281076426828879,6.7458342438931
48415693,19,2.08450210874937,0.087038312424382,2.08891949818516
204669366,10,2.08400152815791,0.063574256778357,1.52578216268058
243353202,14,2.08291130968663,0.077322216331391,1.85573319195339
143041454,4,2.08144235033585,0.079029180739732,1.89670033775356
168978974,7,2.07897604879111,0.072424789384408,1.73819494522579
354572301,6,2.07827086268093,0.316582404466859,7.59797770720461
336664287,26,2.07736619361129,0.057104379179906,1.37050510031773
441290377,27,2.07727368695169,0.071306981447769,1.71136755474646
199573123,25,2.07724252000928,0.081530766217929,1.95673838923029
354257585,18,2.07692644970266,0.051187357641953,1.22849658340688
141769356,27,2.07660843504983,0.064608911625515,1.55061387901235
232629531,23,2.07607786015524,0.075066805115679,1.80160332277628
244161236,3,2.07344150487301,0.290891401354167,6.98139363250001
85462495,26,2.07283141746807,0.132927566340729,3.19026159217749
287415473,23,2.07164422685174,0.073203994926384,1.75689587823322
177036977,4,2.07134639527042,0.052350350292018,1.25640840700843
114818487,2,2.0698074757926,0.073000037424647,1.75200089819152
268337013,7,2.06834116381432,0.050374426714738,1.20898624115371
242064626,6,2.06799182564522,0.077599225677477,1.86238141625945
165599289,15,2.06789258510001,0.060230808191276,1.44553939659061
44892011,4,2.06764406477009,0.062108656172679,1.49060774814429
77318592,5,2.06695192142187,0.19172315546669,4.60135573120055
229404121,20,2.06599995002973,0.23986683331113,5.75680399946712
260609189,13,2.06566438005418,0.07602475310459,1.82459407451016
235940812,26,2.06479223901833,0.127740621476614,3.06577491543873
351099931,12,2.06307594878701,0.075715501326079,1.8171720318259
441811894,18,2.06133270448019,0.213788944216133,5.13093466118718
106315632,9,2.06112223071477,0.146526188950751,3.51662853481802
387446084,18,2.06091323461328,0.051664084218311,1.23993802123946
229683574,17,2.05813945512171,0.117044620978955,2.80907090349492
346081048,24,2.05803285370057,0.052708118995154,1.26499485588368
429152614,9,2.05744751095229,0.064025837792129,1.53662010701109
454254671,11,2.05479069628094,0.135275164432922,3.24660394639013
172601550,22,2.05477399192218,0.100103787514468,2.40249090034722
441606549,20,2.05449224671209,0.187026127891132,4.48862706938718
350025862,13,2.0541050016264,0.05523244020011,1.32557856480263
156613350,19,2.05369524863223,0.247021580716517,5.9285179371964
99989665,21,2.05218312034763,0.055317429454037,1.32761830689688
236903940,18,2.05075153548959,0.077142046327471,1.85140911185931
295565337,10,2.0502985516915,0.065728238275272,1.57747771860654
199375132,15,2.04835423103361,0.077518550959685,1.86044522303245
156213379,26,2.04694319683534,0.055720528381777,1.33729268116266
198362741,17,2.04675270733723,0.13190835644674,3.16580055472175
234333175,2,2.04475359056744,0.056224121795719,1.34937892309725
29169063,21,2.04429194816574,0.054286142788641,1.30286742692739
415974305,3,2.04332336564977,0.069864056022426,1.67673734453823
298229849,17,2.04272143665892,0.097667799846141,2.34402719630738
317153100,13,2.04176918783831,0.091189559863677,2.18854943672824
259592354,3,2.04162588644264,0.078346780299421,1.8803227271861
20821662,14,2.04079035777294,0.256077173871299,6.14585217291117
150322196,5,2.04036012471498,0.051938098715647,1.24651436917554
370943224,18,2.04023874728755,0.05791990993236,1.39007783837664
48415693,22,2.04015535530796,0.052259271169743,1.25422250807382
237609683,6,2.0397137362863,0.094183107448786,2.26039457877087
135618283,26,2.0383700846001,0.128932094487495,3.09437026769987
229614158,15,2.03771637112699,0.060732695051242,1.45758468122981
264597364,7,2.03757076280531,0.08744291855926,2.09863004542223
430844759,16,2.03593028282475,0.056046084042001,1.34510601700803
33880418,11,2.03471119409242,0.065298601173442,1.5671664281626
232629531,19,2.03447724498634,0.099036220979737,2.37686930351369
188819782,24,2.03360823901855,0.266221481787355,6.38931556289652
387446084,24,2.03234883584104,0.489691730405804,11.7526015297393
424389265,21,2.0318087745714,0.453195736436458,10.876697674475
328099902,3,2.0313584808547,0.067988860697556,1.63173265674135
340638718,8,2.03120703842158,0.053798176572725,1.29115623774539
150103472,7,2.03047088483789,0.058355651622818,1.40053563894762
177036977,9,2.0301240857466,0.063124709194591,1.51499302067018
350025862,4,2.02953089853524,0.063842586223775,1.53222206937059
373985178,12,2.02940868436299,0.370751542577223,8.89803702185334
53842250,28,2.02920718481022,0.261022002166496,6.26452805199591
352239584,26,2.02806816599063,0.273698195434181,6.56875669042034
355130708,27,2.02797189787548,0.050736806809952,1.21768336343885
300037002,10,2.02721315066088,0.136625144440637,3.27900346657529
103656470,20,2.02710155778,0.219104410831967,5.25850585996722
198362741,24,2.02575776789448,0.283913799255497,6.81393118213194
53307637,20,2.02486479862873,0.409186469623939,9.82047527097453
353732913,22,2.02475889155786,0.12886377402839,3.09273057668135
232629531,26,2.02296859913063,0.055275560506022,1.32661345214453
149449814,28,2.02180335019691,0.055612479440623,1.33469950657496
77318593,5,2.01938687354813,0.191723155560044,4.60135573344106
441497175,3,2.0189977183984,0.062923039156046,1.51015293974511
167165793,1,2.01864810613599,0.134117282769981,3.21881478647954
416744592,5,2.01792313939206,0.058146792850954,1.3955230284229
290658318,4,2.01766692639006,0.395743979854515,9.49785551650837
367440157,19,2.01709336692751,0.050267016019176,1.20640838446022
393655492,14,2.01649505511158,0.122687036745765,2.94448888189835
141769356,3,2.01580923758483,0.052791985135291,1.26700764324698
454112557,10,2.01545728894943,0.058017880225948,1.39242912542275
189586289,8,2.01508098729809,0.246810209587813,5.92344503010752
441740483,25,2.01394674442768,0.057166641101722,1.37199938644134
220512758,1,2.01379184376838,0.161457604425251,3.87498250620603
233008502,21,2.01229124383029,0.066583379299575,1.59800110318981
271357107,14,2.01178069237789,0.145410831289294,3.48985995094306
177036977,11,2.01042001647316,0.062436180781603,1.49846833875847
250131154,5,2.01019224068643,0.064368416014805,1.54484198435533
394356010,13,2.00931614594316,0.056822998621379,1.36375196691309
334810574,24,2.00909291588572,0.05837751373235,1.4010603295764
242937715,5,2.00793734633756,0.052657583050183,1.26378199320439
394356010,27,2.00696193667733,0.051555201675867,1.2373248402208
23139530,4,2.00643093271533,0.087328946177325,2.09589470825579
301944194,17,2.00609875646533,0.191095336508566,4.58628807620559
85462495,25,2.00486402715889,0.133381776842766,3.20116264422638
116501197,24,2.00443687330452,0.064300789691272,1.54321895259053
403995704,27,2.00430084889634,0.26605285194517,6.38526844668409
219773818,20,2.0024887328734,0.114467735225745,2.74722564541787
89265486,4,2.00165253579634,0.070711524379559,1.69707658510941
307789889,23,2.00159278717513,0.074719793477151,1.79327504345163
7724239,5,2.00131670424792,0.10568375569604,2.53641013670495
172532214,21,2.00077619238252,0.058711433317811,1.40907439962747
219037593,23,1.99955617651068,0.405244372050058,9.7258649292014
61219111,11,1.99931976222115,0.103749859879609,2.48999663711062
177036977,5,1.99894018711426,0.066021316551539,1.58451159723693
238030337,8,1.99824852255815,0.113012189237628,2.71229254170308
99989665,15,1.9975614180109,0.07008006602479,1.68192158459496
158442595,27,1.99741358670186,0.421264730473358,10.1103535313606
300037002,4,1.99662951251576,0.066053192398439,1.58527661756252
350734035,26,1.99645058512986,0.304490821280891,7.30777971074138
196815186,17,1.9955470394122,0.135210667664137,3.24505602393929
285171225,23,1.99270489992172,0.21983058747119,5.27593409930856
271261402,14,1.99258721072147,0.238773173917069,5.73055617400965
350734035,24,1.99250198423176,0.05502838381227,1.32068121149447
159330793,21,1.99145152658751,0.056438077782771,1.35451386678649
198362741,23,1.99039437120558,0.167288737999825,4.01492971199581
165528645,26,1.98810162849037,0.211330721276429,5.07193731063429
229951694,21,1.98595862348288,0.208343347430642,5.00024033833542
349306411,8,1.98436109333483,0.056280050495744,1.35072121189786
138126229,23,1.98367792044435,0.338668005371277,8.12803212891066
232140354,6,1.98333226461969,0.124859784827079,2.99663483584989
144381362,22,1.98188153430449,0.069851851849664,1.67644444439194
335158235,17,1.98143302443194,0.064640252710257,1.55136606504617
38579500,10,1.98026945841314,0.096614730276996,2.31875352664791
233745344,25,1.97951739218765,0.06362860668578,1.52708656045871
278897257,27,1.97683904643764,0.052291531434622,1.25499675443093
160618342,17,1.9764143789873,0.069654982750616,1.67171958601478
9804358,4,1.97497350045805,0.053187703263643,1.27650487832743
231835379,28,1.9746671709936,0.128292492687651,3.07901982450363
229404121,22,1.97197406841629,0.175492430981098,4.21181834354635
245820525,5,1.97048275178914,0.079829224383153,1.91590138519568
198512546,14,1.97016163020659,0.065130089310148,1.56312214344355
415678624,8,1.96925273834677,0.059979559291428,1.43950942299426
219807052,20,1.96904240392297,0.115472116745726,2.77133080189742
177084427,17,1.96865763207673,0.108806596863988,2.61135832473571
255848989,10,1.96814036416905,0.233808226902475,5.61139744565939
141769356,6,1.96761787752437,0.060182239768181,1.44437375443633
150321663,12,1.96490364690901,0.21398433520498,5.13562404491953
278703988,1,1.96422212166668,0.055530499225555,1.33273198141331
232629531,21,1.96170455311083,0.068466948020338,1.64320675248812
442898238,5,1.95984965942462,0.065196935340492,1.56472644817181
57916518,17,1.95821863709521,0.094862468469842,2.27669924327621
298201055,16,1.95455464099965,0.05351660414397,1.28439849945527
387446084,17,1.95173671460287,0.079321288120974,1.90371091490337
423810900,5,1.95137742110962,0.058990612945964,1.41577471070314
269940990,27,1.95046943129295,0.19212335135716,4.61096043257183
371882145,14,1.95037525489969,0.126739199456867,3.0417407869648
376835930,18,1.94732408032349,0.066408542879715,1.59380502911316
166088525,16,1.94512351509608,0.069548259659848,1.66915823183636
288517585,18,1.94482279657942,0.06483828829367,1.55611891904808
38050278,5,1.9426417026995,0.101983709874307,2.44760903698337
455959622,18,1.94075194045673,0.051796375154655,1.24311300371172
279482950,4,1.94068138922943,0.185064570280391,4.44154968672939
59525277,14,1.93738838602785,0.388848609398401,9.33236662556164
300037002,28,1.93719348389871,0.104358337201121,2.5046000928269
209802208,14,1.93550848422527,0.05301575437626,1.27237810503023
229671667,26,1.9342618864047,0.426771331567253,10.2425119576141
404875128,27,1.93363990063594,0.093871990025463,2.2529277606111
177036977,27,1.93358129743858,0.059586114821685,1.43006675572044
192311642,8,1.93296003299255,0.166903706501184,4.00568895602841
300282484,27,1.9312396184991,0.096406251489583,2.31375003574998
198557860,23,1.93097474589926,0.10037475395387,2.40899409489289
283753430,15,1.92976331623679,0.108678224303179,2.60827738327631
152475404,4,1.92799486426721,0.085620115887812,2.05488278130749
429000467,19,1.92269355189081,0.346948623914583,8.32676697394999
469952937,16,1.92228231071327,0.060348914853779,1.44837395649069
386273417,6,1.92125605489866,0.152498175449981,3.65995621079955
233008502,20,1.91952881926745,0.474046608602319,11.3771186064557
122669742,3,1.91894791267926,0.13874300676992,3.32983216247808
271975726,12,1.91814082544868,0.05540572584347,1.32973742024327
207138379,3,1.9168808315785,0.246339275864775,5.9121426207546
167165793,2,1.9165470443667,0.08885738374306,2.13257720983344
63052569,16,1.91514617140867,0.180683932004014,4.33641436809633
470124628,24,1.91112293808501,0.169029479750265,4.05670751400636
198236067,26,1.91025447215749,0.057366070736323,1.37678569767174
331753517,27,1.91001273394231,0.082763205632775,1.98631693518659
359158317,9,1.90919989261066,0.050689879520786,1.21655710849885
328815845,26,1.90691710336965,0.350892474598581,8.42141939036594
137631028,14,1.90669472525066,0.181112602328833,4.346702455892
188586529,2,1.90626011189224,0.136606886881385,3.27856528515325
350559457,27,1.90486829027904,0.50584216442979,12.140211946315
350025862,12,1.90395163091398,0.074656914020985,1.79176593650364
417234478,24,1.90064654422363,0.050534435285784,1.21282644685882
144201151,28,1.90005879725945,0.051988494167821,1.2477238600277
359158317,10,1.89312651567398,0.093575467265672,2.24581121437612
266583298,1,1.89180243069506,0.594592789812261,14.2702269554943
206605715,28,1.89109656304091,0.0716059334841,1.7185424036184
370282727,27,1.88735597119394,0.120511022275609,2.89226453461461
365713235,11,1.88591905359147,0.125768759663825,3.0184502319318
424389265,23,1.88520465973953,0.107201555990003,2.57283734376008
350025862,9,1.88343980426429,0.052021982475444,1.24852757941065
233745344,14,1.88292116847286,0.07644145981128,1.83459503547072
233745344,21,1.88069134424484,0.366196507734891,8.78871618563739
397635513,13,1.88042677288855,0.069255185855952,1.66212446054285
469379935,16,1.87997895644425,0.057062120935234,1.3694909024456
373308741,5,1.87770038070678,0.051551439353871,1.23723454449291
197190234,20,1.87639111006338,0.070800624884629,1.6992149972311
229404121,26,1.87451797566519,0.083821514277311,2.01171634265546
74383092,19,1.87362417849496,0.055525125921906,1.33260302212575
33880418,5,1.87349030344976,0.066447921195027,1.59475010868065
260889990,1,1.87340643963314,0.343861273264308,8.2526705583434
370282727,28,1.87260417222131,0.050324354902122,1.20778451765093
39427536,26,1.87156831148836,0.367485142060972,8.81964340946334
200384712,5,1.86836111090108,0.059020282115158,1.4164867707638
238817606,1,1.86618558796701,0.065250247519575,1.56600594046979
134174571,8,1.86501368563508,0.118103523936567,2.83448457447761
284190375,15,1.86385833356037,0.076421226914733,1.83410944595359
71581249,6,1.86335709918873,0.058032237854679,1.3927737085123
233745344,19,1.86322641238854,0.087352275057881,2.09645460138914
311115019,24,1.8620204726084,0.24548869919791,5.89172878074983
233008502,26,1.86171179357502,0.085844943165693,2.06027863597663
233745344,23,1.86098867162312,0.092695433621891,2.22469040692538
229404121,21,1.86040046310022,0.501305668880848,12.0313360531403
410366850,13,1.86012781505282,0.528196923228933,12.6767261574944
254287393,2,1.85928907905608,0.058281384494794,1.39875322787505
117409256,21,1.85729998661814,0.078814052284137,1.89153725481928
269048046,18,1.85549220877056,0.072894357194011,1.74946457265626
271975726,4,1.8552982411491,0.13624521865928,3.26988524782273
441740483,22,1.85369660076292,0.05851727880601,1.40441469134424
161725589,23,1.85307724931969,0.071455478000498,1.71493147201195
198236067,20,1.8515624629898,0.4466932798085,10.720638715404
289269327,18,1.84884241185802,0.056265096769374,1.35036232246498
24344174,5,1.84471780333364,0.050783785678279,1.2188108562787
453113716,19,1.84453146013169,0.08567292672383,2.05615024137191
231815113,7,1.84452757444183,0.092190157097119,2.21256377033086
207138379,2,1.84247430058947,0.492846575572927,11.8283178137503
50232454,2,1.84232704316908,0.058404567043772,1.40170960905052
313610499,25,1.8410794950346,0.050018932109068,1.20045437061763
67149557,17,1.83895897133088,0.232636451664953,5.58327483995887
274393297,16,1.83883860453924,0.05046587817025,1.21118107608599
196220336,15,1.83702643471839,0.052461950883853,1.25908682121246
115419899,25,1.83623227486958,0.127044098402296,3.0490583616551
141769356,7,1.83336175057011,0.059520744550457,1.42849786921097
319171087,7,1.8333437428191,0.071200073862459,1.70880177269901
112603237,7,1.83178908709152,0.051260872666675,1.23026094400019
328254412,4,1.83101508371178,0.068652131466139,1.64765115518732
101013663,4,1.83067516787815,0.050443202813849,1.21063686753238
33880418,10,1.82726674262243,0.059650183004911,1.43160439211787
157906847,23,1.82718861307799,0.078138776724357,1.87533064138456
115104089,23,1.82299941547158,0.098105170761344,2.35452409827224
7690679,4,1.82254780753545,0.097460108758259,2.33904261019822
455959622,17,1.8209610758968,0.138096285520222,3.31431085248534
429003155,24,1.82068760852322,0.066596311773919,1.59831148257406
318231746,21,1.82031675029776,0.056204474737077,1.34890739368985
266350434,19,1.81701107491362,0.061917956544084,1.48603095705802
330094198,15,1.81430119493112,0.240164381046339,5.76394514511214
350025862,10,1.81083618796365,0.064621276580946,1.5509106379427
424389265,17,1.80950462509157,0.48980448745989,11.7553076990374
403215000,17,1.80827982120438,0.124275185715566,2.98260445717358
198362741,19,1.80718205035839,0.133019527621065,3.19246866290557
284170829,24,1.80587495955185,0.070572551058419,1.69374122540206
231815113,5,1.80430912485678,0.095797251736164,2.29913404166794
233008502,16,1.80400104077353,0.474844842505237,11.3962762201257
360020321,26,1.80114232142218,0.461637762768357,11.0793063064406
372390514,25,1.7968662500544,0.251513527001624,6.03632464803898
219855010,26,1.79411535822923,0.079276710098246,1.9026410423579
20037598,8,1.79282031780456,0.053962497568523,1.29509994164454
383553281,18,1.79268466339202,0.069336758345267,1.66408220028641
270672809,11,1.79119520100192,0.050172623989765,1.20414297575435
150387899,16,1.79084646882653,0.089191972051124,2.14060732922698
141769356,8,1.79082469908033,0.062409701486236,1.49783283566966
115419899,24,1.79052596860075,0.054152138524997,1.29965132459993
370282727,1,1.78662114365633,0.050573886378638,1.2137732730873
233745344,18,1.78536664650097,0.169408140115746,4.06579536277792
233008502,19,1.78460747253429,0.087147056942761,2.09152936662625
422247088,9,1.78433309211231,0.055511858967195,1.33228461521268
350734035,14,1.78271894756652,0.305638475791541,7.33532341899697
67149557,16,1.78124476506278,0.342110664627478,8.21065595105947
162675942,25,1.77871865032251,0.052858454997429,1.26860291993829
214516789,1,1.77593239757976,0.20221066853343,4.85305604480232
271975726,13,1.77431753469707,0.060677666980271,1.45626400752651
459837008,20,1.77143763604016,0.051011258238836,1.22427019773205
129740457,3,1.77013901541472,0.238232704314132,5.71758490353916
33281803,8,1.76828196904893,0.066448819803534,1.5947716752848
269464388,19,1.76527376392694,0.050197574998106,1.20474179995454
450075496,5,1.76166436341214,0.091458820327457,2.19501168785896
271975726,2,1.76107927837607,0.081898882257574,1.96557317418178
260655797,6,1.76049869757212,0.278517321758854,6.68441572221249
270672809,7,1.75596904287381,0.367982047575685,8.83156914181645
32677026,6,1.75594504650761,0.05037797856549,1.20907148557176
141769356,1,1.75372733605339,0.089451426982489,2.14683424757974
231914259,1,1.7513025147229,0.073626156599085,1.76702775837803
161729486,23,1.75074975577484,0.330945363079562,7.9426887139095
142878895,21,1.74912265253366,0.099968089743204,2.3992341538369
141821609,23,1.74758226271854,0.304308928688225,7.30341428851741
387959100,19,1.7469652645563,0.198500703505182,4.76401688412437
219855010,23,1.74394175059762,0.076299926186592,1.8311982284782
105577069,21,1.74329163332436,1,24
340638718,9,1.7412428960055,0.450993271366583,10.823838512798
470124628,19,1.74097413477007,0.055706567526074,1.33695762062576
353732913,21,1.73799831719829,0.090089699839228,2.16215279614147
167165793,28,1.73767693556702,0.062591527857182,1.50219666857237
4715901,4,1.73674770585231,0.113564929769873,2.72555831447696
255848989,11,1.73366772015855,0.468335269296765,11.2400464631224
357831022,25,1.73102595088721,0.059492173323028,1.42781215975266
309850275,22,1.72962862527364,0.262685732962967,6.30445759111122
198236067,24,1.72944577555312,0.051357999335219,1.23259198404526
155895287,2,1.7293348720092,0.35403792680593,8.49691024334233
169421326,5,1.72833426337776,0.118014710715291,2.83235305716699
264977161,7,1.72482752598514,0.106114260318365,2.54674224764077
428991038,25,1.72444006764334,0.203953651912794,4.89488764590706
419588834,1,1.72223090303854,0.32005785605883,7.68138854541191
122608433,4,1.72186021016126,0.10953960180257,2.62895044326168
229614158,14,1.72085051376562,0.429947251307796,10.3187340313871
232629531,14,1.71893517486216,0.0546335627937,1.3112055070488
34854348,18,1.71829693355934,0.052675332430051,1.26420797832121
202409832,17,1.71641002621963,0.055458097293221,1.33099433503729
408438072,9,1.71612507428272,0.111219032607411,2.66925678257786
1714931218,26,1.71377925834945,0.060317976998279,1.44763144795869
43451426,3,1.71076185173436,0.133089735886335,3.19415366127205
464773156,5,1.70899012594454,0.220655890811302,5.29574137947125
260609189,3,1.70892946585991,0.086066139508772,2.06558734821053
10043547,20,1.70862837926022,0.050426561727025,1.2102374814486
278773740,1,1.70690404346658,0.074771407406495,1.79451377775588
300037002,12,1.70645966481009,0.082801667511338,1.9872400202721
229476105,17,1.70367227846499,0.116305802449887,2.7913392587973
284190375,18,1.70278262096175,0.082477084873921,1.9794500369741
179234597,7,1.70277679223702,0.494479844116307,11.8675162587914
175456846,28,1.70011098679231,0.057268807746835,1.37445138592404
278287324,4,1.69765527231262,0.064293439282913,1.54304254278992
439488901,3,1.6958617091089,0.057171147473216,1.37210753935719
233745344,24,1.69551567108024,0.085688019751981,2.05651247404754
450100760,5,1.69300209785471,0.172369516227834,4.13686838946802
340638718,7,1.69176940806103,0.450737373551984,10.8176969652476
165599289,22,1.69037108747716,0.395136538032264,9.48327691277435
207172859,2,1.68751351815334,0.054962484808891,1.31909963541338
167525513,5,1.68627839429964,0.094354011981964,2.26449628756714
469430747,16,1.68568889705424,0.069218161620536,1.66123587889286
270672809,4,1.68478838055241,0.276096403183998,6.62631367641595
252963282,21,1.68335562857984,0.063022336992481,1.51253608781954
200790342,4,1.67615063875308,0.052272972470607,1.25455133929456
207306050,7,1.67493034048787,0.114993487248293,2.75984369395902
229807051,1,1.67272062691414,0.056773653534993,1.36256768483983
166597074,21,1.65800481531498,0.057385108673519,1.37724260816446
20093012,6,1.65495445744563,0.054217182531167,1.30121238074802
10043630,20,1.65387706698366,0.057802530804365,1.38726073930475
143499878,19,1.6513812687489,0.185890791577767,4.4613789978664
249695222,16,1.64870865211558,0.30397665692322,7.29543976615727
450348875,23,1.64820505704401,0.254211797341882,6.10108313620518
27304207,20,1.6472810511217,0.169667096206675,4.0720103089602
229738650,22,1.6422180611505,0.054073014559661,1.29775234943186
233789940,14,1.63744289231003,0.076225435761829,1.8294104582839
341076768,13,1.63508882969836,0.066095219807265,1.58628527537436
350025862,2,1.63146663738155,0.069131495386433,1.65915588927439
360020321,16,1.62862237057193,0.376968220176061,9.04723728422546
428888136,19,1.62223518823118,0.059211982929635,1.42108759031124
360020321,22,1.62099106975874,0.490655736017191,11.7757376644126
31792609,27,1.61706532048254,0.097152317340394,2.33165561616945
232529313,23,1.61677056550242,0.062929454176945,1.51030690024667
394356010,1,1.61585542290129,0.061917507181678,1.48602017236027
232064183,27,1.6110100572828,0.360834972571029,8.66003934170471
165528645,25,1.60942612365121,0.058251224205453,1.39802938093086
122669742,4,1.60872237348576,0.054303217248158,1.3032772139558
161729486,16,1.60786887019176,0.074631275762036,1.79115061828887
343268431,16,1.60723193101692,0.054241299003869,1.30179117609286
441740483,26,1.60689502454571,0.065703452080441,1.57688284993058
25506601,6,1.60501000665077,0.073462909335456,1.76310982405095
38954437,13,1.60074945047074,0.050559623059331,1.21343095342395
288517585,19,1.59942951729979,0.439800156177809,10.5552037482674
199573123,18,1.59498271091032,0.456288743897585,10.950929853542
302296434,1,1.59458701665401,0.096736459795228,2.32167503508546
53429670,21,1.58044277798724,0.081158433442424,1.94780240261818
219773818,23,1.57810063572324,0.050095754514904,1.20229810835768
437230158,9,1.57709742690984,0.312675211201079,7.50420506882589
234333175,27,1.56710085836026,0.059023861954561,1.41657268690945
461402004,17,1.56674737046297,0.066591219039971,1.59818925695931
284190375,25,1.56672117637329,0.065996370302483,1.58391288725958
141769356,28,1.56117491730172,0.093963452898418,2.25512286956203
406240485,13,1.55662558331911,0.066138408885491,1.58732181325178
83627107,17,1.55346166571624,0.056125751222802,1.34701802934726
415439530,5,1.54756143396528,0.05497561929549,1.31941486309175
373985178,11,1.5440113678504,0.062598047490983,1.50235313978359
415018072,14,1.54358227798197,0.057049319556047,1.36918366934512
466696103,27,1.54022347168237,0.064117229420281,1.53881350608675
167812509,2,1.53941336276984,0.168326393883828,4.03983345321187
120442975,2,1.53666993340479,0.171271470098403,4.11051528236166
137726810,15,1.53633263875241,0.05644178903748,1.35460293689951
63052569,15,1.53527732826025,0.053985088731141,1.29564212954738
269464385,19,1.53474433587365,0.070659924218763,1.6958381812503
96622151,19,1.53276893810971,0.079299706316762,1.90319295160228
350025862,8,1.52528400224525,0.067988635445461,1.63172725069106
141769356,4,1.52405812800525,0.052078766224967,1.2498903893992
394356010,12,1.5179283689313,0.198785536998629,4.77085288796709
441740483,17,1.51780170898829,0.060151733357803,1.44364160058727
22819191,23,1.51509776349151,0.054232039377615,1.30156894506277
101013663,3,1.51449482136331,0.067134643517138,1.61123144441132
278521020,12,1.51028013191941,0.056927119954458,1.36625087890698
270672809,5,1.50855726775333,0.553646786332461,13.2875228719791
177036977,8,1.50730776576107,0.058442512540451,1.40262030097082
424093916,18,1.50505338257383,0.075363646263586,1.80872751032606
79301672,1,1.50414104421778,0.083754111703369,2.01009868088085
334387369,17,1.50195811900469,0.077753732321192,1.86608957570861
88780524,26,1.49846184158238,0.174053410136762,4.17728184328229
406344319,1,1.49674931444405,0.180945857148626,4.34270057156703
176363846,5,1.496264700242,0.053284603885877,1.27883049326105
231815113,4,1.49518855890824,0.054838603047643,1.31612647314342
383553281,20,1.49271224834993,0.464013500792397,11.1363240190175
373985178,8,1.49068169456193,0.104839927846131,2.51615826830714
392365135,21,1.49006022678954,0.245154921834978,5.88371812403946
257048637,15,1.48788602367842,0.063270056130643,1.51848134713543
353732913,16,1.48735326440237,0.056130024677564,1.34712059226153
207171025,3,1.48683024445355,0.133441510532516,3.20259625278038
49306639,6,1.48518042447453,1,24
422946847,4,1.48278508432299,0.470347108399977,11.2883306015994
139804696,28,1.46922847358692,0.384048379696407,9.21716111271377
454143370,5,1.46727236645093,0.068835031194973,1.65204074867935
167525513,6,1.46626038746473,0.205453393825896,4.9308814518215
102679397,19,1.46238210541381,0.386257086107759,9.27017006658621
17970570,22,1.45373836359382,0.094104889684386,2.25851735242527
229951694,19,1.45238165073508,0.128327382610382,3.07985718264918
79754655,13,1.45104141220568,0.060003742975879,1.4400898314211
229671667,23,1.44966939326967,0.42614403447115,10.2274568273076
298811296,5,1.44888636642482,0.323312984932324,7.75951163837578
373985178,5,1.44657788564806,0.09003377048942,2.16081049174607
424389265,18,1.4458607473987,0.451011154365645,10.8242677047755
33943446,6,1.44252676833453,0.509026998188045,12.2166479565131
233745344,20,1.44155634571418,0.15996984253349,3.83927622080375
79777560,6,1.4401194566543,0.187415979399851,4.49798350559641
25243422,28,1.44004512837977,0.096722990367825,2.32135176882779
450341981,23,1.43737830075148,0.059630822001267,1.4311397280304
67072736,16,1.43556034433273,0.055106908133811,1.32256579521146
283828888,23,1.43536529991174,0.068564444885892,1.64554667726142
15652493,17,1.43508261109966,0.581658515908446,13.9598043818027
358899709,24,1.4349030995813,0.210388852199669,5.04933245279206
249071639,5,1.43152057495319,0.062183292659586,1.49239902383005
134174571,6,1.43068079874809,0.313849965603636,7.53239917448727
30186108,6,1.42867846034721,0.058975211098378,1.41540506636107
230090756,15,1.4284346448335,0.547696496705797,13.1447159209391
152719658,9,1.42460578806071,0.123016563763108,2.95239753031458
233789940,15,1.42000706057764,0.117611973203442,2.82268735688261
343648067,13,1.41668819124693,0.204227674813256,4.90146419551816
354352349,19,1.4134729373742,0.235264776531493,5.64635463675583
57008952,22,1.41237560942453,0.054691313957112,1.31259153497068
383671166,12,1.41005761055715,0.050086321466821,1.20207171520369
267873368,17,1.40891397658812,0.061789752301675,1.48295405524021
168747450,16,1.40545607232724,0.367550001951861,8.82120004684466
322950055,12,1.40454030202452,0.659865208750177,15.8367650100043
299028261,26,1.40318055102063,0.054668991033796,1.31205578481111
300282484,13,1.40180616365574,0.10124111360817,2.42978672659608
154561790,21,1.39669750391327,0.072816025573075,1.74758461375381
308126348,17,1.39595512501888,0.117485646556043,2.81965551734502
141769356,10,1.39468062809526,0.065973282067311,1.58335876961546
157631248,7,1.39327785551953,0.070624776321395,1.69499463171348
64139865,7,1.38866559645544,0.126276714681114,3.03064115234673
36761281,4,1.38679209110534,0.322796425050438,7.7471142012105
425506473,11,1.38645698937595,0.065202755032643,1.56486612078343
317891205,19,1.38549745937661,0.067909140299641,1.62981936719139
122136861,14,1.38295843617049,0.055584068455535,1.33401764293284
200230413,27,1.3800801879899,0.063973898788315,1.53537357091957
139485218,3,1.37988142210399,0.072671557469548,1.74411737926916
229951694,23,1.37635148751782,0.053159488808236,1.27582773139765
322950055,13,1.37633899181199,0.660747157821799,15.8579317877232
161746333,22,1.3763306032873,0.051449211701829,1.23478108084389
332571654,18,1.37139527336358,0.061296023534438,1.47110456482652
141769356,11,1.37094091934845,0.184441873125904,4.42660495502171
373985178,3,1.37068844932749,0.063753763436549,1.53009032247718
423236614,13,1.36729241558434,0.198802779956336,4.77126671895207
38698751,8,1.36703421793142,0.119594355377777,2.87026452906665
231020924,2,1.36589619901389,0.649324315034674,15.5837835608322
231315447,6,1.34536874847678,0.294329725381557,7.06391340915737
110553661,14,1.33999107632942,0.32312223930969,7.75493374343257
425937008,28,1.33918656946618,0.460777471475319,11.0586593154077
229404121,16,1.33898724810011,0.053221536902496,1.27731688565991
300037002,9,1.33453226760136,0.085241303158396,2.04579127580151
141769356,13,1.33335725866098,0.06324226120649,1.51781426895576
232083054,28,1.32801345589275,0.313545601794106,7.52509444305855
179294885,9,1.32458351433405,0.561145763568252,13.4674983256381
459837008,25,1.32334316239167,0.496824216658582,11.923781199806
441664609,23,1.3210444683682,0.836070903852718,20.0657016924652
141769356,5,1.32072218794867,0.342714709205116,8.22515302092278
80091347,27,1.3190027311184,0.062626577226133,1.50303785342718
233745344,26,1.31655431307729,0.053446341432572,1.28271219438173
301067015,14,1.31353060917521,0.050408119543884,1.20979486905322
34527902,6,1.31347342538612,0.169338780766201,4.06413073838882
376674429,24,1.31316846179486,0.061013110723271,1.4643146573585
165143363,4,1.31263862265305,0.058314238978765,1.39954173549036
401838575,2,1.3091326744487,0.313537220888534,7.52489330132482
14612845,7,1.30379900133264,0.066081764231141,1.58596234154737
355817287,21,1.30180593047092,0.277192722029308,6.65262532870339
271975726,1,1.29165379644065,0.153965224308013,3.69516538339232
79777560,7,1.28889950457889,0.086576379427024,2.07783310624858
166869904,4,1.28747488137503,1,24
441706266,22,1.28535713281527,0.051850101146261,1.24440242751026
37659841,6,1.28212969408573,0.138524566308205,3.32458959139693
29430569,1,1.28177969961581,0.34717272441382,8.33214538593167
30944189,5,1.27966720166499,0.069544447216111,1.66906673318665
214972970,12,1.27638646619837,0.465408691465953,11.1698085951829
141769356,9,1.27532225835917,0.055945415552517,1.3426899732604
84925818,22,1.26757443666589,0.060801248261798,1.45922995828314
229683574,18,1.26204676137212,0.051071319858934,1.22571167661441
30186108,3,1.2600819661172,0.052655197979517,1.26372475150842
346751893,26,1.25207242966732,0.559224293094932,13.4213830342784
137726810,21,1.24825677549087,0.060939013017417,1.46253631241801
38698751,4,1.24472285032589,0.601259675502042,14.430232212049
427544839,4,1.24130120049337,0.052034154518387,1.24881970844128
283828888,16,1.23988055684044,0.060627275626402,1.45505461503366
44310393,26,1.23785218793006,0.076732749076641,1.84158597783938
441398770,1,1.23687852689849,0.242596410688705,5.82231385652892
165530589,17,1.2335880968744,0.050403242933815,1.20967783041155
288404936,16,1.23259223019604,0.407292372401229,9.7750169376295
351697960,24,1.23154187610958,0.120010112172817,2.88024269214762
334387369,24,1.23098094039232,0.097127261980214,2.33105428752512
150269175,21,1.2278288416692,0.051292147775544,1.23101154661306
165453967,16,1.22756615327951,0.054222393504096,1.30133744409831
279314127,1,1.22589236792709,0.052008131661273,1.24819515987055
165530589,14,1.22325108747348,0.102931710092129,2.4703610422111
356975864,25,1.22105829822502,0.058710570480749,1.40905369153796
271975726,5,1.2192628346021,0.264291443637215,6.34299464729316
229671667,25,1.2123620392681,0.424525838315025,10.1886201195606
38698751,3,1.20951580729056,0.060481436038293,1.45155446491904
155557995,22,1.20848831549532,0.174782972512838,4.19479134030812
201226029,2,1.20746254505745,0.052719400026794,1.26526560064306
177036977,10,1.20251266479157,0.073968084418736,1.77523402604967
117409112,21,1.20018121805526,0.054303246152609,1.30327790766261
388601177,24,1.19767507239297,0.10028711226346,2.40689069432304
72746624,3,1.18543522733829,0.062651227740076,1.50362946576183
435881413,5,1.18424925319704,0.66319293757456,15.9166305017894
200740049,3,1.18393502184172,0.568207549353899,13.6369811844936
13725513,15,1.18196487801741,0.056489955997388,1.35575894393732
389788134,22,1.17835755390087,0.052476412248982,1.25943389397556
232521209,14,1.16943023033044,0.051689217948567,1.24054123076559
298049839,20,1.16263489733019,0.062054011463202,1.48929627511684
375273689,6,1.16126067900364,0.323167695824343,7.75602469978422
177036977,7,1.16047732851677,0.067994064392411,1.63185754541787
167525513,7,1.16039344110481,0.05060330488819,1.21447931731656
97971639,10,1.1578709167585,0.062567121979014,1.50161092749633
229184196,10,1.15670362606008,0.079984240349974,1.91962176839937
260609189,10,1.14004128498212,0.057214473047564,1.37314735314154
328815845,20,1.12841495799933,0.697755960559867,16.7461430534368
158035258,16,1.12694431907254,0.060025667133799,1.44061601121118
198362741,25,1.12547882059118,0.05050858714773,1.21220609154552
300037002,11,1.12537488824783,0.068018504810646,1.63244411545551
429000467,25,1.12424252197874,0.06331448080596,1.51954753934305
358899709,18,1.11842459445692,0.200411837497748,4.80988409994595
45605492,9,1.11772417486208,0.053611063438414,1.28666552252193
301773768,27,1.11265624426872,0.058122080501339,1.39492993203213
137858708,16,1.11264518431698,0.052462325259747,1.25909580623393
279580178,6,1.10269058211947,0.054189696775094,1.30055272260224
188777430,25,1.10020216962163,0.692469519747371,16.6192684739369
188777432,25,1.09956644161487,0.692469520161695,16.6192684838807
279314127,28,1.09618082276494,0.798103879875846,19.1544931170203
142878895,15,1.09537585404068,0.053083024417807,1.27399258602737
118174633,10,1.09520074689924,0.058898572336657,1.41356573607977
66216645,19,1.09177954883143,0.49536437198463,11.8887449276311
271975726,27,1.09096967770784,0.053114040629379,1.27473697510509
160618342,18,1.09047805437925,0.272101576336354,6.5304378320725
201929047,17,1.08940569412013,0.705810042432118,16.9394410183708
3887989,3,1.08386077089483,0.050302307141988,1.20725537140772
251079483,21,1.08364242617235,0.756539232633885,18.1569415832132
149838027,2,1.08106212549774,0.53729086370734,12.8949807289762
184739388,18,1.07928465250226,0.436685588634578,10.4804541272299
188777430,26,1.06219185985376,0.701125931242943,16.8270223498306
188777432,26,1.05688011458317,0.701125931404809,16.8270223537154
166145361,11,1.0566379191175,0.127239323334603,3.05374376003046
409934317,27,1.04598606041518,0.438763268124213,10.5303184349811
207435614,23,1.03946014106646,0.078495147268581,1.88388353444595
72417989,6,1.03159320175875,0.082855690735336,1.98853657764806
137726810,14,1.02634339008777,0.061693964363855,1.48065514473252
242985065,5,1.0236116189308,0.860887389181834,20.661297340364
156691155,23,1.02300087236876,0.052029863326623,1.24871671983894
83627107,24,1.02174015333575,0.102303076724618,2.45527384139083
298433771,23,1.01925524735226,0.063604391573734,1.52650539776961
453002670,7,1.01235089741738,0.224240189876154,5.3817645570277
350332233,10,1.01234290618682,0.439490249418612,10.5477659860467
406449790,4,1.00878742718129,0.755316065318475,18.1275855676434
288517585,20,0.999931248285533,0.059312048868312,1.42348917283949
48415693,15,0.999272797331658,0.053268031015023,1.27843274436056
77111651,3,0.997978204366689,0.074377554826333,1.785061315832
219807052,23,0.993593496120099,1,24
236320474,24,0.983424761698942,0.051200238331114,1.22880571994673
166013336,16,0.971888132221828,0.128617645637348,3.08682349529636
122723011,7,0.966750345832339,0.064547763502976,1.54914632407141
20204780,24,0.957699557653622,0.051860556464325,1.2446533551438
3818153,22,0.955117407450634,0.098703850295502,2.36889240709205
340638718,27,0.954817799226975,0.434540519643108,10.4289724714346
123319494,3,0.952683198835543,0.055029072011343,1.32069772827223
428888136,25,0.952207990128913,0.088137169971166,2.11529207930797
207435614,24,0.936051935336723,0.065704714134238,1.5769131392217
445873466,24,0.9347378003955,0.053151936859105,1.27564648461851
167525513,11,0.934150026975789,0.194964813238789,4.67915551773095
165530589,16,0.92489375947194,0.062329178287523,1.49590027890055
20325775,9,0.920464550982216,0.096805958361724,2.32334300068138
52242947,1,0.916056787862234,0.444804984716334,10.675319633192
2761472,2,0.915767134938412,0.94483616845801,22.6760680429922
167525513,1,0.906383608890302,0.056292371536763,1.35101691688231
230982053,2,0.895493508486067,0.706217374289609,16.9492169829506
101168822,18,0.882207323942372,0.214663526027385,5.15192462465724
24541237,9,0.8750754323469,0.072654259530853,1.74370222874048
282427587,14,0.831787855715899,0.230967793726921,5.5432270494461
431383040,27,0.823744157824021,0.287421138331594,6.89810731995826
219807052,24,0.81150577348641,0.117561718431415,2.82148124235396
435904496,5,0.804802625265779,0.401156842627798,9.62776422306716
118174633,8,0.767901845418453,0.36322609706452,8.71742632954848
271975726,6,0.725434981259114,0.327049298317115,7.84918315961076
