phi,flux,t,flux_err,median_,modelflux,modelflux_err
0.0,311.8320820494446,1493.501033037573,6.523543516889596,312.1579330675633,311.1280360767125,0.8696728480868782
0.04945686934044145,315.96127243777664,1493.5024219622048,6.475172930878371,312.1579330675633,311.15759812978666,0.869763881821842
0.09891375522977847,312.0190974361649,1493.5038108873014,6.452817832216928,312.1579330675633,311.1860463247578,0.8698289611053165
0.1483706411515008,319.5484120519468,1493.5051998123988,6.460313081234972,312.1579330675633,311.21358595702276,0.8698687940740357
0.19782751050813488,308.74776449149067,1493.506588737031,6.4275429739023435,312.1579330675633,311.2404603241195,0.8698842301935944
0.24728439642985722,309.9861397382556,1493.5079776621285,6.4821412751544685,312.1579330675633,311.26694713790147,0.8698762649845442
0.29674126576220233,316.90550269905,1493.50936658676,6.4505262948497375,312.1579330675633,311.29335444077896,0.8698460567437505
0.34619815167582835,302.5765032015952,1493.5107555118573,6.434228532262355,312.1579330675633,311.32001629174937,0.8697949208317799
0.39565503759755066,313.81058403235875,1493.5121444369547,6.449556212822792,312.1579330675633,311.3472880000483,0.8697243373204389
0.4451119069541848,310.792188032221,1493.513533361587,6.454936520710263,312.1579330675633,311.3755411779204,0.869635943451777
0.49456879287590716,310.4439365966209,1493.5149222866844,6.473904139210119,312.1579330675633,311.4051585803174,0.8695315245789547
0.5440256621839632,314.3218987661385,1493.5163112113153,6.448824546641434,312.1579330675633,311.43652868619046,0.8694130134492636
0.5934825481299746,315.29439909363646,1493.5177001364134,6.460414256803413,312.1579330675633,311.4700403215831,0.8692824716424995
0.6429394174947051,312.9003301182929,1493.5190890610459,6.46138374549719,312.1579330675633,311.50607707036414,0.8691420747645748
0.692396303384042,306.62692876564324,1493.5204779861424,6.43495031016759,312.1579330675633,311.54501187027944,0.8689940971652185
0.7418531727244835,315.5932535500069,1493.5218669107742,6.454484903736694,312.1579330675633,311.58720149021264,0.8688408929837184
0.7913100586623985,312.8046758532837,1493.523255835872,6.454789841108451,312.1579330675633,311.63298133537336,0.8686848718314036
0.8407669280028399,302.3185345694692,1493.5246447605039,6.446797933842121,312.1579330675633,311.6826602168441,0.868528481023873
0.8902237973351851,311.73773218804854,1493.5260336851354,6.446359379316885,312.1579330675633,311.7365155767804,0.8683741834050732
0.939680683248811,314.67115812424527,1493.5274226102326,6.455978605545423,312.1579330675633,311.79478885933366,0.8682244268659471
0.9891375525649635,310.941578775728,1493.5288115348637,6.448382534722434,312.1579330675633,311.8576811961322,0.8680816320341316
1.0385944385109749,305.3310025731116,1493.5302004599619,6.440547479001712,312.1579330675633,311.9253496839048,0.8679481662038977
1.0880513078676088,312.61348997999085,1493.531589384594,6.44258303684947,312.1579330675633,311.99790378093184,0.8678263216745403
1.1375081771756652,305.1267810604877,1493.532978309225,6.440052721357061,312.1579330675633,312.07540249535685,0.8677183066628572
1.1869650630973874,311.9291583565464,1493.5343672343224,6.44732642409628,312.1579330675633,312.1578518594544,0.8676262164758168
1.2364219324540215,312.0023297728658,1493.5357561589547,6.449281677292207,312.1579330675633,312.2452029040725,0.8675520371079686
1.285878818375744,314.32238312894697,1493.537145084052,6.446078027617921,312.1579330675633,312.3373504757257,0.8674976231245994
1.3353356877161853,319.99946615608496,1493.5385340086839,6.461723913368477,312.1579330675633,312.43413219468147,0.8674647037129894
1.3847925570485304,306.89598108814243,1493.5399229333154,6.448898026543998,312.1579330675633,312.5353284442646,0.8674548728724175
1.4342494429621564,311.722318020722,1493.5413118584127,6.447570118578669,312.1579330675633,312.64066265426317,0.8674696032725492
1.483706312326887,312.4373362390834,1493.5427007830451,6.445702155442658,312.1579330675633,312.74980215074555,0.8675102410792308
1.533163181659232,311.62998477039946,1493.5440897076767,6.459357211433898,312.1579330675633,312.8623599182576,0.8675780322437889
1.5826200675566655,309.91843976064774,1493.5454786327734,6.443217080650616,312.1579330675633,312.97789662722806,0.8676741269763489
1.6320769369213957,319.54928403658414,1493.546867557406,6.507761031686592,312.1579330675633,313.09592320090104,0.8677995984656437
1.6815338062861263,310.9851806485385,1493.5482564820384,6.446754786171779,312.1579330675633,313.21590427449354,0.867955474319842
1.7309906755860858,311.26799794884573,1493.549645406669,6.445900644719777,312.1579330675633,313.3372617788738,0.8681427499238383
1.7804475615078084,315.9746463609408,1493.5510343317665,6.462469041741895,312.1579330675633,313.45937923591936,0.8683624218309951
1.82990443084825,308.44531485511834,1493.5524232563982,6.4742890855107955,312.1579330675633,313.58160624955434,0.8686155036798295
1.879361300180595,309.38579108760314,1493.5538121810298,6.443925561782287,312.1579330675633,313.70326380613204,0.8689030632022942
1.9288181695453253,313.74752207628626,1493.5552011056623,6.463812528053645,312.1579330675633,313.8236495166677,0.8692262375649427
1.9782750388776704,318.04044414575037,1493.5565900302938,6.458994451011347,312.1579330675633,313.9420433651723,0.8695862645905335
2.0277319247751038,303.0895382111521,1493.5579789553906,6.42992413685368,312.1579330675633,314.05771370406745,0.8699844907192195
2.077188794131738,311.0304597688082,1493.5593678800228,6.439431949104438,312.1579330675633,314.16992324992697,0.870422394878691
2.1266456634964683,312.9038927296788,1493.5607568046553,6.4932818544452,312.1579330675633,314.2779356015564,0.8709015941690991
2.1761025328045247,315.6762646497591,1493.5621457292862,6.469864691280939,312.1579330675633,314.38102144514795,0.8714238527827012
2.225559402144966,303.3794803035162,1493.563534653918,6.457245115568091,312.1579330675633,314.4784649710784,0.8719910695638259
2.275016288082881,311.96803202235606,1493.5649235790158,6.448714159861454,312.1579330675633,314.5695702346604,0.8726052835508292
2.3244731574233226,316.6016473966738,1493.5663125036476,6.452163003949379,312.1579330675633,314.6536672626864,0.8732686493163386
2.3739300267637637,299.73997907610465,1493.5677014282794,6.435502391741585,312.1579330675633,314.7301182980993,0.8739834148617792
2.423386896096109,309.49458880287057,1493.569090352911,6.44684617096921,312.1579330675633,314.7983235127396,0.8747518951497602
2.4728437654122613,311.7331898697339,1493.570479277542,6.457002161146035,312.1579330675633,314.8577265962669,0.8755764276609042
2.5223006347688957,315.6773896993909,1493.5718682021743,6.463727845498671,312.1579330675633,314.9078199795005,0.8764593436020756
2.5717575041255296,303.2007501916087,1493.5732571268065,6.44485996605224,312.1579330675633,314.94814967282963,0.8774029047518739
2.621214373441682,314.64848546533904,1493.5746460514376,6.465181864392786,312.1579330675633,314.97831967253677,0.8784092527450644
2.670671242774027,309.1968634453442,1493.5760349760692,6.442357762833607,312.1579330675633,314.99799589175035,0.8794803697957762
2.7201281121387573,314.6317668990232,1493.5774239007017,6.4553867593454015,312.1579330675633,315.0069095767432,0.8806179996824617
2.769584981471103,300.7441983809331,1493.5788128253332,6.44173626664465,312.1579330675633,315.00486017491147,0.8818235977340254
2.819041867392825,316.4570784855641,1493.5802017504307,6.464085849190626,312.1579330675633,314.99171761910856,0.88309827384224
2.8684987367332666,309.36189574784294,1493.5815906750624,6.461431739973092,312.1579330675633,314.96742403847037,0.8844427368657584
2.9179556060656116,311.6812910478875,1493.582979599694,6.455771485605851,312.1579330675633,314.93199480287893,0.8858572360831893
2.967412475430342,311.0319966102361,1493.5843685243265,6.441516883195619,312.1579330675633,314.88551897685846,0.887341527252269
3.016869344762687,311.7239084686589,1493.585757448958,6.456075261717537,312.1579330675633,314.82815912038876,0.8888948260440065
3.0663262140788397,311.723832416832,1493.5871463735891,6.452369183531275,312.1579330675633,314.7601504554188,0.89051577017575
3.115783083435474,309.8849776600691,1493.5885352982214,6.452928506264968,312.1579330675633,314.6817994016348,0.8922024083880483
3.165239936210827,307.71594079998613,1493.589924222388,6.44761012239118,312.1579330675633,314.5934815253897,0.8939521816113517
3.21469680552698,316.33001894248446,1493.591313147019,6.47297053813819,312.1579330675633,314.49563873445385,0.8957619255162704
3.2641536748593243,314.88634437200744,1493.5927020716506,6.494515909684383,312.1579330675633,314.38877619555586,0.8976278752973045
3.313610544199766,313.77656449982896,1493.5940909962824,6.469661134330532,312.1579330675633,314.27345841148434,0.8995456794377651
3.3630674135402074,304.4226366847761,1493.5954799209142,6.475549033405098,312.1579330675633,314.1503049277091,0.9015104510541566
3.4125242828968414,315.19486281383433,1493.5968688455464,6.4829839288541935,312.1579330675633,314.0199855369321,0.9035167871558247
3.461981152237283,318.4130236779638,1493.5982577701782,6.471436382567729,312.1579330675633,313.883215053662,0.9055588311846618
3.511438021545339,311.51191192414626,1493.599646694809,6.464853882106393,312.1579330675633,313.74074770591704,0.9076303263285409
3.5608948909019733,314.39494517226194,1493.6010356194413,6.482220943905568,312.1579330675633,313.5933711960826,0.9097246891995612
3.6103517602667035,312.53143175125297,1493.6024245440738,6.472923177535235,312.1579330675633,313.4419004862322,0.9118350741812998
3.659808629582856,308.6902807470142,1493.6038134687049,6.44527113717888,312.1579330675633,313.28717136351787,0.9139544607695225
3.7092654823339206,319.4930786121695,1493.6052023928708,6.471220674668417,312.1579330675633,313.1300338987532,0.916075723637299
3.758722351698651,311.6698944099335,1493.6065913175032,6.463692521270333,312.1579330675633,312.97134554239545,0.9181917255815475
3.8081792210309957,315.87773715554795,1493.6079802421348,6.461793023321311,312.1579330675633,312.8119647108435,0.9202953907704151
3.857636090363341,305.02496458805035,1493.6093691667663,6.451908037732423,312.1579330675633,312.65274387013795,0.9223797873607357
3.9070929597037827,315.09502020541186,1493.610758091398,6.466375559899026,312.1579330675633,312.4945229695733,0.9244382087390289
3.9565498124629435,311.2482463252527,1493.6121470155642,6.473178583383467,312.1579330675633,312.3381230216075,0.9264642388144909
4.006006681819578,311.11995574509274,1493.6135359401965,6.46862265112383,312.1579330675633,312.18433962715807,0.9284518238731547
4.0554635511600186,311.78174113990826,1493.6149248648283,6.455463462234134,312.1579330675633,312.03393728898317,0.9303953274629572
4.1049204204680745,311.1727858880804,1493.6163137894591,6.450366772696324,312.1579330675633,311.88764351737353,0.9322895877095593
4.154377289808516,311.2627416467585,1493.617702714091,6.468868687487923,312.1579330675633,311.7461435692423,0.9341299512827939
4.20383414258387,313.663702196809,1493.6190916382575,6.4643614340831075,312.1579330675633,311.6100755973168,0.935912311442184
4.253291011924311,311.75435356580056,1493.6204805628893,6.460962723765245,312.1579330675633,311.4800260349659,0.9376331345640758
4.302747881256656,311.0821688498181,1493.6218694875208,6.461275921562005,312.1579330675633,311.3565259364952,0.939289463465883
4.352204734007721,306.790749404885,1493.6232584116867,6.479239779084047,312.1579330675633,311.24004743220956,0.9408789308261233
4.401661603348162,306.79585317908277,1493.6246473363185,6.459211640745593,312.1579330675633,311.13100078691804,0.9423997508760236
4.451118472704795,303.2944604447257,1493.6260362609507,6.463739954329737,312.1579330675633,311.0297323884626,0.9438507030199097
4.500575342045237,314.3412831657115,1493.6274251855825,6.461631702728658,312.1579330675633,310.9365229487268,0.9452311090937918
4.550032194772013,314.9752918314043,1493.6288141097477,6.482616702743492,312.1579330675633,310.851586548659,0.946540803616815
4.599489064136743,301.3962601557214,1493.6302030343802,6.46456717239146,312.1579330675633,310.7750701286388,0.9477800971701127
4.6489459169201925,312.3727236430168,1493.631591958547,6.459608062517209,312.1579330675633,310.7070539069684,0.9489497300364034
4.6984027862282485,308.9237111275834,1493.6329808831779,6.446236994932648,312.1579330675633,310.64755201810493,0.9500508291369301
4.74785965556869,317.010088372499,1493.6343698078097,6.4726107529618595,312.1579330675633,310.59651412865804,0.9510848520930875
4.797316508319755,310.84498091762,1493.6357587319756,6.454607371378535,312.1579330675633,310.55382739408395,0.9520535353290988
4.8467733776521,304.88974318774854,1493.637147656607,6.454850297495711,312.1579330675633,310.5193190302054,0.9529588346674319
4.896230247016829,302.1095094686243,1493.6385365812396,6.475319256468413,312.1579330675633,310.492759536439,0.9538028842169869
4.945687099767894,308.16923524505546,1493.6399255054055,6.451014759885374,312.1579330675633,310.4738662795391,0.9545879214296717
4.9951439690840465,311.38495653469,1493.6413144300366,6.450279291838604,312.1579330675633,310.4623075875608,0.9553162443944673
5.044600821867497,306.2587584742614,1493.6427033542034,6.451938151795875,312.1579330675633,310.45770730814564,0.9559901673132207
5.094057691224131,316.2262069828503,1493.6440922788356,6.486051313494276,312.1579330675633,310.4596496686974,0.9566119658944987
5.143514543950905,316.29263504028495,1493.6454812030008,6.468210558752147,312.1579330675633,310.46768450188773,0.9571838362183123
5.192971413291347,310.35613524988366,1493.6468701276326,6.454346953201368,312.1579330675633,310.481332729789,0.9577078698790638
5.2424282660667,315.3421977238577,1493.6482590517992,6.4678113340320245,312.1579330675633,310.50009203315875,0.9581859993864582
5.291885135407141,310.554961528891,1493.649647976431,6.463663752268277,312.1579330675633,310.52344273007856,0.9586200012166111
5.341341988166302,306.34008111459116,1493.651036900597,6.457156675700326,312.1579330675633,310.5508536619565,0.9590114503918572
5.390798857498647,318.7034641799655,1493.6524258252286,6.460550689885163,312.1579330675633,310.5817882235353,0.9593617227417321
5.440255710249711,309.13218865744784,1493.6538147493945,6.452410226704882,312.1579330675633,310.61571023042796,0.9596719870857308
5.489712579614443,316.40446381933,1493.655203674027,6.468738300256325,312.1579330675633,310.6520898537021,0.9599431952828676
5.539169432365506,319.6077826214314,1493.656592598193,6.471922917594228,312.1579330675633,310.6904092351944,0.9601760970091456
5.588626301681659,308.38406380987726,1493.657981522824,6.457650300610104,312.1579330675633,310.73016808581104,0.9603712439520445
5.638083154432723,308.40623979869997,1493.65937044699,6.464134224313782,312.1579330675633,310.77088882550396,0.9605289981172018
5.687540023797453,308.89323576444804,1493.6607593716224,6.455207236224407,312.1579330675633,310.8121216195215,0.9606495655795001
5.736996876548518,311.45756040003107,1493.6621482957883,6.451844756461221,312.1579330675633,310.85344883940724,0.9607330091115177
5.786453745888959,315.7766883602271,1493.66353722042,6.466306448945613,312.1579330675633,310.89448933624243,0.9607792742579252
5.83591059864812,319.54474733002644,1493.6649261445862,6.476118613362342,312.1579330675633,310.9349020461306,0.9607882198083785
5.885367451423472,326.0078235342153,1493.6663150687527,6.477095054053856,312.1579330675633,310.9743893185043,0.9607596506612719
5.934824320780107,310.00659212075334,1493.667703993385,6.4598271131214835,312.1579330675633,311.0126995893881,0.9606933434097406
5.984281173514979,315.7051358246972,1493.6690929175504,6.461392553117802,312.1579330675633,311.0496295182567,0.9605890850312191
6.033738026266042,308.54504484244535,1493.6704818417163,6.449683293901336,312.1579330675633,311.08502567628983,0.9604467010489289
6.083194895630774,316.64727130836764,1493.6718707663488,6.4645964642911125,312.1579330675633,311.11878553849255,0.9602660890347788
6.1326517483818375,300.3943127186103,1493.6732596905147,6.444185120249527,312.1579330675633,311.1508578977811,0.9600472476941835
6.182108601140998,324.7942256795759,1493.6746486146808,6.504099325041734,312.1579330675633,311.18124278837803,0.9597903074657576
6.231565470481439,319.7871147138794,1493.6760375393126,6.475748180160063,312.1579330675633,311.20999071696514,0.9594955565665653
6.281022323232504,318.4094707563054,1493.6774264634785,6.462032955373082,312.1579330675633,311.2372013249298,0.9591634637103448
6.330479176015953,319.3282611061695,1493.6788153876453,6.468649348963741,312.1579330675633,311.2630215707688,0.958794703975002
6.379936045348298,316.5806474539786,1493.6802043122768,6.473225935809841,312.1579330675633,311.28764327960033,0.958390167194134
6.4293928980831705,325.0289143784139,1493.6815932364423,6.501926051113831,312.1579330675633,311.31130018329003,0.9579509852895102
6.478849750834234,318.42394928351496,1493.6829821606082,6.481721406878752,312.1579330675633,311.3342645457671,0.9574785275739975
6.528306603617684,310.23028903097656,1493.684371084775,6.466892874476126,312.1579330675633,311.35684325533674,0.9569744187201942
6.5777634729500285,311.694269960346,1493.6857600094065,6.444404733876893,312.1579330675633,311.37937355643606,0.9564405318462145
6.62722032570919,311.44324521418093,1493.6871489335726,6.45262345468,312.1579330675633,311.4022183709605,0.9558789891917577
6.67667717846835,312.943353329556,1493.6885378577388,6.479375009907353,312.1579330675633,311.42576137863233,0.9552921604333159
6.726134031219414,309.14100298854464,1493.6899267819047,6.467763928941232,312.1579330675633,311.45040175870616,0.9546826386106015
6.775590900584145,311.82808229620423,1493.6913157065371,6.510607376074543,312.1579330675633,311.47654876940595,0.954053233775096
6.825047753335209,315.280453175008,1493.692704630703,6.464319723670514,312.1579330675633,311.50461612302405,0.953406953092315
6.874504606070081,304.8123698362688,1493.6940935548685,6.5041754976342645,312.1579330675633,311.53501635629453,0.9527469711255018
6.923961458845433,309.76595596606785,1493.695482479035,6.448685018263257,312.1579330675633,311.5681550800111,0.9520766104908175
6.973418311620787,305.09678169485414,1493.6968714032016,6.480120094959465,312.1579330675633,311.6044252984904,0.9513993053459162
7.022875164355659,325.34499957073785,1493.698260327367,6.536511797535128,312.1579330675633,311.6442018073723,0.9507185770836712
7.072332033688003,306.10242153341824,1493.6996492519986,6.449184999363729,312.1579330675633,311.68783575289507,0.950037987656707
7.121788886447164,307.1602903394014,1493.7010381761647,6.450974329654471,312.1579330675633,311.7356493199588,0.9493611208074609
7.1712457392063245,303.71964213215324,1493.7024271003309,6.496277754320284,312.1579330675633,311.7879308279882,0.9486915315158779
7.220702591981678,312.3966212357118,1493.7038160244974,6.459336400681057,312.1579330675633,311.844929995914,0.9480327133033897
7.270159444740839,318.59168611466885,1493.7052049486635,6.471934489421783,312.1579330675633,311.9068536423476,0.9473880720942667
7.319616297467614,307.81352685048114,1493.7065938728288,6.447978375362332,312.1579330675633,311.9738617834884,0.9467608776315691
7.369073150242967,312.82591917502214,1493.7079827969953,6.469268150108217,312.1579330675633,312.0460641855099,0.9461542494883737
7.418530003026417,315.2798075035389,1493.7093717211621,6.460745073975951,312.1579330675633,312.1235174097275,0.9455711070679471
7.467986855761288,312.61464403218633,1493.7107606453276,6.46631703073403,312.1579330675633,312.20622238498635,0.9450141688690727
7.517443708512352,316.4239911958175,1493.7121495694935,6.458548940606171,312.1579330675633,312.2941225358083,0.9444859114645899
7.566900561295802,321.18910450477415,1493.7135384936603,6.481839941433907,312.1579330675633,312.3871024885704,0.9439885663135953
7.616357414046866,310.8210169824597,1493.7149274178262,6.497988016736715,312.1579330675633,312.4849873741661,0.9435241019634703
7.665814266797931,311.0383773895155,1493.716316341992,6.471864660847129,312.1579330675633,312.58754273859466,0.9430942262424945
7.715271119557091,317.97883886063573,1493.7177052661582,6.469186719486229,312.1579330675633,312.6944750663026,0.9427003773831925
7.764727972316251,298.19121475086285,1493.7190941903243,6.436670622243713,312.1579330675633,312.8054329163098,0.9423437373245499
7.814184825091605,309.92075521371953,1493.720483114491,6.45546153325053,312.1579330675633,312.92000866439065,0.9420252413153912
7.863641677850766,319.6464068289133,1493.721872038657,6.4693018047108835,312.1579330675633,313.03774083825937,0.9417455926809168
7.91309853057754,313.58328161604004,1493.7232609628222,6.462571849755369,312.1579330675633,313.15811702769514,0.9415052858532378
7.962555383336702,307.6653501074943,1493.7246498869883,6.452184087722611,312.1579330675633,313.2805773448346,0.9413046320443419
8.012012236112055,307.778591665312,1493.726038811155,6.456868923192298,312.1579330675633,313.40451840420445,0.9411437872081627
8.061469088871215,314.82681643158503,1493.727427735321,6.497737130325358,312.1579330675633,313.529297788322,0.9410227842526723
8.110925941622279,318.7024856132266,1493.728816659487,6.467571856458334,312.1579330675633,313.65423895824296,0.9409415674702187
8.160382794373342,307.7575618842602,1493.7302055836528,6.4518338844121965,312.1579330675633,313.77863656416247,0.9409000251372535
8.209839647132505,322.2870547490129,1493.731594507819,6.475630405774125,312.1579330675633,313.9017621076129,0.9408980237789893
8.259296499907858,307.79244231514895,1493.7329834319855,6.453192591628892,312.1579330675633,314.022869902805,0.9409354447190449
8.308753352667017,310.0042175791059,1493.7343723561517,6.455490175101972,312.1579330675633,314.14120328142616,0.9410122074492787
8.358210205393794,318.09150727972155,1493.7357612803169,6.470979266828765,312.1579330675633,314.25600098315425,0.9411283028996411
8.407667041595962,320.90895262562844,1493.737150204018,6.500432388037899,312.1579330675633,314.36650363529424,0.9412838112841897
8.45712389437941,311.6319564759797,1493.7385391281848,6.46360681107619,312.1579330675633,314.4719604783024,0.9414789237442163
8.506580747106186,314.85851414040735,1493.73992805235,6.467980939746008,312.1579330675633,314.57163572403095,0.9417139514788104
8.556037599865347,304.332992110154,1493.7413169765161,6.460575229060648,312.1579330675633,314.6648152249874,0.9419893339854104
8.6054944526407,315.05479479689893,1493.7427059006827,6.474306565948924,312.1579330675633,314.75081283121125,0.9423056367047378
8.65495130539986,312.6388319553371,1493.7440948248488,6.46659482680546,312.1579330675633,314.8289766005075,0.9426635421640889
8.704408141569644,310.05345829657017,1493.745483748549,6.47014447456723,312.1579330675633,314.89869474169626,0.94306383972988
8.75386499432071,306.48912007885156,1493.746872672715,6.4480472471834585,312.1579330675633,314.959401367618,0.9435074009929864
8.80332184705558,305.71137728689064,1493.7482615968804,6.450541071780587,312.1579330675633,315.0105816595789,0.9439951521294311
8.852778699839028,309.2856606022906,1493.7496505210472,6.4511666626817865,312.1579330675633,315.05177685980397,0.9445280402807277
8.902235536033102,310.0698207092828,1493.7510394447481,6.4601767418286675,312.1579330675633,315.0825886766399,0.945107007246526
8.951692388759877,311.7097908223077,1493.7524283689133,6.454478691037732,312.1579330675633,315.1026832608806,0.945732929344266
9.001149241519038,304.5220296385887,1493.7538172930795,6.456501757972491,312.1579330675633,315.11179454225584,0.9464065870421632
9.050606094294391,309.1140018665319,1493.755206217246,6.482904095298336,312.1579330675633,315.1097270994689,0.9471286182096038
9.10006293047227,313.11653684783596,1493.7565951409465,6.47356435292609,312.1579330675633,315.09635837793047,0.9478994660743154
9.149519783231431,310.52159553533056,1493.7579840651126,6.47283998643456,312.1579330675633,315.07164026660774,0.94871933608314
9.198976635982495,310.6081117943795,1493.7593729892785,6.465683916823692,312.1579330675633,315.03560008177755,0.9495881645189299
9.248433472152279,311.49405508301425,1493.7607619129788,6.452751339358238,312.1579330675633,314.98834087517406,0.9505055579043735
9.297890324935729,313.12053121103963,1493.7621508371456,6.469577336673164,312.1579330675633,314.9300410166799,0.9514707761414847
9.347347177686792,311.80152690517934,1493.7635397613114,6.464999863745316,312.1579330675633,314.8609532815246,0.9524827028676761
9.396804013840383,314.17792150608875,1493.7649286850112,6.470861510521916,312.1579330675633,314.78140316303706,0.9535398114376498
9.446260866591448,313.863577000604,1493.7663176091771,6.484281975238852,312.1579330675633,314.6917864868812,0.9546401648111958
9.495717719374898,317.1885353445614,1493.767706533344,6.473667000623323,312.1579330675633,314.5925666683144,0.9557814033371994
9.545174555544682,314.9514329077647,1493.7690954570442,6.467516389845406,312.1579330675633,314.4842711558924,0.9569607453565362
9.59463140830384,314.57325220339044,1493.7704843812103,6.48302597693914,312.1579330675633,314.36748726065724,0.9581749988440944
9.644088261063002,311.836278873001,1493.7718733053764,6.465952502079651,312.1579330675633,314.24285780784356,0.9594205882235037
9.693545097232786,305.4900943768116,1493.7732622290766,6.451619227943281,312.1579330675633,314.1110759954392,0.9606935701648719
9.743001950016234,319.3857674052306,1493.7746511532434,6.512572347613902,312.1579330675633,313.97287977366085,0.9619896800011365
9.792458786186018,304.27432133482216,1493.7760400769437,6.448474281805849,312.1579330675633,313.82904630305364,0.9633043642685712
9.84191563892089,322.805489561837,1493.777429001109,6.479113641460652,312.1579330675633,313.68038540025753,0.964632839350043
9.891372475114963,300.191204237708,1493.77881792481,6.459261397682569,312.1579330675633,313.5277334685272,0.965970134330431
9.940829327890315,310.5661379986341,1493.7802068489766,6.46380507247542,312.1579330675633,313.37194643611673,0.9673111551698373
9.990286164043905,308.1532071973015,1493.7815957726764,6.4558955456044425,312.1579330675633,313.21389335073053,0.9686507400526245
10.039743016794969,308.131041377128,1493.7829846968423,6.457730111247321,312.1579330675633,313.0544490634822,0.9699837267649685
10.089199852997139,316.4427361083908,1493.7843736205434,6.4723239649467725,312.1579330675633,312.89448773065686,0.9713050032425015
10.138656705748204,317.6055221591232,1493.7857625447093,6.480902037255732,312.1579330675633,312.73487550804947,0.9726095775457027
10.188113541926082,309.6802237465272,1493.7871514684098,6.472850113384685,312.1579330675633,312.5764642038486,0.9738926242240276
10.237570394685243,304.7501168881172,1493.788540392576,6.449206947335392,312.1579330675633,312.42008424585237,0.9751495487264218
10.287027230830738,309.94568511245234,1493.7899293162754,6.4561239025651584,312.1579330675633,312.26653872659534,0.9763760224756454
10.336484083606091,306.0680390553425,1493.791318240442,6.449631928306017,312.1579330675633,312.11659689308016,0.9775680429979268
10.38594091980826,318.9447262411959,1493.7927071641432,6.469388585021202,312.1579330675633,311.9709888087893,0.9787219490256549
10.435397772543132,311.88698171234137,1493.7940960883086,6.463155950944845,312.1579330675633,311.83039959740944,0.9798344661712223
10.484854608712915,308.75638294293094,1493.7954850120088,6.457654533399242,312.1579330675633,311.69546491955424,0.9809027195606829
10.534311461496364,317.35850088002917,1493.7968739361756,6.4794122673341725,312.1579330675633,311.56676617190914,0.9819242520779524
10.583768297666147,304.9040240876275,1493.7982628598759,6.449986111761872,312.1579330675633,311.44482694868583,0.982897023331418
10.63322513383593,314.06680682718434,1493.799651783576,6.460577138389963,312.1579330675633,311.33010939467584,0.9838194194321883
10.682681986595092,313.0062410526698,1493.8010407077422,6.4747483353236195,312.1579330675633,311.22301159497164,0.9846902285023528
10.73213882277297,305.13849868716716,1493.8024296314427,6.453891190479668,312.1579330675633,311.1238655327399,0.985508638287337
10.781595658967044,310.3829322751917,1493.8038185551436,6.459182848920141,312.1579330675633,311.0329353626841,0.986274201918537
10.831052511726204,305.80151054837916,1493.8052074793097,6.462647065997057,312.1579330675633,310.95041665980915,0.9869868165812617
10.880509347871698,310.38949851414145,1493.8065964030093,6.453085189327903,312.1579330675633,310.87643626240623,0.9876466842602036
10.929966184073868,302.7953973928452,1493.8079853267104,6.447699021201871,312.1579330675633,310.81105252042124,0.9882542792958893
10.979423036849221,312.85713732002114,1493.809374250877,6.4668287873713854,312.1579330675633,310.75425644090154,0.98881030107557
11.02887987300281,309.76201826026227,1493.8107631745768,6.447691097900604,312.1579330675633,310.70597340105104,0.9893156355825062
11.078336709172595,315.06156991231546,1493.812152098277,6.470547381545768,312.1579330675633,310.66606530368534,0.9897713044881467
11.127793561931755,313.2887668126277,1493.8135410224431,6.461047305084105,312.1579330675633,310.6343334912637,0.990178430110684
11.177250398109633,316.3933886984596,1493.8149299461436,6.47927332130626,312.1579330675633,310.6105221523068,0.9905381757710326
11.226707234303706,310.94935310356595,1493.8163188698445,6.459030915944044,312.1579330675633,310.59432215149735,0.9908517193368324
11.276164087062869,313.7053396178344,1493.8177077940106,6.461371181511642,312.1579330675633,310.5853754321508,0.9911202017179981
11.325620923208362,313.7433544476844,1493.8190967177102,6.46963886000461,312.1579330675633,310.5832797917539,0.9913446937769915
11.375077759402433,317.7542379813167,1493.820485641411,6.473406189358543,312.1579330675633,310.58759401202786,0.9915261653215663
11.424534595604603,308.3179632658721,1493.8218745651122,6.459803639030969,312.1579330675633,310.59784333684746,0.991665450456336
11.473991431758193,309.27737906745097,1493.823263488812,6.455994151162057,312.1579330675633,310.6135251915186,0.9917632305758639
11.523448284509257,305.0436848958998,1493.824652412978,6.462884979582962,312.1579330675633,310.6341151150229,0.9918200118130016
11.572905120711427,316.06795206865354,1493.826041336679,6.474519596944606,312.1579330675633,310.65907279578477,0.9918361157996343
11.62236195688121,309.35622372637954,1493.8274302603793,6.457419539684295,312.1579330675633,310.6878482571994,0.9918116707848965
11.671818793050992,313.0577350172389,1493.8288191840795,6.46856709907707,312.1579330675633,310.7198879917307,0.9917466080352629
11.721275629228874,317.24963598034446,1493.83020810778,6.522669544441586,312.1579330675633,310.75464108135947,0.9916406736978342
11.770732481955648,310.97525456950825,1493.8315970319452,6.459043753362633,312.1579330675633,310.79156521680505,0.9914934324803548
11.820189318157816,312.0249136187558,1493.8329859556463,6.464783493321928,312.1579330675633,310.83013248591686,0.9913042877780365
11.869646154359986,314.0973936622722,1493.8343748793475,6.474401188303061,312.1579330675633,310.86983505958796,0.9910724948111465
11.91910299050548,314.9848031429792,1493.835763803047,6.475208035101716,312.1579330675633,310.9101904714591,0.9907971957960809
11.968559826683359,313.49557755857677,1493.8371527267475,6.478560141282205,312.1579330675633,310.9507466222678,0.9904774358062745
12.018016662877432,318.02762549047475,1493.8385416504484,6.468429064380298,312.1579330675633,310.9910863856823,0.9901122060396401
12.06747349905531,305.00335250579883,1493.8399305741489,6.44718689777099,312.1579330675633,311.0308317824676,0.9897004654161807
12.116930335225094,312.53127855026105,1493.841319497849,6.497740904345281,312.1579330675633,311.06964768136476,0.9892411906078272
12.166387171394879,305.10027914193415,1493.8427084215493,6.450607240285062,312.1579330675633,311.1072449900823,0.9887334057601703
12.215844007572757,315.32766011393323,1493.8440973452498,6.46126387238583,312.1579330675633,311.1433833051926,0.9881762140253708
12.26530086034811,319.86708398685005,1493.8454862694164,6.489975170295347,312.1579330675633,311.1778730064945,0.9875688519882079
12.31475769652599,307.79937662373413,1493.8468751931168,6.464808746528367,312.1579330675633,311.21057670750105,0.9869107154617309
12.364214532671486,306.03267274967584,1493.8482641168164,6.45163765996167,312.1579330675633,311.2414102202312,0.9862013925146351
12.413671368873654,308.61009393474524,1493.8496530405175,6.456898118259429,312.1579330675633,311.27034279492744,0.9854407129267003
12.463128205075822,313.6549088183856,1493.8510419642187,6.486409867517019,312.1579330675633,311.29739680777146,0.9846287647550683
12.512585041221316,319.4944354066247,1493.8524308879182,6.467541791518373,312.1579330675633,311.3226468308605,0.9837659289269706
12.562041877399198,302.4267051950919,1493.8538198116187,6.442194161497962,312.1579330675633,311.3462181068464,0.9828529039215498
12.61149871356898,311.0674196190048,1493.855208735319,6.460616151233179,312.1579330675633,311.36828444465226,0.9818907237665333
12.660955549738762,312.05924226422576,1493.8565976590191,6.4656942325661495,312.1579330675633,311.3890655591969,0.9808807829982119
12.710412385940932,304.59813872541054,1493.8579865827203,6.456257900982653,312.1579330675633,311.4088238831684,0.979824832762172
12.759869205529434,307.1438295135522,1493.8593755059549,6.456616634058681,312.1579330675633,311.42786087822986,0.9787250030852298
12.809326041683024,301.19655808471725,1493.8607644296546,6.448097816623382,312.1579330675633,311.4465129222992,0.9775837933929534
12.858782877885192,315.1118537292823,1493.8621533533558,6.46010698159163,312.1579330675633,311.4651467210935,0.9764040680162123
12.908239714079267,310.8841057971986,1493.8635422770567,6.480089735812714,312.1579330675633,311.48415441880223,0.9751890477058135
12.957696550224762,305.05175081746347,1493.8649312007562,6.45404955088418,312.1579330675633,311.5039483633811,0.9739422922672214
13.00715338640264,309.5041627506653,1493.8663201244567,6.455706530794864,312.1579330675633,311.5249556196324,0.972667682025888
13.056610222596712,316.25332615795924,1493.8677090481576,6.4782875089094984,312.1579330675633,311.5476122806978,0.9713693810092854
13.106067058774592,307.8096049708074,1493.869097971858,6.466623044052107,312.1579330675633,311.5723576377715,0.9700518131189055
13.155523894952474,309.3602151992236,1493.8704868955585,6.46736242760988,312.1579330675633,311.5996282687303,0.968719619000117
13.204980731122255,310.7554979519664,1493.8718758192588,6.450549616750424,312.1579330675633,311.6298521077844,0.9673776168684199
13.254437550743145,300.65550126337257,1493.8732647424943,6.443006459409057,312.1579330675633,311.66344254637823,0.9660307524596564
13.303894386937216,320.6869682511315,1493.8746536661952,6.4787020509206,312.1579330675633,311.7007926972912,0.9646840567253371
13.35335122308271,310.47849904950635,1493.8760425898947,6.447624827445797,312.1579330675633,311.7422697114163,0.9633425872439049
13.40280805926059,318.20843823566247,1493.8774315135952,6.466402029704064,312.1579330675633,311.7882094315102,0.9620113809184863
13.45226489543847,311.99980792614224,1493.8788204372956,6.469360040431128,312.1579330675633,311.83891127423357,0.9606953978365413
13.50172171502697,318.06047980197036,1493.8802093605302,6.47203909180136,312.1579330675633,311.8946334413742,0.9593994759419996
13.551178551229139,307.497083220871,1493.8815982842314,6.456897954226082,312.1579330675633,311.95558861622357,0.9581282627858941
13.600635387398924,308.686103022661,1493.8829872079316,6.4603004645351945,312.1579330675633,312.0219399081836,0.9568861846859288
13.650092223552514,328.15980821201083,1493.8843761316314,6.481153357690966,312.1579330675633,312.09379746297435,0.9556773903235761
13.699549059746587,310.90020023267425,1493.8857650553323,6.457937876809971,312.1579330675633,312.1712155009047,0.9545057140166228
13.749005879359377,321.96767749704304,1493.8871539785675,6.4800151137998965,312.1579330675633,312.25418989669214,0.9533746412707104
13.798462715512969,313.97616525696867,1493.8885429022673,6.468889040462468,312.1579330675633,312.34265648246964,0.9522872677790153
13.847919551682752,320.9988176609513,1493.8899318259676,6.485816185172599,312.1579330675633,312.4364896741901,0.9512462931387009
13.89737637130364,313.12664253336334,1493.891320749203,6.477833285452803,312.1579330675633,312.5355019599812,0.9502539889188565
13.946833207473421,308.5269423853679,1493.8927096729033,6.458421655375216,312.1579330675633,312.63944405133606,0.9493121965609987
13.996290043651305,327.27476535156165,1493.8940985966037,6.498521142367364,312.1579330675633,312.748005362486,0.9484223281595032
14.045746863247901,316.38201755629416,1493.8954875198385,6.473983880272841,312.1579330675633,312.8608154136129,0.9475853664243135
14.095203699393396,322.75949719105483,1493.896876443538,6.471802142316805,312.1579330675633,312.9774458862741,0.9468018880651083
14.144660535587468,317.49222178652417,1493.898265367239,6.4733441711527675,312.1579330675633,313.0974129411954,0.9460720759770949
14.194117355208357,321.1574181352589,1493.8996542904745,6.479919892393479,312.1579330675633,313.22018045964813,0.9453957519233331
14.243574191361946,320.30278995167464,1493.9010432141743,6.480517724470723,312.1579330675633,313.3451638678418,0.9447724072471704
14.29303102753173,314.54984641282863,1493.9024321378745,6.474105481193782,312.1579330675633,313.4717341156722,0.944201246700017
14.342487847152617,318.2858223683688,1493.90382106111,6.48697655016291,312.1579330675633,313.59922251560073,0.9436812263642824
14.391944683322402,314.93402826683814,1493.9052099848102,6.46101032018598,312.1579330675633,313.72692604095954,0.9432111035812052
14.441401519492183,317.45759850354443,1493.9065989085104,6.462089675597224,312.1579330675633,313.85411264019075,0.9427894775069008
14.490858339088783,319.40425465710723,1493.9079878317452,6.478265099318344,312.1579330675633,313.9800272874092,0.9424148491123037
14.540315175266663,322.05174592267576,1493.9093767554457,6.4848678080957525,312.1579330675633,314.10389832652817,0.9420856548396909
14.589771994879454,320.42987664031534,1493.910765678681,6.481194963208662,312.1579330675633,314.2249436342792,0.9418003249357372
14.639228831057334,325.05521002312526,1493.9121546023814,6.479739544475364,312.1579330675633,314.3423775854537,0.9415573160844615
14.688685650621549,319.25943087154155,1493.9135435256153,6.468355700931613,312.1579330675633,314.4554174792249,0.9413551516967793
14.73814248681562,322.2591626772519,1493.9149324493162,6.480465068945075,312.1579330675633,314.5632906539833,0.94119246213731
14.787599306436507,323.368363481648,1493.9163213725517,6.479518042214022,312.1579330675633,314.6652409726341,0.941068002279401
14.837056142590098,338.3552829891996,1493.9177102962515,6.522557656206557,312.1579330675633,314.7605358205512,0.9409806731905102
14.886512962178601,336.7644777562273,1493.919099219486,6.507467462327798,312.1579330675633,314.8484724011798,0.940929545960817
14.935969798348383,330.9232743012326,1493.9204881431863,6.553344744069179,312.1579330675633,314.9283843522682,0.9409138543192924
14.985426617944983,348.2491362904475,1493.921877066421,6.522194889669201,312.1579330675633,314.99964760719394,0.9409330019606105
15.034883454147153,334.66637608333986,1493.9232659901222,6.510445021359468,312.1579330675633,315.0616863787547,0.9409865492974551
15.084340273743752,334.5816134008601,1493.924654913357,6.516852068870264,312.1579330675633,315.1139783581095,0.9410742017310015
15.133797109881149,329.95328924715795,1493.9260438370563,6.526522629353849,312.1579330675633,315.15605983603035,0.9411957815160776
15.183253929502035,354.3741811068612,1493.9274327602918,6.555280463499004,312.1579330675633,315.18753003687397,0.9413512150950981
15.232710765704205,410.62846675675974,1493.928821683993,6.693634715002158,312.1579330675633,315.20805517799107,0.9415404797360737
15.282167585276515,441.04313087917035,1493.930210607227,6.690639836326433,312.1579330675633,315.2173717684711,0.9417635861001495
15.3316244214463,454.4409346357497,1493.9315995309273,6.7170440030317495,312.1579330675633,315.2152894474386,0.9420205267638669
15.381081241067186,445.03503633808214,1493.9329884541628,6.712524337618884,312.1579330675633,315.2016931161999,0.9423112447090591
15.430538060655687,418.4303632259507,1493.9343773773974,6.640579951467478,312.1579330675633,315.1765444509876,0.9426355910195663
15.479994896825472,408.9959556102913,1493.9357663010976,6.648331628853808,312.1579330675633,315.13988273070953,0.942993281682325
15.529451716422072,394.5123665525789,1493.9371552243324,6.613856927913672,312.1579330675633,315.0918250599063,0.9433838679644171
15.57890853601867,396.938630221277,1493.9385441475672,6.606598339115598,312.1579330675633,315.03256578573945,0.9438066909973561
15.628365372212743,374.3078624209156,1493.9399330712681,6.577375452766349,312.1579330675633,314.9623753341477,0.9442608690615274
15.67782219180934,369.90997109367163,1493.941321994503,6.567134695551087,312.1579330675633,314.88159844850105,0.9447452574393986
15.727279011373556,373.3459497301992,1493.9427109177368,6.579988036093813,312.1579330675633,314.7906515502547,0.9452584412285857
15.776735847551436,369.67000080082653,1493.9440998414373,6.576703507721601,312.1579330675633,314.6900196690805,0.9457987225334851
15.826192667164227,365.84095537815665,1493.9454887646725,6.563276694640364,312.1579330675633,314.58025283589103,0.9463641102911899
15.875649486760823,356.2331113690125,1493.9468776879073,6.545513565303266,312.1579330675633,314.46196159112895,0.9469523323797968
15.925106322930608,355.5484391687096,1493.9482666116076,6.578133883178785,312.1579330675633,314.3358122582287,0.9475608363526021
15.974563142519111,360.22478994276753,1493.9496555348421,6.551929708352537,312.1579330675633,314.20252178690515,0.9481868132295495
16.02401996211571,362.6163215322267,1493.951044458077,6.561783870449066,312.1579330675633,314.0628517697116,0.9488272213278818
16.0734767817285,354.56988989428646,1493.9524333813122,6.595253850313954,312.1579330675633,313.9176024994487,0.94947880850279
16.12293361790638,360.89578926956165,1493.9538223050126,6.545110358839288,312.1579330675633,313.76760644448603,0.9501381568488869
16.172390437470593,340.15013782657843,1493.9552112282465,6.526331880424151,312.1579330675633,313.61372175465675,0.9508017123482202
16.22184725709148,344.6776705073862,1493.956600151482,6.570339386237704,312.1579330675633,313.4568250601771,0.9514658334031548
16.27130407671237,356.72231104879756,1493.9579890747175,6.5435839455252784,312.1579330675633,313.29780463595324,0.9521268345754083
16.320760912857864,338.899133541192,1493.959377998417,6.520661350628111,312.1579330675633,313.1375531884807,0.9527810304612846
16.370217732454464,350.2894315853737,1493.9607669216518,6.536112553198939,312.1579330675633,312.9769609548459,0.9534247759766304
16.419674552042963,345.79991756604795,1493.9621558448864,6.521288919060043,312.1579330675633,312.816908323781,0.9540545215621188
16.469131371631466,339.4748326417648,1493.963544768121,6.518455159140964,312.1579330675633,312.65825911720475,0.9546668506681538
16.518588191252356,330.17982195107106,1493.9649336913565,6.494971555781672,312.1579330675633,312.5018537922735,0.9552585106559234
16.568045027422137,348.31211571783933,1493.9663226150567,6.523057935283869,312.1579330675633,312.348502896599,0.9558264612587901
16.617501846994447,343.5417461690122,1493.9677115382908,6.515014991098028,312.1579330675633,312.19898108800425,0.9563678905085174
16.666958666615336,348.95471162042304,1493.9691004615263,6.528919805797824,312.1579330675633,312.05402100768714,0.9568802533800304
16.71641548622813,351.79873972476344,1493.9704893847615,6.584378238995729,312.1579330675633,311.9143080888936,0.9573612739492643
16.765872305792342,348.04563986665744,1493.9718783079954,6.524915154690445,312.1579330675633,311.78047557395274,0.9578089710022982
16.81532912538894,339.68757222986824,1493.9732672312302,6.533782225547007,312.1579330675633,311.65310009550757,0.95822165568862
16.86478594500173,334.9832674839636,1493.9746561544655,6.535424680395546,312.1579330675633,311.53269781016223,0.9585979344591725
16.91424276459833,354.3993752808601,1493.9760450777003,6.586590255392282,312.1579330675633,311.4197211167813,0.9589366974130042
16.96369958419493,343.5916070601743,1493.977434000935,6.537761479034891,312.1579330675633,311.3145559878578,0.9592371060888951
17.013156403783434,344.30274833552176,1493.9788229241697,6.515983766153548,312.1579330675633,311.2175199371197,0.9594985770650505
17.062613223371933,342.3611036795919,1493.9802118474042,6.525532206479179,312.1579330675633,311.1288606379714,0.9597207536387775
17.112070059574105,346.5181134366867,1493.9816007711054,6.522703964182652,312.1579330675633,311.0487551777516,0.9599034769330401
17.161526879162604,337.140126135233,1493.98298969434,6.517598155322652,312.1579330675633,310.9773101061584,0.9600467588647152
17.210983698734914,339.91420859145364,1493.984378617574,6.506031403146755,312.1579330675633,310.9145618784534,0.9601507397020986
17.260440518323417,333.5375061155901,1493.9857675408086,6.516029975287312,312.1579330675633,310.8604782215045,0.9602156533825974
17.309897337944303,342.47438176249125,1493.9871564640441,6.539461986228653,312.1579330675633,310.8149599964783,0.9602417872768931
17.359354157532806,343.8873220311216,1493.9885453872787,6.528882753128288,312.1579330675633,310.77784370245735,0.9602294490986647
17.408810977129406,361.36679217451456,1493.9899343105135,6.542614546714497,312.1579330675633,310.74890456492375,0.9601789234992072
17.458267796726005,349.8086739662649,1493.9913232337483,6.533540732812699,312.1579330675633,310.72786017551715,0.9600904373795744
17.507724599733226,346.83937140875423,1493.9927121565172,6.531375238558442,312.1579330675633,310.7143746470903,0.9599641224928609
17.557181419354116,343.3451945565648,1493.9941010797527,6.551528407095041,312.1579330675633,310.70806321802974,0.959799993650328
17.60663823894262,348.41275361982844,1493.9954900029873,6.542317066191963,312.1579330675633,310.7084973188286,0.9595979118609725
17.656095058514925,344.06647188827264,1493.9968789262214,6.549871205696964,312.1579330675633,310.71520995858754,0.9593575711911569
17.705551878127718,336.3553414817943,1493.9982678494566,6.553597742670257,312.1579330675633,310.72770144905024,0.9590784710344722
17.75500869774051,333.8514830532149,1493.9996567726919,6.548760891179969,312.1579330675633,310.7454453756765,0.9587599098985731
17.80446551731282,337.3993766864405,1494.001045695926,6.506551161436412,312.1579330675633,310.76789476002904,0.9584009853722826
17.853922336901324,337.049296767389,1494.0024346191606,6.501683418276409,312.1579330675633,310.79448835095553,0.9580005791361398
17.90337915652221,328.6648495736081,1494.003823542396,6.492769198614514,312.1579330675633,310.82465698028335,0.9575573738893431
17.952835976110713,325.2519769282226,1494.0052124656306,6.477863580957851,312.1579330675633,310.8578299186376,0.9570698601977301
18.002292795707312,335.40334688058647,1494.0066013888654,6.5069630068674,312.1579330675633,310.8934411674456,0.9565363551977817
18.05174959872263,324.4916764124755,1494.0079903116346,6.4747985852427785,312.1579330675633,310.93093561016593,0.9559550208731514
18.101206418286843,319.1913928930153,1494.0093792348684,6.521351907771727,312.1579330675633,310.96977503782927,0.9553238938220485
18.150663237899636,324.75276783369554,1494.0107681581037,6.480322800801456,312.1579330675633,311.0094437983209,0.9546409161861636
18.20012005752052,329.699756879847,1494.0121570813392,6.486813719316026,312.1579330675633,311.0494542638882,0.9539039792433922
18.24957687709283,318.6793294831332,1494.0135460045733,6.476944743179746,312.1579330675633,311.08935187544574,0.9531109460555245
18.299033680100052,318.90421329308447,1494.0149349273422,6.4721018784136986,312.1579330675633,311.12871977447884,0.9522597103022644
18.348490499720942,310.08254690008107,1494.0163238505777,6.4661901320543365,312.1579330675633,311.16718304248224,0.9513482342406989
18.397947319309445,316.2275075750076,1494.0177127738123,6.462480264533678,312.1579330675633,311.20441230896193,0.9503745940155207
18.447404138897948,316.1355795486961,1494.0191016970468,6.469537767660616,312.1579330675633,311.2401269563672,0.9493370297652907
18.496860958494548,325.0486913331333,1494.0204906202816,6.485278897160374,312.1579330675633,311.27409769146124,0.948233991334843
18.546317761509865,328.44660265506536,1494.0218795430508,6.4847088366807775,312.1579330675633,311.3061485277323,0.9470641842474887
18.595774581122654,319.0978368699034,1494.023268466286,6.475499818548261,312.1579330675633,311.33615820937865,0.945826612971781
18.645231400719254,322.1581604933526,1494.0246573895208,6.472116584643107,312.1579330675633,311.3640609042888,0.9445206332154822
18.694688203702185,319.988393097854,1494.026046312289,6.485693363369494,312.1579330675633,311.3898463661937,0.9431459814767846
18.744145023298785,325.56789045986807,1494.0274352355239,6.480408530472142,312.1579330675633,311.41355945339836,0.9417028131894064
18.793601842911574,315.94190291859195,1494.028824158759,6.478067204466055,312.1579330675633,311.4352989477995,0.9401917410943402
18.843058662508174,312.84019890787386,1494.030213081994,6.463776467490904,312.1579330675633,311.4552158491426,0.9386138577106437
18.892515465515398,313.83575871210996,1494.0316020047628,6.463830506261679,312.1579330675633,311.4735110253752,0.9369707577540255
18.9419722851039,323.4885456561424,1494.0329909279974,6.479893777770756,312.1579330675633,311.4904323332959,0.9352645520519708
18.99142908811922,320.0453692078663,1494.0343798507665,6.467529205030162,312.1579330675633,311.5062711350876,0.9334978850352786
19.040885907732008,321.28717891497945,1494.0357687740018,6.4866892938350755,312.1579330675633,311.52135840063073,0.9316739186287396
19.090342727328608,322.2685097656977,1494.0371576972366,6.464900118924753,312.1579330675633,311.53606026475626,0.9297963514624117
19.13979953031154,315.3353092573816,1494.0385466200048,6.468096470754853,312.1579330675633,311.5507732242442,0.9278693885500189
19.18925634993243,316.2120092171608,1494.0399355432403,6.459742528387013,312.1579330675633,311.56591896759,0.925897723604109
19.238713169553314,319.9173028110454,1494.0413244664758,6.46550438102518,312.1579330675633,311.58193885026793,0.923886517938461
19.28816997253625,314.98549427388207,1494.042713389244,6.463849332552349,312.1579330675633,311.5992881589156,0.9218413596044011
19.337626792132845,329.1346261714061,1494.0441023124788,6.491542565923044,312.1579330675633,311.6184301871728,0.9197682202807402
19.38708359516436,320.81198722693443,1494.0454912352484,6.469174838760949,312.1579330675633,311.6398301179726,0.9176734125836046
19.436540414760955,308.4876364795491,1494.0468801584832,6.455040873044555,312.1579330675633,311.6639489317642,0.9155635207975817
19.485997217768176,317.5688992370051,1494.048269081252,6.465716797947547,312.1579330675633,311.69123719969883,0.9134453534030685
19.53545403735668,315.80039751318327,1494.0496580044867,6.460824279287006,312.1579330675633,311.7221290602394,0.9113258655149019
19.58491085692899,320.32765468765865,1494.0510469277208,6.4789895212151905,312.1579330675633,311.75703619240466,0.9092120960996847
19.634367659968596,311.1023136653639,1494.0524358504906,6.448768110406229,312.1579330675633,311.7963420584494,0.9071110895338151
19.683824479589482,312.0033581829157,1494.053824773726,6.502996088664208,312.1579330675633,311.84039641785074,0.905029822045311
19.73328128256432,321.721548061716,1494.055213696494,6.4648100567120474,312.1579330675633,311.8895100058473,0.9029751217978981
19.78273810216092,309.5195557881998,1494.056602619729,6.459343996556459,312.1579330675633,311.94394978912914,0.900953603215417
19.832194905200527,316.3086007339589,1494.0579915424987,6.454788444042883,312.1579330675633,312.0039343843857,0.8989715823837441
19.881651708215845,318.78361537215824,1494.0593804652679,6.469662482218718,312.1579330675633,312.06963019540507,0.8970350185484918
19.931108527804348,317.9198308348423,1494.0607693885024,6.463888956526732,312.1579330675633,312.1411478870179,0.8951494345523193
19.98056533081157,313.63543861953076,1494.0621583112713,6.459839589178694,312.1579330675633,312.21853936990755,0.8933198796202046
20.03002215040817,322.84115331929206,1494.0635472345061,6.48191563961179,312.1579330675633,312.30179561741187,0.891550855197448
20.07947895343968,333.13174289968083,1494.0649361572757,6.491528065941419,312.1579330675633,312.3908447088981,0.8898462968010435
20.128935773036275,315.7560613345777,1494.0663250805105,6.512870263381069,312.1579330675633,312.4855509322044,0.8882095137901307
20.17839257601921,329.43568335423333,1494.0677140032788,6.49497611974221,312.1579330675633,312.5857140687987,0.8866431932986079
20.227849379058817,323.1430107396118,1494.0691029260486,6.473373174635321,312.1579330675633,312.691069788889,0.885149363820458
20.277306198679703,324.97526449653014,1494.070491849284,6.475212844830953,312.1579330675633,312.80129039720504,0.8837294092779435
20.326763001662638,324.7529637120606,1494.0718807720523,6.472681519248999,312.1579330675633,312.91598620120584,0.8823840745935305
20.376219821259237,313.5194653986873,1494.073269695287,6.461777728615305,312.1579330675633,313.034707903251,0.8811134800977738
20.425676624266455,328.7400892436308,1494.074658618056,6.478173832362239,312.1579330675633,313.1569490485419,0.8799171595519366
20.47513342727368,322.82436128862173,1494.076047540825,6.46499962055613,312.1579330675633,313.28214965980095,0.878794090644586
20.524590246894565,320.39169614646744,1494.0774364640604,6.471503430315681,312.1579330675633,313.4097000558615,0.877742748293241
20.57404704990179,321.483428793199,1494.0788253868293,6.465652608407937,312.1579330675633,313.5389451923331,0.8767611595433766
20.623503852892817,323.06039844852785,1494.0802143095977,6.473838899926195,312.1579330675633,313.66918989247296,0.8758469580615379
20.672960672513707,320.12367081312914,1494.0816032328332,6.474851473820049,312.1579330675633,313.7997041489654,0.8749974590489734
20.722417475545214,323.95443104982405,1494.0829921556028,6.471504139447646,312.1579330675633,313.9297288243799,0.874209715929261
20.77187427852815,314.62249173953387,1494.084381078371,6.457882090118407,312.1579330675633,314.0584820995138,0.8734805975385953
20.821331081543466,319.36711543487036,1494.0857700011402,6.467306563997893,312.1579330675633,314.1851657772242,0.8728068529712097
20.87078790115626,329.72438823505945,1494.0871589243754,6.497322638277911,312.1579330675633,314.3089720785976,0.8721851807731408
20.920244704171576,327.0646886545255,1494.0885478471446,6.480382186025587,312.1579330675633,314.4290903603034,0.8716122892480949
20.969701507186894,323.0091842922375,1494.0899367699137,6.472042106821464,312.1579330675633,314.5447143514977,0.8710849518890259
21.019158310194115,326.85020461144813,1494.0913256926826,6.478592053090121,312.1579330675633,314.6550490127558,0.8706000689803343
21.068615129766425,323.73299656050585,1494.0927146159167,6.4791766524698104,312.1579330675633,314.7593176105731,0.8701547054067649
21.118071932797935,323.67726321677037,1494.0941035386863,6.479332863057843,312.1579330675633,314.85676848360544,0.8697461295076463
21.167528735829446,336.3185203589019,1494.095492461456,6.496118230133445,312.1579330675633,314.9466819957708,0.869371842451921
21.216985538844764,322.73423144817934,1494.096881384225,6.484739850645883,312.1579330675633,315.0283769123527,0.8690295977613541
21.26644234186008,320.7555689408546,1494.0982703069942,6.475036868086107,312.1579330675633,315.10121666577123,0.8687174154793689
21.315899161448584,321.1396801155679,1494.0996592302288,6.474761364125257,312.1579330675633,315.1646152566829,0.8684335744592504
21.36535596448819,336.9448953019273,1494.1010481529986,6.495370232768301,312.1579330675633,315.2180426484485,0.8681766179365498
21.414812767495413,325.7822180964358,1494.1024370757675,6.475619648877086,312.1579330675633,315.26102991253373,0.8679453307535573
21.46426957048644,332.86424061824437,1494.103825998536,6.490209012510423,312.1579330675633,315.2931736504908,0.8677387261005763
21.51372637351795,324.8146488052298,1494.1052149213056,6.476598304883884,312.1579330675633,315.3141399752241,0.8675560054826538
21.563183176549465,330.6697449253588,1494.1066038440752,6.498911854528904,312.1579330675633,315.3236678785326,0.8673965337685776
21.612639979540493,332.9062158294546,1494.1079927668436,6.502206244934438,312.1579330675633,315.32157197443684,0.8672598073201155
21.662096782547714,328.1661979985911,1494.1093816896125,6.479496193577693,312.1579330675633,315.3077445904566,0.8671453993045674
21.7115536021686,325.65376051182466,1494.110770612848,6.476613984925025,312.1579330675633,315.2821571748793,0.8670529308650774
21.761010405175824,335.61348093859124,1494.112159535617,6.501878200142209,312.1579330675633,315.24486106451894,0.8669820245544383
21.81046720819114,333.71038920564024,1494.113548458386,6.498084145442801,312.1579330675633,315.1959874654387,0.866932269718076
21.85992401120646,330.47967526425055,1494.1149373811552,6.480156981596197,312.1579330675633,315.13574681698464,0.8669031751104952
21.90938081418939,329.6087644321815,1494.1163263039234,6.500829980061017,312.1579330675633,315.0644274244443,0.866894143777421
21.9588376172209,333.1027552282467,1494.117715226693,6.5054413908278566,312.1579330675633,314.9823934154885,0.8669044380614589
22.00829442026051,323.7585126564336,1494.1191041494628,6.468728292445056,312.1579330675633,314.89008203222346,0.8669331588134269
22.057751223251536,320.35223259016857,1494.1204930722313,6.508292649926424,312.1579330675633,314.78800028208224,0.8669792221991134
22.10720802625876,322.7240099408118,1494.1218819950002,6.4695559559720985,312.1579330675633,314.676720978314,0.8670413558571207
22.156664829298368,333.02589006584094,1494.12327091777,6.5062585014135905,312.1579330675633,314.5568782068005,0.8671180812360338
22.20612163230559,317.47556646155135,1494.124659840539,6.460141321329645,312.1579330675633,314.42916226030883,0.8672077280568392
22.25557843531281,331.1612569208701,1494.1260487633078,6.477967697677503,312.1579330675633,314.29431408614636,0.867308427781729
22.305035238328127,335.50975761494556,1494.127437686077,6.50723183466958,312.1579330675633,314.153119300274,0.867418142324287
22.354492041343445,338.4866142534411,1494.128826608846,6.497936765208255,312.1579330675633,314.00640182193473,0.867534672936298
22.403948844374955,326.33413536165244,1494.1302155316157,6.478990469537052,312.1579330675633,313.85501718833274,0.8676556834177904
22.453405647390273,324.6096072312357,1494.1316044543848,6.466296600494902,312.1579330675633,313.6998456117182,0.867778741007958
22.502862450373208,333.66174148648133,1494.132993377153,6.488399036218131,312.1579330675633,313.5417848428007,0.8679013292182899
22.552319236823436,327.5193541692024,1494.134382299457,6.495209055759935,312.1579330675633,313.3817429608609,0.8680208998163943
22.601776039863044,323.4743505712868,1494.1357712222268,6.47819028418561,312.1579330675633,313.2206308361203,0.868134891536992
22.65123284285407,327.8771118657278,1494.1371601449953,6.494828196549492,312.1579330675633,313.0593551373824,0.8682407726354489
22.700689645861296,319.41793566515844,1494.1385490677642,6.518775102888383,312.1579330675633,312.89881087896737,0.8683360794481794
22.750146448868513,335.0771773399101,1494.139937990533,6.504349368688317,312.1579330675633,312.73987437999693,0.8684184384406404
22.79960325188383,325.1041387402802,1494.1413269133022,6.4845981429794035,312.1579330675633,312.5833963780644,0.8684855936183133
22.849060054915345,325.7420503957437,1494.1427158360718,6.474030283276755,312.1579330675633,312.4301954159602,0.8685354421961758
22.898516857930662,316.6496781368551,1494.144104758841,6.475843957199411,312.1579330675633,312.2810515615676,0.8685660471488592
22.947973644332315,329.37602986516504,1494.1454936811435,6.479643310273621,312.1579330675633,312.1367005656795,0.8685756550859973
22.99743044737192,319.92640122949524,1494.1468826039134,6.457176208721454,312.1579330675633,311.9978282247868,0.868562704293086
23.046887250411526,327.32167594017665,1494.1482715266832,6.479199197653584,312.1579330675633,311.86506572113666,0.8685258333785657
23.096344053394457,331.6639736886609,1494.1496604494514,6.47178622542401,312.1579330675633,311.738985013668,0.8684638751955044
23.145800856409778,324.2395592080102,1494.1510493722205,6.484152816639554,312.1579330675633,311.6200950509594,0.8683758499187775
23.195257642860007,328.6908730490213,1494.1524382945245,6.471919618397476,312.1579330675633,311.5088385829951,0.8682609584220652
23.244714445875328,323.17763660859055,1494.1538272172936,6.463275023007252,312.1579330675633,311.40558942772276,0.8681185596312692
23.294171248882545,320.4818037837176,1494.1552161400625,6.458654804481253,312.1579330675633,311.3106507682207,0.8679481404515049
23.34362805188977,327.11596081281823,1494.1566050628314,6.480089802503577,312.1579330675633,311.2242537488857,0.8677493110463397
23.393084838323805,318.00286169354877,1494.157993985135,6.461169827453326,312.1579330675633,311.14655696971766,0.86752175055129
23.442541641355316,317.0117440862123,1494.1593829079045,6.448696531449427,312.1579330675633,311.0776465008823,0.8672651839592894
23.491998444370633,320.81108104734085,1494.1607718306736,6.467587979547176,312.1579330675633,311.0175368346756,0.8669793518434946
23.541455247353564,322.3655279151426,1494.1621607534419,6.4664220027331965,312.1579330675633,310.96617224226446,0.8666639702640713
23.590912033787603,317.2932809950471,1494.1635496757453,6.452334653999492,312.1579330675633,310.92342892798496,0.8663186924004133
23.640368836819114,320.5742047566273,1494.164938598515,6.463764904003674,312.1579330675633,310.8891177152329,0.8659430764893606
23.68982563983443,313.9762505315848,1494.166327521284,6.4465925876509385,312.1579330675633,310.8629874676191,0.8655365534370656
23.739282426268467,315.7539695200285,1494.1677164435876,6.462691507951463,312.1579330675633,310.8447289283942,0.8650983928666905
23.78873922927569,314.50104744625787,1494.1691053663565,6.451742436394001,312.1579330675633,310.8339791271648,0.8646276776665937
23.838196032282912,318.2896734175738,1494.1704942891254,6.456690447411155,312.1579330675633,310.83032630038014,0.8641232823609152
23.887652818741238,315.1465783500753,1494.1718832114295,6.4581722390084035,312.1579330675633,310.83331516670677,0.8635838464284165
23.93710962174846,327.24184154116665,1494.1732721341984,6.4771229805851345,312.1579330675633,310.84245261038103,0.8630077719591821
23.986566408158208,317.10745159952785,1494.1746610565012,6.460010251437639,312.1579330675633,310.85721364576983,0.8623932062494778
24.036023211197815,317.40951699602374,1494.176049979271,6.463716668305559,312.1579330675633,310.87704766333644,0.8617380446991384
24.085480014237422,325.5018485567962,1494.1774389020409,6.468574522764971,312.1579330675633,310.9013848037359,0.8610399335737003
24.134936800630975,323.50328447714855,1494.1788278243432,6.520216772266848,312.1579330675633,310.9296424868991,0.8602962814752977
24.184393603646292,320.2296905509138,1494.1802167471124,6.459377483773118,312.1579330675633,310.96123201860263,0.8595042771195881
24.23385039008033,320.832320383568,1494.1816056694158,6.453382847414789,312.1579330675633,310.9955650765734,0.8586609061627619
24.283307193087555,318.29326171634966,1494.1829945921847,6.458723434008404,312.1579330675633,311.03206026722927,0.8577629936690816
24.33276399612716,314.9583586459885,1494.1843835149546,6.4519053023928965,312.1579330675633,311.0701493727467,0.8568072254724202
24.382220782553098,320.8893172951939,1494.1857724372578,6.455561571807016,312.1579330675633,311.1092834969788,0.855790197095181
24.43167758554413,316.94493772255373,1494.1871613600263,6.45005127350624,312.1579330675633,311.1489389485252,0.8547084550676681
24.48113437199436,321.5847278896763,1494.1885502823302,6.47719894484875,312.1579330675633,311.18862265835577,0.853558548267008
24.53059117503397,323.18573192833355,1494.1899392051,6.461438155050702,312.1579330675633,311.227877408761,0.8523370828119746
24.580047961435618,309.7468102281964,1494.1913281274026,6.445851107439104,312.1579330675633,311.26628641358565,0.8510407713720876
24.629504764450935,314.3781981186985,1494.1927170501717,6.447183217526401,312.1579330675633,311.30347762464606,0.8496664987535302
24.678961550901167,309.0957222665493,1494.1941059724757,6.439846992939454,312.1579330675633,311.3391273049203,0.8482113795655298
24.728418353916485,318.9773831563689,1494.1954948952448,6.455042430384757,312.1579330675633,311.37296324127254,0.8466728128634821
24.77787514035052,318.71306579992597,1494.1968838175483,6.450043800920465,312.1579330675633,311.4047671699811,0.8450485527456965
24.82733192677646,312.62095620932087,1494.1982727398515,6.446845591235218,312.1579330675633,311.4343767605862,0.8433367541735038
24.876788729783684,313.6391173154698,1494.1996616626204,6.495712303813816,312.1579330675633,311.46168684584353,0.8415360393063357
24.92624551624201,317.3516114195845,1494.2010505849246,6.466430465484615,312.1579330675633,311.4866500171194,0.8396455455688855
24.97570231924923,309.2941642271908,1494.2024395076935,6.438780688546036,312.1579330675633,311.50927665287253,0.8376649767942176
25.02515910565898,310.64923395951337,1494.2038284299963,6.436375127330611,312.1579330675633,311.5296341666437,0.8355946504477261
25.07461589208492,317.8510236141301,1494.2052173522995,6.445730069746758,312.1579330675633,311.5478457327301,0.833435529564159
25.12407269512453,314.7432588282536,1494.2066062750694,6.443360230554246,312.1579330675633,311.5640883018097,0.8311892614055826
25.173529481550467,323.77435037118266,1494.2079951973726,6.464827074836311,312.1579330675633,311.5785900205994,0.8288582042316796
25.222986284565785,319.1145542387094,1494.2093841201417,6.464258527373725,312.1579330675633,311.59162711986954,0.826445435284883
25.27244307099982,313.91717534109193,1494.2107730424452,6.470800676050018,312.1579330675633,311.60352017764325,0.8239547711209457
25.321899857425763,316.57321035074347,1494.2121619647485,6.44960647722285,312.1579330675633,311.61462994338234,0.8213907564342553
25.37135666046537,306.30818466598794,1494.2135508875183,6.4562370007209315,312.1579330675633,311.62535264962224,0.8187586621413672
25.42081344689131,309.2374248468295,1494.2149398098215,6.47037614178162,312.1579330675633,311.6361149101869,0.8160644599281963
25.470270233301054,320.7642268928248,1494.2163287321243,6.469095049896455,312.1579330675633,311.6473682841135,0.8133147952946717
25.519727036332572,312.58535518319695,1494.217717654894,6.443038861714759,312.1579330675633,311.6595834996007,0.8105169343158136
25.569183822782797,318.55774772376753,1494.2191065771979,6.453740734668364,312.1579330675633,311.673244425827,0.807678735815459
25.618640609192543,312.2690484472587,1494.2204954995007,6.436510349239068,312.1579330675633,311.68884189569525,0.8048085716153994
25.668097395618485,308.45448367028075,1494.221884421804,6.437814778864058,312.1579330675633,311.70686736603255,0.8019152540726435
25.717554198658092,309.1389277884373,1494.2232733445737,6.4354067849544965,312.1579330675633,311.72780654865727,0.7990079692397826
25.76701098508403,315.2950212481701,1494.224662266877,6.452819307077977,312.1579330675633,311.75213301079947,0.7960961814753511
25.81646777151807,310.5052861740187,1494.2260511891805,6.430862946926914,312.1579330675633,311.7803019228415,0.7931895359008397
25.86592455795211,316.43774900261997,1494.227440111484,6.44249684710256,312.1579330675633,311.81274387939646,0.7902977644957947
25.91538136093504,311.6331473359096,1494.2288290342522,6.424333926811429,312.1579330675633,311.8498589738412,0.7874305699221608
25.964838147385272,316.7046121818312,1494.230217956556,6.440625689434612,312.1579330675633,311.892011071279,0.7845975353014896
26.014294933843598,317.82546619509594,1494.2316068788602,6.4447427063381175,312.1579330675633,311.93952253652986,0.7818079998645859
26.063751720253343,313.90223283559317,1494.232995801163,6.444791855008458,312.1579330675633,311.99266922611076,0.7790709540559679
26.113208506679285,318.5868479079072,1494.2343847234663,6.438695273915781,312.1579330675633,312.0516759799686,0.7763949442121227
26.162665309718893,304.4028232383571,1494.235773646236,6.42263088375831,312.1579330675633,312.11671261240934,0.7737879569093871
26.21212209614483,318.9833484076007,1494.2371625685394,6.480631268819528,312.1579330675633,312.1878903240251,0.7712573490767659
26.261578882570774,302.2784773843123,1494.2385514908426,6.419296760923127,312.1579330675633,312.2652589059073,0.7688097388585675
26.311035669004813,314.03114411575734,1494.239940413146,6.436865535615937,312.1579330675633,312.34880433266534,0.7664509511789622
26.36049245543885,309.0681798207006,1494.2413293354496,6.447764654197531,312.1579330675633,312.43844709451895,0.7641859476776546
26.409949241889077,306.9252529889127,1494.2427182577535,6.428898620782204,312.1579330675633,312.534041162635,0.762018783522959
26.459406028323116,310.3314888876448,1494.244107180057,6.430649003660779,312.1579330675633,312.63537362327787,0.7599525770194657
26.50886281472477,313.6361660275361,1494.2454961023595,6.464410132402778,312.1579330675633,312.74216498924596,0.7579894899950478
26.558319617740082,303.4087212374907,1494.2468850251287,6.427741660857737,312.1579330675633,312.8540702285101,0.7561307279948185
26.607776404190318,312.541409286041,1494.2482739474326,6.442517727903879,312.1579330675633,312.9706802756629,0.754376557669981
26.65723319062435,306.53216776229965,1494.249662869736,6.42324108758678,312.1579330675633,313.0915245826074,0.7527263321283523
26.70668997705029,314.77614867966986,1494.2510517920393,6.4410005070667795,312.1579330675633,313.2160739386747,0.7511785468719205
26.75614676347623,307.8938093348661,1494.2524407143426,6.430677097882301,312.1579330675633,313.34374409402534,0.7497308861074108
26.80560354991027,315.68864128814675,1494.253829636646,6.442201190074198,312.1579330675633,313.4738999337134,0.7483803085565565
26.855060336360502,301.96195445719786,1494.25521855895,6.410021736128909,312.1579330675633,313.6058602021623,0.7471231211669129
26.904517122794534,320.9535151955861,1494.2566074812535,6.449507321827853,312.1579330675633,313.7389027352585,0.7459550620278576
26.95397390919619,321.2431824457708,1494.257996403556,6.459647663803601,312.1579330675633,313.8722701530425,0.744871420063004
27.00343069565451,309.70353835717833,1494.2593853258602,6.425481242411285,312.1579330675633,314.005175960385,0.7438671116746749
27.052887482112837,315.4070473623833,1494.2607742481644,6.449041213163341,312.1579330675633,314.13681099814875,0.7429367933040552
27.102344268514493,321.48231164053504,1494.262163170467,6.459344105652838,312.1579330675633,314.2663501867939,0.7420749665262617
27.151801054948532,318.2799271826625,1494.2635520927704,6.4501942217935655,312.1579330675633,314.39295949818205,0.7412760683796957
27.201257841398757,325.08915146314393,1494.2649410150743,6.461191533848842,312.1579330675633,314.51580308879437,0.7405345726836244
27.250714627832796,309.4427973333077,1494.2663299373778,6.439455776570019,312.1579330675633,314.6340505291775,0.7398450700638972
27.300171414258738,317.8207780117227,1494.267718859681,6.435439217185041,312.1579330675633,314.74688405974683,0.739202356526119
27.349628200684677,314.69178688264947,1494.2691077819843,6.465272119575962,312.1579330675633,314.85350580405446,0.7386014855014851
27.399084970513147,312.1093292446094,1494.2704967038214,6.4350491797505125,312.1579330675633,314.9531448385789,0.7380378477781856
27.448541756971473,312.7898402560022,1494.2718856261256,6.445680192796192,312.1579330675633,315.045064247108,0.7375071972983488
27.497998543421698,308.6310500413092,1494.2732745484295,6.4279425904656895,312.1579330675633,315.1285675965666,0.7370056930819829
27.547455329823354,318.4436666405163,1494.274663470732,6.458002693141288,312.1579330675633,315.20300544071887,0.7365299287127848
27.596912116257393,314.54066448164303,1494.2760523930356,6.445928309352245,312.1579330675633,315.26778128123277,0.7360769278233928
27.646368902707618,308.03024756500236,1494.2774413153395,6.433847543955596,312.1579330675633,315.3223571334203,0.7356441568808297
27.695825689141657,311.71376308176696,1494.278830237643,6.448779604953981,312.1579330675633,315.3662586088432,0.7352294943646579
27.745282475575696,317.31488387657373,1494.2802191599465,6.442195539880906,312.1579330675633,315.3990794644271,0.7348312329752776
27.794739245420352,316.56178831932993,1494.281608081784,6.444668563587633,312.1579330675633,315.42048556854587,0.7344480275941042
27.844196031846295,320.3127977952354,1494.2829970040873,6.456363928289584,312.1579330675633,315.4302182801404,0.7340788631353717
27.89365281830462,310.2599262901822,1494.2843859263915,6.430478930913154,312.1579330675633,315.42809710941236,0.7337230216971322
27.94310960473056,317.1706691031686,1494.2857748486947,6.441059548061882,312.1579330675633,315.4140217768947,0.7333800148697758
27.99256639114031,323.14666851966103,1494.2871637709975,6.462177606349979,312.1579330675633,315.3879735322773,0.7330495473783024
28.042023161017354,316.43306987087635,1494.288552692836,6.442164804768875,312.1579330675633,315.3500157845776,0.7327314595554957
28.091479947467583,313.6604345346641,1494.28994161514,6.486058605135608,312.1579330675633,315.30029394305546,0.7324256816606145
28.140936733869236,316.727553183875,1494.2913305374425,6.465856456282872,312.1579330675633,315.23903466884457,0.7321321719539338
28.190393520303274,312.64135215734495,1494.292719459746,6.443818134512637,312.1579330675633,315.1665442891246,0.7318508856243576
28.23985029015603,322.71852529741955,1494.2941083815838,6.462036648909414,312.1579330675633,315.08320659826876,0.7315817184593589
28.28930707658197,321.52535632207946,1494.295497303887,6.449649321241374,312.1579330675633,314.9894798216557,0.7313244819153052
28.338763863040295,308.7603211093556,1494.2968862261912,6.428673705277937,312.1579330675633,314.88589320820773,0.7310788710659579
28.388220649466234,310.73584249092164,1494.2982751484944,6.425871756148707,312.1579330675633,314.77304272507916,0.7308444308366215
28.437677419294705,314.369383832287,1494.2996640703316,6.455160606575273,312.1579330675633,314.6515863446513,0.7306205605227546
28.487134205744933,317.2911205345408,1494.3010529926355,6.445676230571959,312.1579330675633,314.5222385584131,0.7304064798157385
28.53659099219516,323.33689603927996,1494.3024419149394,6.454923164652736,312.1579330675633,314.38576481148647,0.7302012453355777
28.58604776202363,318.3391827768137,1494.3038308367766,6.448930676696209,312.1579330675633,314.24297514426524,0.7300037542587466
28.63550454844957,315.2010940728469,1494.3052197590798,6.439345568003849,312.1579330675633,314.09471741268516,0.7298127403100465
28.684961334907896,318.334714776538,1494.306608681384,6.438716660227891,312.1579330675633,313.9418706347753,0.7296268095631642
28.734418104752553,310.67349872719933,1494.3079976032216,6.431639436694505,312.1579330675633,313.7853376606765,0.729444450716517
28.783874891186592,320.60532073124705,1494.309386525525,6.464194056649908,312.1579330675633,313.626037629285,0.7292640624492268
28.83333166103935,314.0951338330051,1494.3107754473629,6.430546286522007,312.1579330675633,313.4648988439332,0.7290839814709393
28.882788447441,314.60297654894384,1494.3121643696654,6.442631962348084,312.1579330675633,313.30285080572884,0.7289025100209456
28.932245233899327,307.77614919824555,1494.3135532919696,6.449254325390806,312.1579330675633,313.14081707244276,0.7287179509983045
28.981702003768277,323.00250517846507,1494.3149422138079,6.472431986004015,312.1579330675633,312.9797076742545,0.7285286245292063
29.031158790178022,314.67882997091147,1494.3163311361106,6.442385172286034,312.1579330675633,312.82041169040184,0.7283329104552981
29.080615560022682,312.875673234641,1494.3177200579482,6.442949219087623,312.1579330675633,312.66379059464106,0.7281292573612252
29.13007234648101,316.0951379501457,1494.3191089802524,6.427848068749606,312.1579330675633,312.5106710939801,0.727916218059451
29.179529132906953,303.8764772489885,1494.3204979025556,6.424743090162124,312.1579330675633,312.36183911935603,0.7276924480850605
29.22898590275971,320.60228340340836,1494.3218868243935,6.506826732945806,312.1579330675633,312.21803369735807,0.7274567358269918
29.278442689193742,313.75374248115986,1494.323275746697,6.432502361461478,312.1579330675633,312.0799413188253,0.7272079982623839
29.327899459038406,318.40365046183797,1494.3246646685345,6.459404235887563,312.1579330675633,311.9481912971316,0.7269452790983401
29.37735624549673,387.58912919787326,1494.3260535908387,6.611320074749515,312.1579330675633,311.82335098883067,0.7266677508946103
29.426813015341388,318.34498558073756,1494.3274425126763,6.4361272949338515,312.1579330675633,311.7059223403414,0.7263747016707705
29.476269801751133,320.01520796480327,1494.328831434979,6.4306600588407345,312.1579330675633,311.59633838401004,0.7260655211496598
29.525726571620087,310.3155599111524,1494.3302203568173,6.432915023607806,312.1579330675633,311.49496104703593,0.7257396703523141
29.57518335807032,311.9392341570201,1494.3316092791213,6.445143599572975,312.1579330675633,311.4020790374963,0.7253966703943612
29.624640127898783,316.45333784208924,1494.3329982009584,6.442874523231856,312.1579330675633,311.3179069930522,0.7250360598795998
29.67409689774344,326.6862222523305,1494.334387122796,6.451715639346654,312.1579330675633,311.2425848386703,0.7246573761553647
29.723553684177478,312.05740796120153,1494.3357760450995,6.422508588701583,312.1579330675633,311.17617818253365,0.7242601042820103
29.773010454030235,320.0854573235847,1494.3371649669373,6.445630985996889,312.1579330675633,311.11867935725985,0.723843657264989
29.822467240480467,309.37362968888556,1494.3385538892412,6.424244603267665,312.1579330675633,311.070008945084,0.7234073314487438
29.871924010333224,314.0029147959285,1494.339942811079,6.438816098136912,312.1579330675633,311.0300182716348,0.722950273140341
29.921380796759166,322.1880357848022,1494.3413317333823,6.497460966126785,312.1579330675633,310.99849225346424,0.722471438356979
29.970837566636206,313.0423075648323,1494.3427206552208,6.426607848276309,312.1579330675633,310.97515309062163,0.7219695735731041
30.020294336480866,317.0696676548687,1494.3441095770584,6.424217602603056,312.1579330675633,310.9596643384759,0.7214431736876992
30.069751122906805,307.6011338656208,1494.3454984993616,6.415320487823559,312.1579330675633,310.95163562772376,0.7208904641776175
30.11920789275956,312.97659236472464,1494.3468874211994,6.446420140937244,312.1579330675633,310.95062781221367,0.7203093803721177
30.16866466261232,314.96724695409284,1494.3482763430372,6.442331017621847,312.1579330675633,310.95615852557984,0.7196975565727329
30.21812144906255,327.2573025688871,1494.3496652653412,6.4549764622648285,312.1579330675633,310.96770813539496,0.7190523085194187
30.267578218915308,315.42470246853554,1494.351054187179,6.4312586737649475,312.1579330675633,310.9847259603559,0.7183706498706794
30.317034988735678,310.9693810132849,1494.352443109016,6.429846657400756,312.1579330675633,311.0066367710753,0.7176492704878972
30.366491775185906,308.4578187862098,1494.3538320313198,6.429451649632242,312.1579330675633,311.03284743565035,0.7168845769356484
30.415948545062957,318.05459104828697,1494.3552209531583,6.4464759795316935,312.1579330675633,311.0627536403701,0.7160726951420026
30.46540531489142,318.30150518160735,1494.3566098749955,6.439970594581563,312.1579330675633,311.0957467336122,0.7152095037954667
30.514862084736077,313.0750829784847,1494.357998796833,6.4229755556530455,312.1579330675633,311.1312204504067,0.7142906617093789
30.56431887116202,305.0309509357976,1494.3593877191363,6.408424391783449,312.1579330675633,311.1685775907501,0.7133116601882639
30.613775641014772,323.8193489526311,1494.360776640974,6.4524077125224455,312.1579330675633,311.2072364586822,0.7122678653482902
30.663232410883726,305.7302045646429,1494.3621655628124,6.4164294007462646,312.1579330675633,311.24663719432664,0.7111545649912858
30.71268918073648,316.45371663284095,1494.3635544846502,6.439395224079079,312.1579330675633,311.28624768472235,0.7099670358406417
30.762145967138135,317.73241880519345,1494.3649434069528,6.439257791379393,312.1579330675633,311.3255691940105,0.7087006004281676
30.81160273701518,318.2243030383761,1494.3663323287913,6.4770623788701025,312.1579330675633,311.3641415037966,0.707350708533134
30.861059506892225,319.06702377374677,1494.3677212506298,6.444672613083468,312.1579330675633,311.4015477215509,0.7059129878878257
30.910516276712592,316.6256354711186,1494.3691101724667,6.427920512014092,312.1579330675633,311.4374184460541,0.7043833353973995
30.95997304656535,316.2619370742432,1494.3704990943045,6.4303073850081605,312.1579330675633,311.4714354464451,0.7027579826961952
31.00942983301558,322.46676262528126,1494.3718880166084,6.43870286182297,312.1579330675633,311.50333474892267,0.7010335731470538
31.058886602868338,313.3496333905787,1494.3732769384462,6.424651359942426,312.1579330675633,311.53290905198463,0.6992072391744634
31.108343372712994,309.237724488361,1494.3746658602838,6.427792250116012,312.1579330675633,311.56000960459295,0.6972766737269578
31.157800142557655,310.97664502942644,1494.3760547821214,6.421295999717456,312.1579330675633,311.5845473154806,0.6952402001182406
31.207256912386125,315.4509454373765,1494.3774437039585,6.430994863526509,312.1579330675633,311.6064932454212,0.6930968389491993
31.256713682263165,312.9614064614616,1494.378832625797,6.4232004482234855,312.1579330675633,311.62587841274234,0.6908463704261887
31.30617045213212,314.5420566457469,1494.3802215476353,6.422947371475907,312.1579330675633,311.64279292572263,0.6884893944149827
31.35562723853377,301.74444509545356,1494.3816104699379,6.413486398035556,312.1579330675633,311.65738445648475,0.6860273703968213
31.405084008386527,307.7311495329159,1494.3829993917757,6.423325133587745,312.1579330675633,311.66985604441305,0.6834626644335046
31.45454077825547,315.9805520193149,1494.384388313614,6.428235621471854,312.1579330675633,311.680463323639,0.680798577917726
31.503997548108227,320.97547152192783,1494.3857772354518,6.448147280888434,312.1579330675633,311.68951110618235,0.6780393714468446
31.553454317960984,313.21055311891905,1494.3871661572896,6.455199478397563,312.1579330675633,311.69734943106613,0.6751902632573489
31.602911087805648,311.4664729134711,1494.3885550791272,6.418694074794471,312.1579330675633,311.7043690896391,0.6722574458907532
31.652367857650308,305.008703967098,1494.3899440009648,6.408364281012065,312.1579330675633,311.71099667859033,0.6692480489492427
31.701824627527348,314.41311370889525,1494.3913329228033,6.43405887727135,312.1579330675633,311.7176892317149,0.6661701303285212
31.751281397372008,318.83922406404963,1494.3927218446408,6.435769957815152,312.1579330675633,311.72492848593555,0.6630326121978597
31.80073816720048,301.7808888811851,1494.394110766478,6.410468785329005,312.1579330675633,311.7332148406751,0.6598452494668262
31.850194937077525,312.50969010982226,1494.3954996883165,6.42352224329873,312.1579330675633,311.7430610729754,0.6566185329769938
31.89965170694647,316.06218791679566,1494.3968886101547,6.43896973751683,312.1579330675633,311.7549858734239,0.6533636162448564
31.949108476766842,308.78137013400556,1494.3982775319917,6.415636663044795,312.1579330675633,311.76950726949525,0.6500922218738561
31.9985652466196,301.2722558028945,1494.3996664538295,6.403519987610195,312.1579330675633,311.7871360049032,0.6468165172345338
32.04802201647235,305.961441565898,1494.4010553756673,6.408272572909237,312.1579330675633,311.80836894307157,0.6435489924725886
32.09747878631701,317.68643322876596,1494.4024442975049,6.435195851769826,312.1579330675633,311.83368245598484,0.6403023310875211
32.14693555619406,302.17935594295705,1494.4038332193434,6.398984395579754,312.1579330675633,311.863525855075,0.6370892190635604
32.19639232603872,308.9241681321473,1494.405222141181,6.422494080523284,312.1579330675633,311.898315716666,0.6339221863762685
32.245849095867186,314.8553069842674,1494.406611063018,6.421801287688356,312.1579330675633,311.9384293059522,0.6308134735554642
32.29530586573613,312.48025219836563,1494.4079999848564,6.408933283519284,312.1579330675633,311.9841994238852,0.627774862636204
32.344762619023804,311.85743583212025,1494.409388906229,6.421384389296179,312.1579330675633,312.0359098330993,0.6248175393813244
32.39421938885227,315.0218145104918,1494.410777828066,6.425854462923764,312.1579330675633,312.0937906762121,0.6219519572479282
32.44367615869693,314.5944927665005,1494.4121667499037,6.421548662881301,312.1579330675633,312.1580142756722,0.6191876940047586
32.49313292857397,314.12253951455205,1494.4135556717422,6.4225288094267325,312.1579330675633,312.228691892855,0.6165333226563335
32.54258969841864,316.97852709599465,1494.4149445935798,6.433769570786479,312.1579330675633,312.30587081531866,0.6139963407326744
32.59204646827139,311.1758716901022,1494.4163335154176,6.416682303506269,312.1579330675633,312.3895320805861,0.6115830274879941
32.64150323812415,312.1314996517103,1494.4177224372554,6.410537561017299,312.1579330675633,312.4795889334311,0.6092984226105108
32.69095999138752,311.6087199291687,1494.4191113586273,6.4180651097985555,312.1579330675633,312.5758855016758,0.607146239873115
32.74041676126458,310.94970714935334,1494.4205002804658,6.463932365507824,312.1579330675633,312.67819662133496,0.6051288571212728
32.78987353110923,323.05590912012485,1494.4218892023034,6.428398474589955,312.1579330675633,312.78622804900095,0.6032473128203012
32.839330300937704,309.3402853991465,1494.4232781241406,6.412098875922808,312.1579330675633,312.89961788326053,0.6015013168814761
32.88878707078236,310.8946022702312,1494.4246670459781,6.418535469113855,312.1579330675633,313.017938951629,0.599889290250934
32.93824382407812,308.12105330898703,1494.426055967351,6.410856005209595,312.1579330675633,313.1407005593575,0.5984084423434087
32.98770059392278,315.13261633786533,1494.4274448891886,6.438209760027572,312.1579330675633,313.26735164180735,0.5970548379704971
33.03715736376744,308.6981487943631,1494.4288338110262,6.425133422211574,312.1579330675633,313.3972842732002,0.5958235153408239
33.0866141336202,318.1993225360493,1494.430222732864,6.426653165206009,312.1579330675633,313.52983855885776,0.5947085920153365
33.13607088689167,305.7569618944508,1494.4316116542361,6.407474008035344,312.1579330675633,313.66430735475313,0.5937033962598999
33.18552765676063,320.3257032101683,1494.4330005760744,6.452027957444414,312.1579330675633,313.79994225973877,0.5928006126672886
33.23498442661338,311.3738602116355,1494.4343894979122,6.413066437248532,312.1579330675633,313.93595884225596,0.5919924269725751
33.284441196433754,311.3609559029719,1494.435778419749,6.432202222536093,312.1579330675633,314.071543814982,0.5912706752683086
33.33389794972951,308.410018556071,1494.437167341122,6.413607618941408,312.1579330675633,314.20586128883605,0.5906269794089871
33.383354719598465,309.70881985851884,1494.4385562629602,6.416586582530449,312.1579330675633,314.3380597422476,0.5900529147074156
33.43281148942693,312.16910886679034,1494.4399451847974,6.435528537745103,312.1579330675633,314.4672787906167,0.5895401249371591
33.48226824269031,315.099150788963,1494.4413341061693,6.42054518994374,312.1579330675633,314.59265679031904,0.5890804707357659
33.53172501253497,306.65501309245155,1494.4427230280069,6.41571690781751,312.1579330675633,314.7133386762836,0.5886661289497236
33.58118178238772,312.4767276025923,1494.4441119498447,6.414029208396292,312.1579330675633,314.82848329700226,0.5882897016562805
33.63063853568349,317.3516134480742,1494.4455008712175,6.436180364604254,312.1579330675633,314.9372705472235,0.5879443166300519
33.68009530553625,310.2495781471698,1494.4468897930553,6.436662560603158,312.1579330675633,315.03890911961224,0.5876236766248976
33.72955205876724,306.6432093063595,1494.4482787144264,6.411580427238889,312.1579330675633,315.1326436830788,0.5873221302399692
33.77900882864429,320.5083172888917,1494.4496676362648,6.4354216188982125,312.1579330675633,315.2177615306247,0.5870347148920181
33.828465598521326,307.8763887768946,1494.4510565581033,6.410269906010317,312.1579330675633,315.2935987340281,0.5867571573906619
33.87792235176852,311.2024082291464,1494.4524454794748,6.4288736108640165,312.1579330675633,315.3595470552138,0.58648589851013
33.92737912161317,305.679214308002,1494.4538344013124,6.42968993680562,312.1579330675633,315.4150590915926,0.586218078957126
33.97683587490894,311.21112775809524,1494.4552233226852,6.461543631908551,312.1579330675633,315.4596532098587,0.5859515059803857
34.026292644753596,318.5933292029258,1494.4566122445228,6.4499073151701936,312.1579330675633,315.49291807362187,0.5856846260741077
34.07574939801698,317.953261090257,1494.4580011658948,6.428797797563243,312.1579330675633,315.51451694800943,0.5854164788773156
34.125206167869734,313.9493846307996,1494.4593900877326,6.429281735471028,312.1579330675633,315.52419174731057,0.5851466266972543
34.174662937722495,310.6285379975943,1494.4607790095704,6.420314011724075,312.1579330675633,315.52176567543773,0.5848751065347292
34.22411969101016,315.7695625852539,1494.462167930943,6.436910156422169,312.1579330675633,315.5071448963719,0.58460234530326
34.27357646086292,315.9497692894929,1494.4635568527808,6.434681566303416,312.1579330675633,315.48031953978915,0.5843290929565101
34.323033214102004,314.37834219159413,1494.464945774152,6.42970827689267,312.1579330675633,315.4413645576098,0.5840563526418128
34.372489983954765,312.2008737034648,1494.4663346959899,6.422989887957415,312.1579330675633,315.3904394910516,0.5837852904570247
34.42194673724243,305.1929080684804,1494.4677236173625,6.41745519186831,312.1579330675633,315.3277874502548,0.5835171883253514
34.47140349051391,318.6508736652413,1494.4691125387346,6.445128228161545,312.1579330675633,315.2537329863064,0.5832533491045284
34.52086026035856,312.1177937106768,1494.4705014605722,6.413764038102208,312.1579330675633,315.168679395949,0.5829950562176615
34.570317013621946,307.00364992232426,1494.4718903819441,6.409217253060617,312.1579330675633,315.07310638742655,0.5827435090752452
34.6197737834747,313.18527087043185,1494.473279303782,6.420195505579154,312.1579330675633,314.9675657615846,0.5824997770464493
34.66923053676237,315.5235789543276,1494.4746682251546,6.43323687390245,312.1579330675633,314.85267686714195,0.5822647599583394
34.718687306615124,315.3877347376183,1494.4760571469924,6.429883703311732,312.1579330675633,314.72912166978875,0.5820391575624954
34.768144059854215,317.6672574307522,1494.4774460683636,6.435440357773721,312.1579330675633,314.5976397481392,0.5818234650713897
34.81760081314997,317.74731194134347,1494.4788349897365,6.447455822773767,312.1579330675633,314.4590220051261,0.5816179339497803
34.86705758302703,313.6137871452,1494.480223911575,6.419854541943502,312.1579330675633,314.3141044184571,0.5814225977492984
34.91651433626611,317.6237799561082,1494.4816128329462,6.432435906417587,312.1579330675633,314.163761265752,0.5812372684125887
34.96597110611887,311.52186897576667,1494.483001754784,6.415262969710403,312.1579330675633,314.00889734374977,0.5810615366343731
35.015427859406536,307.0760162389465,1494.4843906761566,6.404949835454685,312.1579330675633,313.85044099853866,0.5808948193738458
35.064884612678014,314.7014159879412,1494.4857795975288,6.430973723653517,312.1579330675633,313.68933568313776,0.5807363686550232
35.11434138252267,317.9782637911744,1494.4871685193664,6.4405884417871935,312.1579330675633,313.52653206935764,0.5805852971560762
35.16379813578605,314.6805112114489,1494.4885574407383,6.417567021248774,312.1579330675633,313.36298093814565,0.580440621208715
35.21325488903324,309.9724373008503,1494.4899463621098,6.412114100531839,312.1579330675633,313.1996254053849,0.5803012981526697
35.262711642329,310.84887233835343,1494.4913352834826,6.432521576600312,312.1579330675633,313.0373932487411,0.5801662405136052
35.31216841219795,309.3296027358674,1494.4927242053209,6.4127583100773125,312.1579330675633,312.877188974274,0.5800343757987152
35.36162516543704,305.9436920400053,1494.4941131266921,6.411296140656015,312.1579330675633,312.7198867795111,0.5799046479383311
35.41108191870851,313.680049809567,1494.4955020480643,6.415094635074947,312.1579330675633,312.5663231994026,0.5797760669493104
35.460538688577465,301.11451326485314,1494.4968909699026,6.398072069221101,312.1579330675633,312.41729065231954,0.5796477259079912
35.509995441848936,320.27914614253314,1494.4982798912747,6.431011886547586,312.1579330675633,312.27353179807704,0.5795188060256858
35.559452195120414,306.59312263397305,1494.4996688126469,6.400797216214918,312.1579330675633,312.13573328515275,0.5793885985451989
