wav,0,10,20,30,40,50
7695.000704699385,0.004308565519750118,0.0038867753955578364,0.003818037829026627,0.003935515156306082,0.004002906288468795,0.004004268645434122
7695.004342075289,0.0046736570075154305,0.003887923786633953,0.0038175544324445783,0.0039331010817775704,0.004000406825999893,0.004002682606038103
7695.026431826397,0.004598019644618034,0.0039024106946940673,0.0038127340099337417,0.00391968938506719,0.0039838772447100285,0.0039932616871489485
7695.0428616235595,0.00414177356287837,0.003902022296675332,0.0038146497539806893,0.003909942461323787,0.0039714810176298765,0.003984568628276038
7695.052155058068,0.003741211025044322,0.0039009118858460146,0.0038137002658082987,0.0039044168928490746,0.003964483612216953,0.003979742147407341
7695.0778744373265,0.003641144372522831,0.0039043143865002744,0.003818527744646516,0.0038883665204166758,0.003944393553460571,0.0039648097669713655
7695.081377786625,0.0034313220530748367,0.003908282261433838,0.00381926545145144,0.0038857139093393532,0.003941865798128556,0.003962620946992995
7695.119890515002,0.003492265474051237,0.003950839379389681,0.003831244007544765,0.003860690847805467,0.003913836278010226,0.0039386386908762195
7695.129301810183,0.0036612048279494047,0.0039632832240178864,0.0038361028116768625,0.0038541850712143387,0.00390710091939809,0.0039325965196543335
7695.155009889532,0.003481641411781311,0.003981791491389224,0.0038426214647055037,0.0038366494421654736,0.003887264622540113,0.003915581225945664
7695.158399759234,0.004021810833364725,0.003983079240652499,0.0038425271016266993,0.003833704962979221,0.003884732394416568,0.003913437358445041
7695.1807142879525,0.003850348060950637,0.003984863979111125,0.0038493817502328045,0.0038197895074798924,0.003867359927665135,0.003899326142708159
7695.196905469875,0.004057008307427168,0.003981229001407364,0.003852473428748321,0.003809713617257094,0.0038556726948355833,0.003888277145686055
7695.206415048267,0.0036357685457915068,0.003977618153464601,0.0038574111265460313,0.0038040913454646576,0.003848764365527649,0.00388184456136256
7695.232112213285,0.003939184360206127,0.003959376910873414,0.0038624853280895825,0.0037913778009674762,0.0038313055381106772,0.0038648624293273876
7695.235407597482,0.0031460991594940424,0.003959331914177141,0.003862965585885642,0.0037894203406216857,0.0038293946809021323,0.0038626768929032516
7695.257805825781,0.0038306850474327803,0.003959079419156378,0.003867569014069109,0.003780834427847767,0.003815450923196594,0.0038472268118259745
7695.273906092636,0.003997081890702248,0.0039605288153961105,0.003867296208132464,0.0037738358899713034,0.0038060166273222824,0.00383599880942009
7695.283495928478,0.003566580358892679,0.003961736923677265,0.0038680999424635094,0.003769137774556869,0.0038001045774114736,0.0038288555013708636
7695.309182540793,0.003829449415206909,0.003977853369333545,0.0038647511515625295,0.003758882784358352,0.0037832277002000023,0.0038100981689599242
7695.312400905937,0.004473552573472261,0.003979387078977477,0.003864681757692364,0.0037568864592794605,0.0037811046898421417,0.003807805682527668
7695.3348656231565,0.004667521454393864,0.003989052942703994,0.0038619740167907717,0.0037502505621221935,0.0037651079682351055,0.0037916617210608642
7695.35089198799,0.004605892580002546,0.003986120283469348,0.003860632386509085,0.003745788917710472,0.003754274203697348,0.0037807853397996845
7695.360545126788,0.00466626463457942,0.003985146838298325,0.0038607502039361315,0.003743451005858896,0.0037475300257098056,0.003773792643708606
7695.386221002933,0.004312077071517706,0.003962276642510879,0.0038572606780792624,0.003740979016141248,0.0037294296764893453,0.0037565719872405027
7695.389379289434,0.0046968841925263405,0.003956787817721406,0.0038554515202442624,0.0037400883216614322,0.0037274878880204296,0.0037544754835898884
7695.411893202848,0.004157723393291235,0.00392395570825332,0.0038446473681190713,0.003736462998907806,0.003712081545041872,0.003739220624143933
7695.427862760907,0.0037306586746126413,0.003892954943693078,0.0038342531433352787,0.0037339360497113372,0.0037021992046390073,0.0037281850655134924
7695.43756167783,0.0038132532499730587,0.0038772040558987106,0.003827605694829059,0.003732874267326732,0.0036958510875229663,0.003721234185116453
7695.463226379175,0.0036629694513976574,0.003833078676067547,0.003808151493802459,0.0037308798154453383,0.003679798664279755,0.0037039646242590435
7695.466342353081,0.003932628780603409,0.003829386783550843,0.0038055347925173314,0.003730863802242486,0.0036782792398669766,0.0037019988996837188
7695.488887258226,0.003890393069013953,0.0037984228452140664,0.003786641320126569,0.00372678258804825,0.003666227676961745,0.003687319066402838
7695.504818016639,0.004264588467776775,0.0037786526366431635,0.003776850943208939,0.003724056749172474,0.003659017638116333,0.0036776179642773574
7695.514544266334,0.0036095797549933195,0.003764281408035296,0.003770119544656738,0.0037220817097678685,0.0036541210564081735,0.0036715577007785543
7695.540197354884,0.003879308234900236,0.0037345748174024943,0.0037542944120914673,0.003713987771532835,0.003640243779489242,0.0036560740634255144
7695.543289702282,0.003968686796724796,0.003731058868848156,0.003752316733628876,0.003712635380822371,0.003638899961728794,0.0036542393522527973
7695.5658464752805,0.003817509626969695,0.0037020155009345945,0.0037401641265197797,0.003701154535666687,0.0036269906019973544,0.0036403112034262956
7695.581757360729,0.003088634926825762,0.0036863898516383176,0.00373027072377714,0.0036930107056400365,0.0036201139223786326,0.0036298613112720453
7695.591491578967,0.0033380792010575533,0.00367295892292997,0.0037247302568107314,0.0036874225748057114,0.0036156788649625597,0.003622700672535204
7695.617132617405,0.0030774842016398907,0.0036468495915030724,0.003706588019913436,0.003675587527135201,0.003605403319395429,0.003604702067415238
7695.62022094274,0.0027277010958641768,0.003645949763936685,0.0037042424215155273,0.003674126158262871,0.0036044645792706366,0.00360256465324691
7695.642769542089,0.0029687697533518076,0.0036298756818725414,0.0036880653894110433,0.003663571563206539,0.0035979311009139516,0.003586023670561885
7695.6586803990685,0.002582922112196684,0.003620526226594487,0.0036732452103068807,0.003654110120431525,0.0035933387930929903,0.0035747988170204063
7695.668402304546,0.0030797889921814203,0.0036159842041238455,0.0036646918278385085,0.0036478071822129044,0.003590455701611305,0.003566945975792474
7695.694030856329,0.0033809891901910305,0.0036071395690884175,0.003640597583876999,0.0036309995016319207,0.003582820928792653,0.003548368415845701
7695.697135680508,0.0036337701603770256,0.0036048940414809155,0.0036379007537242704,0.003628562853849717,0.0035819111593802357,0.0035463464323284106
7695.719655149028,0.004252552520483732,0.003595903953817568,0.0036189569148616825,0.0036124357163041616,0.00357596727685443,0.0035305168299676133
7695.735586737866,0.003495713695883751,0.003589331086049789,0.0036071585351786107,0.0036006033857802636,0.0035707967112256636,0.003520409023244639
7695.745275134264,0.004218541085720062,0.003585348574128066,0.0035999497114545557,0.0035936612845005075,0.003567601518234156,0.0035132859286793714
7695.770890763687,0.003893560031428933,0.0035793602126852017,0.00358032733474237,0.00357783487060335,0.003558456502655049,0.003496689915086634
7695.774033521979,0.004323643632233143,0.0035797177938266113,0.0035778212190819246,0.0035753097622920156,0.003557137936416265,0.003494750576034249
7695.796501988996,0.003971112426370382,0.003575309480715683,0.0035594888038573747,0.0035609913227651058,0.003547196542239217,0.0034796673416245547
7695.812475983707,0.0040542809292674065,0.003570736348281572,0.0035435336339818256,0.0035511269789121995,0.0035395462030079093,0.0034701847076307633
7695.822108761905,0.004382024053484201,0.0035694183374152585,0.0035333185976208765,0.0035445399595605406,0.003534132359672959,0.003463587795751419
7695.8477110341855,0.003685964737087488,0.003564589425312695,0.003506222802636249,0.003529056783885583,0.003518939781853509,0.003448590303715929
7695.850914073931,0.003779819468036294,0.0035628129117560667,0.0035027345445774365,0.00352690770548766,0.003517208352395855,0.003446944567739268
7695.873308757634,0.003938182257115841,0.003553745745629607,0.0034808621797307623,0.0035125678964769013,0.0035040613882903133,0.003435264497394351
7695.889347743558,0.0030122792813926935,0.003543614097786365,0.003468820766046898,0.003502216961499143,0.0034947407064506693,0.0034281826228173625
7695.898901884092,0.003193812444806099,0.0035367416463754214,0.003460643252993575,0.0034955973929217394,0.0034887724291922766,0.0034237130043232684
7695.9244903654235,0.003183904569596052,0.0035025397668614487,0.0034434356847307733,0.0034780830900916293,0.0034695855370247657,0.0034121780558470606
7695.927776943523,0.0036282644141465425,0.0034965506985021014,0.0034412888916506373,0.0034753190287799204,0.0034671638094863335,0.0034107544134365283
7695.950074153562,0.002901998581364751,0.0034530753715481155,0.003429219080835161,0.0034593785934626067,0.003449655676511779,0.00340127498935018
7695.966201624785,0.0037943096831440926,0.003423058212063488,0.0034196048496629894,0.003448065183801663,0.0034375334242550057,0.003394374602815105
7695.975653200462,0.0032536194194108248,0.003404013619093363,0.003414114275956615,0.0034414389148564343,0.003429511789031127,0.0033906316093944458
7696.001227458115,0.0033271329011768103,0.003366167181209578,0.003401183660710183,0.0034244442419302415,0.003407498004875334,0.003378453603325962
7696.004621738341,0.003713180311024189,0.0033617655918730055,0.0033995345472257296,0.003421896600304537,0.003404796198816489,0.0033767842289421416
7696.026796878577,0.0036525395698845387,0.003334453256773612,0.0033893292730837903,0.003406668216446513,0.003386942916410807,0.0033654149976235464
7696.043037235191,0.002946077845990658,0.0033191129817342108,0.0033815326640270894,0.003395339832654183,0.003374678965917663,0.003355775307088232
7696.052361413932,0.0028576096519827843,0.0033098592286281607,0.0033761137148107133,0.003388264721693662,0.003366905225663554,0.0033501478591411813
7696.07792101631,0.0028698763344436884,0.0032790064987338503,0.003361543881356878,0.0033689330940971304,0.0033475272313976435,0.0033330861960464823
7696.081448066389,0.00323606189340353,0.00327547096391049,0.003359371684725482,0.003365283834007906,0.00334502047461809,0.0033307330007347506
7696.103475637891,0.0029034665785729885,0.0032622331944742126,0.0033491244346186585,0.0033467056864239383,0.0033289685838987465,0.003315369156736789
7696.119854183218,0.0029239042196422815,0.0032554370732816645,0.0033407549030791306,0.0033326880425237023,0.0033174646520399043,0.0033041644246710055
7696.1290252309,0.003333728527650237,0.003251993524715519,0.0033359548697742035,0.0033238825885603417,0.0033111499764228213,0.0032979208824693565
7696.154569747608,0.0028094386216253042,0.0032545712688701028,0.003321471992298732,0.0033030626292376037,0.0032925467190631,0.0032797082589578258
7696.158255565737,0.0029851195868104696,0.003254557140696754,0.0033192640590899896,0.003298771596167293,0.00328983173549419,0.0032771354824707674
7696.180109147169,0.0030693637672811747,0.003252832147704579,0.0033047980080988834,0.0032809549656562654,0.0032737775211347533,0.003260092973370995
7696.1966522520615,0.0030741114169359207,0.003251988921580251,0.003290191610024893,0.0032679340290896444,0.0032618275550002364,0.0032468531828672305
7696.205643446604,0.003763555083423853,0.0032527806318547975,0.003282298934976341,0.003260418069344978,0.0032552486227273615,0.0032395087368144687
7696.231172691987,0.003656247165054083,0.003245271031479082,0.003259466938157709,0.0032408352379376644,0.0032366406200756426,0.0032187449174146754
7696.235044287255,0.0037820336874574423,0.003245312878412158,0.003255586989650699,0.0032370808710414692,0.003233898133094148,0.00321555766983023
7696.256696929567,0.003835101844742894,0.003246198038301305,0.0032378207765001127,0.003219548675844833,0.0032181998128362125,0.0031973970680255564
7696.273431716362,0.0033295652829110622,0.0032506336902007435,0.003224393974029907,0.0032059365247585903,0.0032059963895846393,0.003183908963027371
7696.282216205544,0.0036806687712669373,0.0032517732540131997,0.0032176227783822166,0.0031981916435470637,0.003198829178860363,0.0031767385540469187
7696.307730566073,0.003096508327871561,0.0032551909482068375,0.003199842897267675,0.003178101947492622,0.003177667434974021,0.003156349622281991
7696.311814584391,0.0027825438883155584,0.0032545643521033093,0.0031966107007925866,0.003174130641538815,0.003174361012554678,0.003153066301199324
7696.333240057277,0.003138496307656169,0.003244556727613861,0.003182059437168008,0.0031578445069313506,0.003155427576384359,0.0031367161844623806
7696.350192936337,0.0030068298801779747,0.003233588724246165,0.0031711223323013424,0.0031456980342707335,0.003140430484342263,0.0031240470287868774
7696.358744725221,0.003294517518952489,0.0032284324836185027,0.0031649769172924836,0.0031390770297325785,0.0031325584251924166,0.0031177306706869005
7696.384244615942,0.0032035012263804674,0.0032080337131118243,0.0031475942934993104,0.0031216947929560523,0.0031090299072349817,0.0030984149429065765
7696.388566817151,0.0035484947729855776,0.003203073079446895,0.0031441173929618368,0.0031187342687118234,0.003105087084533208,0.0030952207917946703
7696.409739775435,0.003210047259926796,0.0031863192312004177,0.003131468835861236,0.003103580881614633,0.0030864810692462566,0.0030787562368963205
7696.426936271785,0.003172466531395912,0.0031692547719439352,0.0031175477251331185,0.0030910313349884234,0.0030716084279971897,0.003065342946985567
7696.435230249641,0.003264534519985318,0.003159562540591096,0.0031099949911424156,0.0030847487739656056,0.003064560214781957,0.003058898569653237
7696.460716084481,0.0032677301205694675,0.0031238360010298794,0.0030885365612896456,0.003064432298662145,0.003042819942004734,0.003038624666454483
7696.465301345149,0.002821279689669609,0.003117429647802999,0.0030848241627054068,0.0030604235237334217,0.003038991542346629,0.003034931172894401
7696.486197325823,0.0033972018864005804,0.0030926260178938195,0.003066423169229095,0.0030432954999799673,0.0030220539997554427,0.0030182258692319506
7696.503662082133,0.0033904239535331726,0.0030754217596687767,0.0030509144139491485,0.0030288594137920935,0.0030079387594032767,0.003004688506108833
7696.511674019511,0.003616435918956995,0.003068746237924669,0.0030428147499669263,0.0030218401502040276,0.0030014215952751094,0.002998508573176684
7696.537146211337,0.002660997211933136,0.0030540980492164953,0.0030191053811808623,0.0030006247853673874,0.0029797397868203813,0.002978228064143325
7696.542018527609,0.003008504630997777,0.003052906276629902,0.003014332716558669,0.002995443208994516,0.0029758284755809082,0.002974233162357155
7696.562613947072,0.0025382451713085175,0.0030516614958743574,0.0029972473537522005,0.002978003935695533,0.002959273090736405,0.0029577739012541155
7696.580370726426,0.0022979264613240957,0.003047183059678452,0.002981058139404209,0.002962372820690873,0.0029451162303272167,0.002943718548537247
7696.588077272449,0.002797237364575267,0.0030435602968236285,0.002973677114876318,0.002954690136725144,0.0029391611599393673,0.0029375574744184424
7696.613536233155,0.0028313384391367435,0.0030223045935899636,0.0029496617649612117,0.0029336038517341974,0.0029194957605789555,0.002916327284595631
7696.618718723409,0.0031471310649067163,0.0030163849773854946,0.0029447426304056125,0.002928380319312656,0.0029155907966613957,0.0029117788944834693
7696.638990874859,0.002593901241198182,0.002993038742164667,0.0029264785476801843,0.0029118855421575223,0.0028999607626077873,0.0028951481162426728
7696.65706256336,0.003578296396881342,0.0029697401877629855,0.002910866698016868,0.0028972154414433995,0.0028860921185054787,0.0028807336532931257
7696.66444124319,0.002726510399952531,0.0029601783266958877,0.002903932570179938,0.002890667570879088,0.0028802954440228096,0.0028750135190920485
7696.689887383743,0.0028116749599575996,0.002917417281711675,0.0028806999162378755,0.0028692932983467043,0.0028599151492731327,0.0028539744393026225
7696.6954022910695,0.0029185921885073185,0.002907625745568412,0.0028755512248424576,0.0028638059833896016,0.002855389642525885,0.0028495299286580246
7696.715329342091,0.0033234278671443462,0.002876330073324172,0.0028569481675362143,0.0028463243430177435,0.0028382264554343744,0.0028337083532234478
7696.7337379513,0.003136168932542205,0.0028490164934981735,0.0028408472181863332,0.0028301486163180116,0.0028219249116391964,0.002819508912703572
7696.740767163775,0.0032225819304585457,0.0028369290562987206,0.0028343449819590596,0.0028236149210755152,0.0028157691450048606,0.0028142424489606055
7696.766200894294,0.0032506550196558237,0.002792110950571075,0.002812549838882629,0.0028023209163411393,0.00279338731214949,0.0027944121452021563
7696.772069588792,0.0029579983092844486,0.0027823849650255588,0.002807281894798872,0.0027964228953952746,0.0027881885067208,0.0027898948406887
7696.791630579141,0.0035596205852925777,0.0027589229048437473,0.002791892698846549,0.002779239172901943,0.0027716445472694825,0.002774512653618687
7696.810397248279,0.003086187643930316,0.0027356825266562274,0.0027772398807222477,0.002763277417780087,0.0027556920455493114,0.002760530048549226
7696.8170562637615,0.0026971064507961273,0.0027265021639113307,0.0027711878805842115,0.002757576483479321,0.002750505132303961,0.0027556952289691555
7696.842477993586,0.0026990133337676525,0.0026909329266736936,0.00274821476143548,0.0027363927610667606,0.002729849581693762,0.0027369264597187234
7696.848720974459,0.0024679256603121758,0.0026808914098819304,0.002741891238226696,0.0027305992283829556,0.0027249228737921917,0.002732494523075982
7696.8678958140135,0.0022473556455224752,0.00265006451202345,0.002723083109567883,0.0027139176191563817,0.0027103839968329398,0.0027189107971688155
7696.8870408120265,0.0026573033537715673,0.0026198408219412156,0.0027033201131488227,0.0026969269962754633,0.002695939388608448,0.002705487340882943
7696.893309770419,0.0020492917392402887,0.002613381180868496,0.002696105610784236,0.0026910509915633266,0.002691584087913103,0.0027012522233509206
7696.918719908155,0.002272099955007434,0.0025820326037600994,0.0026681895759575933,0.002668381671522269,0.0026726916759596906,0.0026834177505239386
7696.92535680566,0.0020548985339701176,0.0025751781578394373,0.002660618725708016,0.0026622186147236267,0.0026680527012464543,0.002678812008124066
7696.944126272553,0.0020295458380132914,0.0025582329057263235,0.002640070228460694,0.0026452410720975163,0.002652864022502524,0.0026650484897815566
7696.963669000002,0.0025468000676482916,0.002541963903817353,0.0026186766736839254,0.0026270040733508398,0.002637163375685553,0.002649954015572391
7696.969528908914,0.0026121041737496853,0.002537685592649855,0.0026117411177077623,0.002621193482394157,0.002632786515230921,0.00264550086884116
7696.994927862525,0.002290765754878521,0.0025250683836183906,0.002584639865450771,0.002597251444838586,0.00261228021621661,0.0026249707778225806
7697.001977439701,0.0024649675469845533,0.0025230397982922512,0.002576867762623206,0.002589960993277869,0.002607041816164679,0.0026192369285144004
7697.020323178644,0.0021191418636590242,0.002520472838043861,0.0025581344717259657,0.002574117315423883,0.00259269023765278,0.0026046150034796157
7697.04028216938,0.0026653644163161516,0.002519500175629242,0.002539226830462613,0.002556997236890685,0.002576922613636081,0.0025889166802361037
7697.045714901993,0.002217263448983431,0.002516963014205173,0.0025338986226902498,0.002552159098206462,0.0025729779578422345,0.002584825569789059
7697.071103048173,0.002022290602326393,0.0025132957827906596,0.0025108140922769314,0.0025327626569901945,0.002553655530746335,0.002564568001101956
7697.078583233641,0.0026412587612867355,0.0025139090325085826,0.0025042851148555792,0.0025269590570612104,0.0025484043756569255,0.002558751519907485
7697.096487588872,0.002485231263563037,0.002512992173098347,0.0024881872120279458,0.002513961175965229,0.002535248019358054,0.002544798419681707
7697.116880677083,0.0025864252820611,0.0025116196314712335,0.0024679344005679436,0.0024981200705086783,0.002520121380225193,0.002529437691273172
7697.1218684921305,0.00249589909799397,0.002510125069444286,0.00246282665460169,0.0024939124520175723,0.0025166087409717887,0.0025259413016930814
7697.147245726036,0.0033590819220989943,0.002501743978069738,0.0024372164208693614,0.0024744374875675245,0.002497476786704507,0.002507451436735819
7697.155174544284,0.0027544316835701466,0.0024997399122892025,0.002429404257268833,0.002467434752177979,0.002491659551852044,0.002501744949220452
7697.172619258658,0.0024159143213182688,0.002489434357553767,0.002410868178354541,0.0024538433805596535,0.002478811359705171,0.0024896857366095075
7697.193464879801,0.0028207050636410713,0.0024742711760444127,0.002392479646971828,0.002436337737189269,0.0024631369177745806,0.002475223489048002
7697.197989058099,0.0030251089483499527,0.0024685963388197843,0.002388373349794716,0.0024319774366552004,0.0024598376873697565,0.0024722077891115913
7697.22335509248,0.0029526464641094208,0.0024352024874831333,0.002365378927466275,0.002410895399153276,0.002439392317063909,0.0024542685345424857
7697.231751728201,0.002975659677758813,0.0024239995764214453,0.0023574151728191733,0.0024032317641126404,0.002432702739061086,0.0024484381980001938
7697.248717329933,0.0027230074629187584,0.0024050297061312216,0.002342206585091971,0.0023897456203633553,0.002418894276142152,0.002436548696490771
7697.270035134005,0.002634441712871194,0.0023825892866400715,0.0023268341205522755,0.0023723036078075904,0.0024017168993360157,0.0024215633042710284
7697.274075738596,0.002650944283232093,0.00237770230151168,0.0023239523614038767,0.002368539968062926,0.0023988217550417208,0.002418881981612947
7697.299430286634,0.0018605770310387015,0.0023414678133710136,0.002306688559396482,0.0023499441544827023,0.00237946675437141,0.0024008988880919978
7697.3083151417595,0.002341985236853361,0.0023285269008899157,0.002300633243245464,0.002343166641638413,0.0023729311891376808,0.0023944870013849376
7697.324780942229,0.0019199856324121356,0.00230452866980131,0.0022922264381849576,0.0023316407838372046,0.0023608972530535697,0.0023832672145879304
7697.346591795962,0.0018193026771768928,0.0022702324551367235,0.002285068587923516,0.002316777230945465,0.0023452539897913737,0.0023683448315681382
7697.350127673574,0.00198018504306674,0.0022635583958472904,0.0022838869980744618,0.0023143269718419062,0.002342857095090495,0.002366031471980152
7697.37547044889,0.0018876680405810475,0.002219248538518727,0.0022750774699118407,0.002296437646934552,0.0023239055934555506,0.002348191847817606
7697.384865141128,0.0020941204857081175,0.0022039362652549457,0.0022718691976124383,0.002289076880324841,0.0023169640550896368,0.0023414924827314647
7697.400809236409,0.002079277765005827,0.002175743532267303,0.0022658118965971715,0.0022778781108185545,0.0023054763385612367,0.002330406605250141
7697.423135221749,0.001855694456025958,0.002141527356624458,0.002257266363938594,0.002262259665691355,0.0022890414640571984,0.0023137463890872925
7697.426144004375,0.0017830225406214595,0.00213748428991914,0.002256008770303203,0.002259913349653208,0.0022870661654013644,0.002311670536070241
7697.451474721061,0.0017332808347418904,0.002104261816733013,0.002242083594779236,0.0022429904420369776,0.002269096123398825,0.002293130906973133
7697.461402073416,0.002060666913166642,0.002094630541407277,0.002235452453587416,0.0022356965126941043,0.002262098143875211,0.002285494032461454
7697.4768013547555,0.0019034437136724591,0.0020828719824668896,0.002223654604804079,0.002224812307775001,0.0022515681051123817,0.00227403749077498
7697.499665672274,0.0024562596809118986,0.0020687677742311015,0.0022074731200928724,0.0022084830347579554,0.0022358654140878253,0.0022561894388960996
7697.502123873774,0.0022992840968072414,0.0020675752268374354,0.002205866641070533,0.0022066353923236408,0.0022343089187584625,0.0022544205991142678
7697.527442246436,0.0021120200399309397,0.0020655480001967636,0.0021887014648596186,0.0021901362404815965,0.0022167492142606457,0.002234088852138429
7697.537925970115,0.0019788590725511312,0.0020695279550194596,0.002181606954547709,0.0021830404579858283,0.0022093689297292642,0.0022258498726911023
7697.552756441093,0.0017525943694636226,0.0020783769760732286,0.0021702978225247673,0.002174122396024754,0.002200038448221406,0.002214840524764416
7697.576182918655,0.002319236285984516,0.002092063501384173,0.002153191808126039,0.0021601495272657646,0.002184747490185899,0.002196840801453769
7697.578066426123,0.0020739843603223562,0.0020935324788752467,0.0021518578937405565,0.0021590397792560527,0.00218363230776178,0.002195545176329271
7697.603372169906,0.0019517785403877497,0.0021156456675997326,0.002133212475434991,0.0021459867857717327,0.0021676429493601335,0.002176626490850142
7697.614436469641,0.002159748924896121,0.002123322714597245,0.0021250898630451836,0.00214023563311062,0.0021604837795103212,0.002168106544806463
7697.628673640863,0.0021632059942930937,0.0021310784921848487,0.0021144397084991865,0.0021327232896814455,0.0021509778827180654,0.002157736550254463
7697.652686574814,0.0017081134719774127,0.002141204419030742,0.0020966207154652686,0.0021209584315338755,0.002134476102878205,0.0021392050948191637
7697.653970807424,0.002479405840858817,0.002141707854689384,0.002095649171305357,0.002120296325612083,0.0021336849061590413,0.002138296734596851
7697.679263638044,0.002039204118773341,0.002150194080070683,0.0020784031862736054,0.002107968877899285,0.0021157386303233675,0.0021184004834506713
7697.690933185944,0.002387403976172209,0.0021523147648315906,0.0020718637570616783,0.002102049723965861,0.0021072792517630875,0.0021094840539433507
7697.704552101207,0.0022545033134520054,0.002146988364329641,0.0020632348635203066,0.00209509332705611,0.0020983678730064057,0.0020995912509930094
7697.729176254807,0.0024685205426067114,0.002127958590052029,0.002048373153366764,0.0020818125603277427,0.0020810935357925405,0.0020803092858246008
7697.729836165416,0.0019645297434180975,0.002127356296626732,0.0020479964439070472,0.002081419862234587,0.002080671886709961,0.0020797744184980764
7697.755115799198,0.001877858187071979,0.0021037365571873346,0.0020340103001203268,0.0020673460582384257,0.002062793481363861,0.0020598578379925313
7697.767415733194,0.002568187192082405,0.002094913342906702,0.0020285294183741503,0.0020602446123694886,0.0020536787596909653,0.0020503059910706297
7697.780390971107,0.0023338450118899345,0.0020864391773189567,0.0020237984759511316,0.0020529617457115804,0.002044685535457369,0.002040585851815125
7697.8056515729,0.0023153871297836304,0.0020686870566429425,0.0020167785273906857,0.0020384690250468593,0.0020269039898031926,0.0020214005568345663
7697.805661649705,0.0020206854678690434,0.0020686794199744835,0.0020167764407414794,0.0020384628692788065,0.002026897800184526,0.0020213928426069698
7697.830927803606,0.002313289325684309,0.002046137987486516,0.0020101224562418633,0.002022783060735129,0.0020095101315543247,0.0020029232619365855
7697.843883725764,0.002525209914892912,0.0020356814650559244,0.0020070439685375427,0.002014604438168652,0.002000745798187986,0.0019937974578905352
7697.856189401427,0.0021841188427060843,0.002026888289953912,0.002003598652028326,0.0020066489968092664,0.001993170487947554,0.0019852673330106015
7697.881446411821,0.001948092831298709,0.002008177193375938,0.0019951534360055554,0.001990319465025843,0.0019770814650725177,0.0019671217231602683
7697.88211214361,0.001908252714201808,0.0020076562708357345,0.0019949131038515602,0.0019898615691795523,0.001976702795402835,0.0019666481863418097
7697.9066988034665,0.002058684593066573,0.0019895194399204997,0.001986181729573256,0.001973194571416306,0.0019610697975377856,0.0019489203989185486
7697.920336778293,0.001891781692393124,0.0019799486474977733,0.0019813576144350345,0.0019625921964839823,0.001952059892169009,0.0019396100462105044
7697.931946552824,0.0018638663459569216,0.0019724135104314732,0.0019770853695281394,0.0019546446005034193,0.001944516291797399,0.0019317153073065618
7697.957189673939,0.0011148708872497082,0.001955185773645295,0.001967198279871183,0.0019383530118324778,0.0019279572254377302,0.0019146755663210055
7697.958557581687,0.001275925082154572,0.001954172019018877,0.0019666459331055394,0.0019374362460705906,0.001927111336949465,0.0019137961240842333
7697.982428192169,0.001540532917715609,0.0019362208822443338,0.0019560333439462476,0.001921441597072491,0.0019099869767164766,0.001898122188579283
7697.996774505687,0.0018897574627771974,0.0019256720837066929,0.0019487697505018615,0.001911482931859717,0.0018990561028323406,0.0018891886681126424
7698.007662132856,0.002164809964597225,0.001917794168094851,0.001942766865387069,0.0019047406020955995,0.0018911288768007556,0.001882435926759522
7698.032891521326,0.0019531494472175837,0.0018956522644267674,0.0019292375912231539,0.0018895192938457052,0.001872462347409468,0.0018670665229232743
7698.034987502191,0.0017613639356568456,0.0018941691926735913,0.0019282303952633333,0.001888204389753264,0.0018710488138762324,0.0018658591781626896
7698.058116382876,0.0017033591866493225,0.0018819613750755684,0.0019165816620753575,0.0018745051603495078,0.0018540818575876368,0.0018520889273390502
7698.0731965231325,0.0018327059224247932,0.0018744396259811824,0.0019088345103556806,0.0018657357251938777,0.0018425313727908794,0.0018439505418975201
7698.083336742784,0.0021239931229501963,0.0018677823757550112,0.0019014067839628597,0.0018598244031917878,0.001835245616053379,0.0018385161899368769
7698.108552626313,0.0020121608395129442,0.0018543748692630268,0.0018855599312537822,0.0018455775381911522,0.001816347534329505,0.0018256926686318802
7698.111401520454,0.002108956454321742,0.0018534379099990816,0.001883883321694826,0.0018439404900740053,0.0018143733287313373,0.0018243573435624938
7698.133764058713,0.0019235910149291158,0.0018484098939078298,0.0018698588176774978,0.0018302351273995618,0.0017977327482216199,0.0018136848437459942
7698.149602446121,0.0018646722892299294,0.001844459262657175,0.0018590448096742953,0.0018199206964768235,0.0017857663038064193,0.0018067577205572582
7698.158971065192,0.0021749732550233603,0.001843736062978268,0.0018525604092945256,0.0018138721590561185,0.0017793430915828403,0.0018026222825990113
7698.184173670961,0.001962456852197647,0.0018414529242896732,0.0018332977956694954,0.001797101048988201,0.0017609021953479424,0.0017912237106878746
7698.187799252127,0.0022134806495159864,0.0018414221179951014,0.001830515380581795,0.0017946564944174605,0.001758668748321814,0.0017896196970567078
7698.209371901202,0.0017138365656137466,0.0018433676952129296,0.001813573033155634,0.0017797620258523815,0.0017450886384598509,0.0017795498155655295
7698.2259918904765,0.001744794542901218,0.0018431189706394255,0.001801047631641271,0.0017670512891136032,0.0017338112206718571,0.0017719170587529743
7698.234565781086,0.0016952321166172624,0.0018405813203684902,0.0017941678461996452,0.0017603876541084993,0.001729127174397581,0.0017678033707509363
7698.25975533576,0.001673934399150312,0.0018244798005021675,0.0017739900547549463,0.0017401252772095669,0.0017143020702393903,0.001755026966129394
7698.2641803132055,0.0017121105920523405,0.0018210968198986688,0.0017706656243877679,0.0017363203508395483,0.0017121943432968328,0.0017529324814244925
7698.284940590348,0.0019640731625258923,0.0018085073295396568,0.001752606753654292,0.0017187599242691474,0.0017020348032264422,0.0017423548595726036
7698.302364472361,0.002039126120507717,0.001798453137309578,0.001736695993996179,0.001704612462159593,0.0016929810152524099,0.0017338166657638954
7698.310121569965,0.0017085401341319084,0.0017930730788476687,0.0017300906715482412,0.0016985129514301327,0.00168980238317674,0.0017297106039681285
7698.335298299705,0.0013147462159395218,0.0017701264696239885,0.001707716173422498,0.0016785071035555713,0.001679264370370389,0.0017160810523023189
7698.340544320029,0.001983858412131667,0.0017634886889481695,0.001703237671615825,0.0016741990382512328,0.0016772220235191477,0.001713383916773294
7698.360470804648,0.0016739669954404235,0.001744894364545206,0.0016856533297285935,0.0016577245897997747,0.0016695702003515622,0.0017025233464581923
7698.378719808309,0.0018427667673677206,0.001728853335942972,0.001670772023017839,0.0016431023568154862,0.0016623088387445566,0.0016928007935982483
7698.385639109855,0.0013159906957298517,0.001723765862269522,0.0016653820339404487,0.001637463534171669,0.0016599305107694688,0.0016889847668091747
7698.41080324036,0.0020066476427018642,0.0016984362627204298,0.0016453047073532881,0.0016184602337983576,0.0016505824591949293,0.0016750993198984994
7698.416890889329,0.0016541798831894994,0.0016916293573434448,0.0016406627715107383,0.0016139668007670962,0.0016483883991979672,0.001671967364116152
7698.4359632212,0.0016791009111329913,0.0016722922539937348,0.001625287386064849,0.0015996029106678717,0.0016414623970109669,0.0016612803267735462
7698.455057515232,0.0017346407985314727,0.0016524875479920484,0.0016096601782730736,0.0015863394767725116,0.001634150307960461,0.0016516400592064297
7698.46111907738,0.0017791562713682652,0.0016475523312559407,0.0016051226962606568,0.001581948110020945,0.0016318490548211837,0.001648537461834408
7698.486270833897,0.0019141044467687607,0.0016263604319058306,0.0015832081225612348,0.00156568262084404,0.0016215208327819638,0.001635124573935188
7698.4932196382015,0.0013816016726195812,0.001619679406042359,0.001576535698307245,0.001561429829675952,0.001618482564936666,0.0016318773817092871
7698.511418515723,0.0017540311673656106,0.0016014512114339249,0.0015570833635506715,0.0015505771847814835,0.0016105571363438146,0.0016225092558455547
7698.53137721044,0.0015180000336840749,0.0015807716091110367,0.0015340582068236281,0.0015397639277424482,0.0016010836525660636,0.0016131916756600632
7698.536562147832,0.0017789697740226984,0.0015734574483212335,0.0015285292002098839,0.0015367392098546782,0.001598822716062127,0.0016108742759674683
7698.561701755168,0.0015385419828817248,0.0015359372171445099,0.0015017694030360616,0.0015233719747437882,0.0015874960397196393,0.0015994140346793004
7698.569530184177,0.0016318759880959988,0.0015263772082583147,0.00149382530895248,0.001519672124878154,0.0015836129643480544,0.001596303256649581
7698.586837362661,0.0010160389356315136,0.0015045534590079966,0.001474907099890796,0.0015115799408710656,0.0015754974454378365,0.0015889925876382373
7698.607678511671,0.0018105095950886607,0.0014768847231070345,0.0014527071629750323,0.0015027593186844328,0.0015647019940037191,0.001580389362675149
7698.611968995232,0.0015857107937335968,0.0014710784664079715,0.0014483303843744416,0.0015009570331083152,0.0015625751671189815,0.0015786362049291726
7698.637096677781,0.0016929253470152617,0.0014351499490069702,0.001423014475215917,0.00149190355770887,0.0015502590894819204,0.0015684721226876933
7698.645822145209,0.001222924911417067,0.0014238582826736324,0.001414900238157432,0.0014897823608409785,0.0015458549531573722,0.0015650989157761364
7698.662220435196,0.0013752058148384094,0.0013994574671267197,0.0014001119221285494,0.0014851534435835118,0.0015377913537678429,0.0015584466770039145
7698.6839610371035,0.0015220092609524727,0.001367476631813723,0.0013824641184667723,0.0014797566479987335,0.001527088492896272,0.0015499030373361466
7698.68734029236,0.0008701852639205754,0.0013624054961121443,0.0013798905673521836,0.0014789546806890897,0.0015254591415297997,0.0015486089564378384
7698.712456274135,0.00152781221549958,0.001323308768854016,0.0013628740202585078,0.001472904793690875,0.0015133348485573117,0.0015392020394371581
7698.722095139701,0.0016880775801837444,0.0013099312601024388,0.0013574980526424218,0.0014705735211982152,0.0015086065622775789,0.0015356956396341116
7698.737568405358,0.0009241985972039402,0.0012875879800597486,0.0013492249846046198,0.001466587707589215,0.0015010379750127186,0.001529567771982161
7698.760224406695,0.0012650960125029087,0.0012541751123856732,0.0013398861976021573,0.0014589930337831581,0.0014900441220318044,0.0015207188530049697
7698.762676710871,0.0014588742051273584,0.001250470324002168,0.0013388965818327248,0.0014581106077187044,0.0014888007775751856,0.0015197698566129809
7698.787781214664,0.0009562920313328505,0.0012108422358413373,0.0013299995989532103,0.0014487812540612244,0.0014772418631560792,0.0015099866996789097
7698.798348833886,0.0009324667043983936,0.001195623480506472,0.0013261697819488768,0.0014444749086088787,0.001472338968827381,0.0015063842423066194
7698.812881923795,0.0010960395447909832,0.0011795520642311388,0.0013213884173918227,0.0014388365965866791,0.0014657031246242346,0.0015011704916963883
7698.836468466931,0.0010311937658116221,0.0011546543842570008,0.0013171144209102729,0.001429020960924839,0.0014550600945064493,0.0014930340720635048
7698.8379788293705,0.001296317670494318,0.001153299149247539,0.0013169008629135446,0.0014283929402709359,0.00145435001096922,0.001492505464808579
7698.863071921893,0.0011380532523617148,0.0011287822082552668,0.0013139919044989898,0.0014170550180101658,0.00144357488054116,0.0014836196449303364
7698.874583354357,0.0012889234349131584,0.0011181630608590903,0.0013128635171903143,0.0014116881934057091,0.0014386506724219132,0.001479972527157003
7698.888161191865,0.0008623538888059556,0.0011113265120227757,0.001312391187604511,0.001405585287944216,0.001433572677764079,0.0014755988608845807
7698.912693544647,0.0009545466746203601,0.0011029255131525478,0.001314101196523008,0.0013956484146690218,0.0014247763573296685,0.0014679583534954995
7698.913246629797,0.0014442868996411562,0.0011028285102796065,0.0013141205066368167,0.0013954317822149128,0.0014245640322367286,0.0014677885962674964
7698.938328226207,0.0008545226883143187,0.001103680161078815,0.0013158216966239957,0.001385458165780778,0.0014162387323583762,0.001460346708915882
7698.950799086254,0.0010838230373337865,0.001104933287816049,0.0013170845740486793,0.0013806358003418458,0.001412468617910004,0.0014570054260126556
7698.96340597161,0.001074733561836183,0.0011107254134554063,0.001318334474033464,0.001375759341562914,0.001408931046396441,0.0014536707919873904
7698.9884798565445,0.0007338856812566519,0.0011260159176605395,0.0013203450759280407,0.0013677928961251028,0.0014022225522243566,0.001447038692592959
7698.98890002762,0.0010476786410436034,0.0011263933004200324,0.0013203902463985637,0.0013676593438057489,0.0014020823748332866,0.0014469000761609722
7699.013549871524,0.0007940639625303447,0.0011533512407443307,0.0013225731525234328,0.0013594044294097606,0.0013942737591795967,0.0014411849083451928
7699.026996417138,0.0007813132251612842,0.0011679927626971549,0.0013235103479645404,0.0013546979243135126,0.0013899597601568173,0.0014385025484970376
7699.038616007095,0.0009569148533046246,0.0011866205375339275,0.0013247349697465805,0.0013506853482588969,0.0013864906717165715,0.0014360544507421409
7699.063678253794,0.0012425020104274154,0.0012256319470409546,0.0013261292543687146,0.0013431300274431076,0.001379303451858662,0.001430995394828269
7699.065088303193,0.001259014243260026,0.001227476092538792,0.001326274820330873,0.0013427188276183002,0.0013789732279164309,0.0014306529775359423
7699.088736602172,0.0009743040427565575,0.0012637166759310726,0.0013269205790921359,0.001335261973020611,0.0013728838379967081,0.0014264106995661352
7699.103175734128,0.0013054200680926442,0.0012859157764153343,0.0013276171556243022,0.001331082898671004,0.001368942083092132,0.0014239960335275536
7699.11379104277,0.0010890028206631541,0.0013043284226438021,0.0013270732689883253,0.0013278190378622652,0.0013662235331985365,0.0014222731284682358
7699.138841566147,0.0013499525375664234,0.0013492309967061107,0.0013260873967120502,0.0013213777089954503,0.0013598089073763005,0.0014187438183616288
7699.141258758268,0.0013637461233884096,0.001353581395665393,0.0013261695638353865,0.001320807750009534,0.0013594430606858657,0.0014183743783360546
7699.163888162869,0.001444597146473825,0.0013974751309014475,0.0013270399527531957,0.0013153637646703877,0.0013554509284258195,0.0014162636798729202
7699.179337423916,0.001625903183594346,0.0014266254845001546,0.001327872882363764,0.0013116446042752757,0.0013526715782723286,0.001414981030425709
7699.188930823502,0.00133125192951411,0.0014457193158011507,0.0013285710390763441,0.0013092748431076222,0.001351182557992914,0.001414370422899477
7699.213969538614,0.0018703622044995427,0.0014921990307288813,0.0013301561872885532,0.001305596958124557,0.0013476951723730775,0.0014132138859002164
7699.217411779341,0.0017297310987487435,0.0014977128972705083,0.0013302910262894666,0.001305117022421598,0.0013473506475960813,0.0014130185292521628
7699.239004298783,0.0015102943871170282,0.0015282992624746923,0.0013310281889181235,0.001302017652134388,0.001345921422969418,0.0014134741453936362
7699.2554818727895,0.0018689722055569291,0.0015503213152257597,0.00133244931607597,0.0012995775284951848,0.0013447608764861273,0.0014136301794754277
7699.26403509459,0.0017471794271841645,0.0015581153957747187,0.0013327667628060822,0.0012984497899538997,0.0013447126613193464,0.001413633990436678
7699.2890619166255,0.0018873160006478429,0.001575960554667192,0.0013334711561454142,0.001296792859528877,0.0013438210129460488,0.0014134797862150556
7699.293547752483,0.0017737263115122914,0.001577774378290155,0.0013338220517195587,0.0012966784537845936,0.0013437193138394244,0.001413330897142957
7699.3140847554805,0.0012918590800836682,0.001576370574167884,0.001336674594935333,0.0012958381851441835,0.001343645890234225,0.0014142723221774174
7699.3316094666425,0.0017514385981485248,0.0015745921040165188,0.0013365207354757067,0.0012960606813233043,0.001343612308873871,0.001414881017090757
7699.339103601759,0.0018458317499607801,0.0015689219119964712,0.0013362991312459705,0.0012960593799627776,0.0013437652612208594,0.0014151272709106621
7699.364118446055,0.0017848943825811148,0.0015482735344335636,0.0013353740494497484,0.0012971838579613412,0.0013444193895867603,0.0014166258186940283
7699.369667063428,0.0017417364288121462,0.0015431525172542907,0.001335179401505361,0.001297400250249053,0.0013445005526773737,0.0014167953127621725
7699.3891292789895,0.0015775645151734352,0.0015179397886935966,0.0013345508979466462,0.0012979033489159135,0.0013457422332877485,0.0014184980578389405
7699.407720591009,0.0020963181741535664,0.0014936929122592337,0.0013346423866498571,0.0013000173470838834,0.0013468618959766537,0.0014201188350531197
7699.414136091172,0.0017024980625137687,0.0014839623158175354,0.001334342375483394,0.0013009316970804844,0.0013476731891904664,0.0014207244171077422
7699.439138873221,0.0018049048958346248,0.0014440327651913754,0.0013337299344840957,0.001305169947045005,0.001349727815269289,0.00142355453249081
7699.445770097522,0.001551157678477466,0.0014342807615060037,0.0013336442348376876,0.001306584279002722,0.0013505772140708805,0.001424157143416542
7699.46413761577,0.0012352390913292766,0.0014028977649753324,0.0013348556493697284,0.0013100545046388335,0.00135333812254309,0.001426659647897873
7699.48381563108,0.0014150497736409307,0.001369628724190181,0.0013355551545928934,0.001314552266245481,0.0013563947108450672,0.0014294196012262944
7699.48913230944,0.001082437695004046,0.0013617742509948818,0.001335582107047735,0.001315696919977329,0.0013577593700389522,0.0014302417837273754
7699.514122944881,0.0012636254541575909,0.0013169252879344905,0.0013347460109046645,0.0013225143972233368,0.0013634645515084472,0.0014346974867993957
7699.521857239785,0.0011487525189295411,0.001303628530714667,0.0013340161939664095,0.001325202148605998,0.0013655016805315817,0.0014359698594599275
7699.539109512735,0.001077942899428308,0.0012761646207824161,0.0013334817270425914,0.0013303108163138335,0.0013699976417403193,0.0014390356296085113
7699.559894971714,0.0010449254186823964,0.0012450004328447217,0.001331863753899383,0.001337419852163605,0.0013758276035704408,0.0014428169066248002
7699.564092003647,0.001009642262943089,0.0012405815354027741,0.0013311708597365734,0.0013387514322480694,0.0013772433010329425,0.0014435578266286523
7699.589070408273,0.0007098210044205189,0.0012048966125892077,0.001327755750746757,0.0013473877798127244,0.001385367570179997,0.0014488232354361345
7699.597928874919,0.0010898777982220054,0.0011918426181967393,0.001326454888075512,0.0013501340715245664,0.0013883152660911096,0.0014506770754285393
7699.614044717274,0.0006990283727645874,0.0011728588182989498,0.0013236630212890615,0.0013549898535775255,0.0013945636769515668,0.001455247995852844
7699.635958997455,0.0010258406400680542,0.0011469449985841533,0.0013200928480686398,0.0013621200301786557,0.0014022484015561434,0.0014611593421793767
7699.639014921326,0.0011390510480850935,0.0011441412744481122,0.0013194033282175964,0.0013630574303576115,0.0014034858160198445,0.0014619592797014544
7699.663981012863,0.0011369481217116117,0.0011229209678107377,0.0013151981989405672,0.0013718553878173927,0.0014133952114140376,0.0014691723042829586
7699.673985387336,0.001174842705950141,0.001116486868588715,0.001313598980082711,0.0013755557885969361,0.001417674327603171,0.0014721482828820916
7699.688942989299,0.001144082983955741,0.0011143867132858548,0.0013115248619594594,0.001380645117301731,0.0014242058695754943,0.0014771132229927891
7699.712008092572,0.0013067215913906693,0.0011151311012350198,0.0013095346344759043,0.001390128314517016,0.0014340787577121778,0.0014847716808377926
7699.713900848911,0.0010420425096526742,0.0011160396885452188,0.0013092940533626749,0.0013908114030488773,0.0014349861888954209,0.001485385398374328
7699.738854589968,0.0013065057573840022,0.0011307654883341949,0.0013079626286025229,0.0014005631906015717,0.001445645119199867,0.0014942357943622266
7699.750027161155,0.0009742879774421453,0.001137756552100951,0.0013083615787144443,0.0014067605639388912,0.0014504835507117542,0.0014982688800529809
7699.763804210748,0.000967202999163419,0.001145903752902301,0.0013085327850147583,0.0014132511183199883,0.0014572643311272528,0.0015036785462108702
7699.788042641053,0.0008214797708205879,0.0011633400303007453,0.0013123667280807438,0.001424764899708886,0.0014683196206740838,0.0015129210816828501
7699.788749709524,0.0013580609811469913,0.0011639545327135881,0.001312488676047632,0.0014250508173017159,0.0014686402915708332,0.0015131811222537392
7699.813691084576,0.001595726702362299,0.0011905068129717312,0.0013169815788916265,0.0014357569428347574,0.0014803107368315932,0.0015227349300072869
7699.82605458024,0.001071155071258545,0.001203604166748308,0.0013212224421414274,0.001442106826140999,0.0014865429814850128,0.0015273912418520318
7699.83862833418,0.0008040607208386064,0.0012181812096582277,0.001325117391958311,0.0014475241050071045,0.0014927972720547677,0.0015324530488075062
7699.863561456616,0.001014750567264855,0.0012459457904433451,0.0013323951576018891,0.0014585402297994342,0.0015052646275928105,0.0015429562262365508
7699.864063026648,0.001261842786334455,0.00124644180026966,0.0013325583436576808,0.0014588374035058409,0.0015056002373963733,0.001543163989623316
7699.888490450161,0.0011465710122138262,0.001271633446065732,0.0013412971677998332,0.0014694703236883676,0.001518461331294339,0.0015542524625477665
7699.902068028223,0.0014954409562051296,0.0012836679775861267,0.0013479942433302894,0.0014758922064898638,0.0015256668299269004,0.001560200768994352
7699.913415313104,0.0012037355918437243,0.0012953405189869533,0.001353488815364312,0.001480575945506319,0.001532052466928798,0.0015655092537505307
7699.938336043718,0.0015101076569408178,0.001324912212576348,0.0013678731468470245,0.0014917568848376753,0.0015455581192203739,0.0015772586331929737
7699.940069632869,0.0011109670158475637,0.0013268707109210162,0.0013689730259029249,0.0014926374425423866,0.0015468123834850188,0.0015780429184059747
7699.9632526402975,0.001761613879352808,0.0013559684407551341,0.0013863551999957846,0.0015024111874771674,0.0015602527315915625,0.001589715333062684
7699.978067888504,0.0015367494197562337,0.0013740695141189567,0.0013998450123959092,0.0015087527512582955,0.001568852825731116,0.0015972062012233929
7699.988165101115,0.0013588268775492907,0.0013892352056541384,0.0014085566607594674,0.0015125732206523993,0.0015749112363860702,0.001602174315446836
7700.013073424468,0.0009961614850908518,0.0014272278253520813,0.0014353417398144332,0.0015244712828809078,0.0015892962159292428,0.0016151131881770111
7700.016062843014,0.00128497916739434,0.0014313353375048881,0.0014383494923122053,0.0015260413400466923,0.0015916104212678522,0.0016166354040906268
7700.037977608634,0.0016550639411434531,0.001465806214725176,0.0014635170417565105,0.0015360544417642233,0.001603919708512592,0.001628934105050167
7700.054054544292,0.0016618188237771392,0.0014896751064223815,0.0014820929562660982,0.0015436691133109718,0.0016129216478623237,0.0016379471666075197
7700.062877651906,0.001463519292883575,0.001499347291297562,0.0014916119824303587,0.0015477239355707476,0.0016175318807928889,0.0016429913625193328
7700.087773552575,0.0015005237655714154,0.0015388696339411372,0.0015228896689005358,0.0015618242186451136,0.0016295940914106564,0.001657505075866401
7700.092043024525,0.0015167745295912027,0.0015454664763444074,0.0015278027198490829,0.0015643022051042984,0.0016320092925075334,0.001659781769883834
7700.112665308921,0.0013530808500945568,0.0015714730746394087,0.0015533291412872837,0.0015754817126779055,0.0016424678782396827,0.0016718975630119464
7700.13002825844,0.0016866856021806598,0.001590391049371874,0.0015747110540036784,0.0015870981155545055,0.0016515853438945534,0.0016818579072675223
7700.13755291925,0.0013739117421209812,0.0015967257214714906,0.00158278405095154,0.001592025002814234,0.0016556855059651745,0.0016860344581674284
7700.162436381849,0.0014908099547028542,0.0016221548763096644,0.0016118174223490964,0.0016095968273306927,0.0016680779013691048,0.001700271671472301
7700.168010207585,0.0020182046573609114,0.0016275736659825482,0.0016176793837729604,0.0016137169425407152,0.0016712297245173153,0.0017034173688060177
7700.187315695008,0.0017560336273163557,0.0016449899787759376,0.0016405644695379237,0.001627363310749089,0.0016809563236449946,0.0017147796433253238
7700.20598883353,0.0017291305121034384,0.0016617330477146394,0.0016617002220717814,0.0016431307289392141,0.0016905329099630717,0.0017259210448204937
7700.21219085702,0.0016341250156983733,0.001666803053479162,0.001668103579070695,0.0016485255726559303,0.0016938696085882579,0.0017295119860729917
7700.237061866189,0.002014175523072481,0.0016928176742543623,0.0016948727980285797,0.0016710900881750726,0.001706531721469401,0.0017448699488367444
7700.243964097854,0.0017299295868724585,0.0017003252658239361,0.0017016063874313277,0.001677436151166315,0.0017101195723567752,0.0017488905582681348
7700.261928720807,0.0016670330660417676,0.0017258847552476151,0.001721575050016806,0.0016941166176860575,0.001720253710954669,0.0017595380205639017
7700.281935962134,0.0020076383370906115,0.0017551782443111857,0.001743367602509708,0.0017129723673156244,0.0017316508209693528,0.0017714278319756079
7700.286791419174,0.0019342749146744609,0.0017611258471118062,0.0017479592155642124,0.0017177660279635478,0.0017345430622668027,0.0017741314985686805
7700.311649959586,0.0013665526639670134,0.0017907279374138967,0.0017712361067652941,0.0017407103103676967,0.0017493547014920954,0.0017894282069995358
7700.319904387975,0.002020409097895026,0.0018008888962443815,0.001778178417668766,0.0017479035664966255,0.0017545704236046295,0.0017941957109740385
7700.336504340349,0.0019763559103012085,0.0018234384650544354,0.0017935630587057507,0.0017630113238817522,0.0017654417004000235,0.0018038556042004445
7700.357869336967,0.0017014233162626624,0.0018519854142387204,0.0018149032332897973,0.0017813481779093948,0.0017793988687198478,0.0018161000219131967
7700.361354559759,0.0012671214062720537,0.0018558858531681273,0.001817716159215134,0.0017850635329078586,0.0017817196617453076,0.0018179516418492254
7700.386200616122,0.0015930336667224765,0.0018871353391789493,0.001841853052106997,0.001807472267029455,0.0017979422153511081,0.0018332618407664474
7700.395830770739,0.0018788969609886408,0.0018990266683838672,0.0018506085957983103,0.00181588922875289,0.0018043348341120204,0.0018391423164721037
7700.411042507741,0.0019074478186666965,0.0019141284502064988,0.0018646718661015271,0.0018295396796935534,0.001814736779499159,0.0018484630495334575
7700.43378865091,0.001828964683227241,0.0019368496843572564,0.001885186210748212,0.0018486700312748444,0.0018304165941416214,0.00186213125519305
7700.4358802329225,0.0016854665009304881,0.0019389206427176205,0.0018868191791618942,0.0018506458660221532,0.0018318861777692778,0.0018632873509974318
7700.460713789967,0.002069281879812479,0.00196344398069909,0.0019100745801884434,0.0018716557402631017,0.001850285875209028,0.0018788091409347699
7700.471742939127,0.0020330436527729034,0.001973861928196734,0.001919914368762913,0.001880945366227003,0.001858738462411051,0.0018855557608564257
7700.485543177184,0.0019666056614369154,0.001982375438794789,0.0019322484717283926,0.001893261545454416,0.00187008719379744,0.0018941935202468918
7700.50969359703,0.0022631133906543255,0.0019994203735311995,0.0019548221425993535,0.0019134875234902067,0.0018894579754856586,0.001908965787542379
7700.510368393187,0.002503406722098589,0.0019999109752461986,0.001955382865379776,0.0019140921262640173,0.0018900336092156067,0.0019093613682082584
7700.535189439429,0.0024000511039048433,0.0020171655834091825,0.0019793277121455924,0.0019357999972323006,0.001909710402932286,0.001925547544402832
7700.5476405862855,0.0017798327608034015,0.002025577358633679,0.001988890069494086,0.001946603253085596,0.0019201540307459744,0.00193362858038756
7700.560006318951,0.0020745398942381144,0.002030324964546797,0.001998299023182753,0.001958207721671781,0.0019304794665276016,0.0019416082519895404
7700.584819034816,0.002317549893632531,0.0020416857670339404,0.002015502637347746,0.001979025722487391,0.0019511803546207632,0.0019573808698201763
7700.585583868566,0.0023300021421164274,0.002042006936992436,0.0020159785027943403,0.0019796817777603605,0.0019518732990413531,0.0019579388758481377
7700.609627590066,0.0018686044495552778,0.0020560113202036513,0.002031642569858895,0.0020007597024924045,0.001971701390634016,0.0019739252996352954
7700.623523405567,0.0021385117433965206,0.0020651173053485273,0.0020407812147850944,0.0020121812309407895,0.0019839758043288087,0.001982700003334602
7700.634431987765,0.002251602942124009,0.0020710086433105754,0.002047777507830999,0.002021986158311519,0.0019932842170634615,0.0019895843110291243
7700.659232230959,0.0021224115043878555,0.0020866337289247926,0.0020648426604190817,0.002040929127306729,0.002014276973928217,0.0020055307091654535
7700.661459158981,0.0020456535276025534,0.0020876722823251477,0.0020660906109121065,0.002042527438591024,0.00201633434160481,0.0020070461242617603
7700.6840283226975,0.0022652125917375088,0.002097947316656929,0.002079743261046352,0.0020592699883289016,0.002035279492611373,0.0020221967137116514
7700.699391090531,0.0020695398561656475,0.002104031247913376,0.0020886170588549063,0.0020705801241511085,0.0020487158990690098,0.0020325621259111417
7700.708820266023,0.0019199546659365296,0.0021076360313426546,0.002093868683727581,0.002078350305387064,0.0020567549363771243,0.002039239930311211
7700.7336080639825,0.0019857382867485285,0.002121993038947153,0.0021094521162808404,0.002096751353082265,0.002077296995009688,0.00205718707289778
7700.737319161941,0.0016937273321673274,0.002123773455459639,0.002111396392571709,0.0020995953163648056,0.0020807109006450025,0.002059912796164181
7700.7583917196225,0.0022378284484148026,0.002132473330488643,0.0021239303079378835,0.0021154633432017783,0.002098409426447893,0.0020761912720550753
7700.775243334961,0.0020150623749941587,0.002138443509933421,0.0021349738278883313,0.00212760869731398,0.002113111270989854,0.0020890575256334158
7700.783171235974,0.0020833017770200968,0.0021437509946861293,0.002139613347328488,0.002133914418682088,0.0021199420468500205,0.002095312161228891
7700.8079466160825,0.0016089996788650751,0.002160868016234194,0.002156400508520192,0.002151087023484686,0.0021402542078428357,0.002115012337928322
7700.813163571342,0.0017314876895397902,0.002163492353808969,0.002159705284088276,0.0021547769246850774,0.0021448552835740867,0.0021189383496015993
7700.832717862982,0.0022635296918451786,0.002168386902555506,0.002174801460166452,0.0021684509198980004,0.0021601492540137017,0.00213445008798554
7700.851079832868,0.0023965188302099705,0.0021713600167844738,0.002187846839386021,0.002181191361742711,0.002174776680760783,0.0021490307092088476
7700.857484979706,0.001909190439619124,0.0021726899828950043,0.0021920513316900626,0.0021859725530928064,0.0021799723639103112,0.0021540049584010536
7700.88224796929,0.0023501247633248568,0.0021825671451061145,0.0022110306665581985,0.0022036512586783375,0.0021980724073239733,0.0021733704120659495
7700.888992081322,0.0025941042695194483,0.0021850782773520827,0.0022150673892740295,0.0022086300733175075,0.0022031408012912,0.002178234810972635
7700.907006834758,0.0024948588106781244,0.0021962083176359838,0.00222615746248434,0.0022216332661347724,0.0022156459303642757,0.0021921529974313803
7700.926900278511,0.002142414916306734,0.0022082998423163342,0.002236925110924657,0.0022360982534618224,0.002229691197151887,0.0022069836826695164
7700.931761579145,0.002194780157878995,0.0022106466729641507,0.002239217613401748,0.002239905896263957,0.002233156055780373,0.0022107498021421636
7700.956512205477,0.002311746357008815,0.0022278402597431255,0.0022531927506303775,0.0022577976538641397,0.0022497164863525556,0.002229481138076899
7700.964804386265,0.002842557616531849,0.002233551940236702,0.002257538873393389,0.002263974896705572,0.0022557194822476856,0.0022357232335168445
7700.981258716772,0.002540507121011615,0.0022461844013590333,0.0022660372926710196,0.0022759898090981496,0.00226716594803574,0.0022487766645911955
7701.002704366416,0.002255004597827792,0.002262478857137512,0.0022786529769656823,0.002291610408577016,0.0022823267621668083,0.002265434666751711
7701.0060011160585,0.0022149530705064535,0.0022640878477875556,0.0022802248531944348,0.0022940894854711685,0.00228489170521944,0.0022681069079773224
7701.030739406354,0.0025516615714877844,0.002281482239894855,0.0022920313594721312,0.0023124268213524277,0.002301863144165888,0.002287321505984671
7701.040600180826,0.002342395018786192,0.002289366405733657,0.0022970389194898345,0.002319757436465318,0.0023099149406739018,0.0022949623215112527
7701.055473590677,0.0020121296402066946,0.002302354363013381,0.0023046471242264737,0.0023307350099314277,0.0023203000478714485,0.0023065850353406543
7701.078491791366,0.002069594105705619,0.0023231613950310294,0.002319453752560844,0.0023472459348450416,0.0023362188328876323,0.0023242899758745034
7701.080203672047,0.0016683852300047874,0.002324038950081213,0.00232036168595342,0.0023485340145644497,0.0023374481108921013,0.002325605114435691
7701.104929653479,0.001805799314752221,0.0023399640278970626,0.002335452287552884,0.002365449817747249,0.0023543073295272205,0.0023441676730932438
7701.116379159929,0.0022478618193417788,0.0023474033145435796,0.0023427590666631995,0.0023732830575039256,0.002362621731240686,0.002352706953709051
7701.12965153798,0.0025989869609475136,0.0023548040644262467,0.0023511555605051403,0.0023824077408422925,0.0023713214848162453,0.002362816972741452
7701.1542622484285,0.0021673892624676228,0.002366070482056403,0.0023699361856539644,0.002396632817135957,0.0023874795102261552,0.002380857505791391
7701.154369328567,0.002810815814882517,0.0023661224905161815,0.0023700091689315347,0.0023966983519548807,0.0023875521638604394,0.0023809313022809236
7701.179083028243,0.0020927656441926956,0.002377812296412781,0.0023908194390984067,0.0024106009125409956,0.002403213282333809,0.0023990631788869065
7701.1921410188015,0.002564439084380865,0.0023844258023863565,0.002401557366676851,0.0024178182296212642,0.002412077000782272,0.0024083044929143396
7701.20379264002,0.0021552855614572763,0.0023895594009496904,0.002410831524762616,0.0024246324495994075,0.002419268749584552,0.0024171075434375675
7701.228498166895,0.0025922879576683044,0.0024036411637918267,0.002434054746093467,0.0024381993822876705,0.0024358325728938307,0.002434897542329679
7701.23001543298,0.0023455333430320024,0.0024047647479691794,0.0024352758975383785,0.0024390825688876596,0.0024368871498207617,0.002435901700755509
7701.2531996118805,0.0023409815039485693,0.0024265453625427493,0.0024568563830751834,0.002451798091314229,0.0024528783913989553,0.002452161342070763
7701.267885452946,0.002291387412697077,0.0024413038720902448,0.002468895900588801,0.0024608189024372955,0.0024632361803580472,0.0024623044108838727
7701.277896977978,0.002898246282711625,0.0024486891832488917,0.0024769173650657133,0.0024664197680285796,0.002469982859082893,0.002469763237983174
7701.3025902681775,0.0024604802019894123,0.002469588136855331,0.0024993924907761593,0.002481648998851262,0.0024868118458316987,0.002487351010631689
7701.305751040686,0.0027817084919661283,0.0024724075393911834,0.0025018822461093417,0.00248375496876576,0.0024889291889843286,0.002489352798147081
7701.327279485486,0.0027219883631914854,0.0024960331183417114,0.0025216239450190523,0.002497651343517511,0.0025038855970503132,0.002504487157274111
7701.343612158207,0.002759090857580304,0.0025142647513536477,0.002531730462044054,0.0025080569394921315,0.0025158204108228378,0.0025155160894704052
7701.351964632765,0.002430484164506197,0.0025202499624433724,0.002536929561946066,0.0025135838506900464,0.0025214414283267553,0.0025218764828238544
7701.376645704426,0.0025690735783427954,0.0025387079881827247,0.002553098802067738,0.002529512440968263,0.0025379636280867704,0.002539470113080137
7701.381468769993,0.002597006969153881,0.002540446258031595,0.0025553543085038814,0.0025328800728264852,0.002541374455832009,0.002542634987031445
7701.401322681617,0.0023177603725343943,0.0025557171684299617,0.0025644257724750413,0.0025448853393991886,0.002554592155773663,0.00255694184929438
7701.419320872704,0.002277798019349575,0.002571208681433785,0.0025723192680761424,0.0025565061308329765,0.002567082362670247,0.0025694187211300658
7701.425995544332,0.002373951254412532,0.002577107177869832,0.002575426324450081,0.002560790425342683,0.002571506421606803,0.002574684271305924
7701.450664272561,0.0023174502421170473,0.002606285997666253,0.0025887414847330435,0.002576808819993271,0.002587385307651953,0.002592064378210563
7701.457168485759,0.002903157379478216,0.002612530353739601,0.00259177111285192,0.0025811489031126616,0.002592004511550937,0.002596484078329586
7701.475328846325,0.0028241523541510105,0.0026326801343705126,0.002600501954105046,0.0025938852724679013,0.002603851572158483,0.002609675088821878
7701.495011629041,0.002526408527046442,0.002651226251090597,0.002611931276993259,0.0026087263665386853,0.002616644253892293,0.0026237857527245667
7701.499989245643,0.0029159681871533394,0.0026550128737576955,0.0026147501232478424,0.002612621115109359,0.002619901040811767,0.0026275071365602877
7701.52464545056,0.002238290151581168,0.002681513808241972,0.0026329664166282385,0.002630873096332008,0.0026348011494155294,0.0026444879375395226
7701.532850322416,0.002575942315161228,0.0026871119121628225,0.0026381273328112635,0.002636747872424081,0.002640294757372087,0.002650068179086788
7701.549297441123,0.0023583765141665936,0.002702824890165951,0.002649006755256131,0.002649043607880167,0.002650514887022688,0.002661088737909249
7701.570684585738,0.002669470850378275,0.002722988467922806,0.0026677916479522783,0.0026645916400811907,0.0026647677694189667,0.002675067447631136
7701.573945197405,0.002922995015978813,0.002725855995768014,0.0026701070617389765,0.0026670893689050186,0.002667034513582225,0.002677164830638534
7701.598588699487,0.0026003646198660135,0.0027442338662466937,0.002690193922217017,0.0026848265363403987,0.002683033120151775,0.002692974661694166
7701.608514438851,0.0028653328772634268,0.0027522540839854327,0.0026968124915782935,0.0026914775861325347,0.0026901867848301724,0.0026992104850976626
7701.623227927453,0.002467502374202013,0.002762177432914453,0.0027068515654322125,0.0027011521752550944,0.0027000652336938405,0.002708955279671124
7701.646339901601,0.002882166299968958,0.0027741958699640285,0.002719993489916674,0.0027158145789386314,0.002716755058550303,0.002724243094257505
7701.647862861421,0.0032883621752262115,0.002774763421429598,0.0027207608194758665,0.0027167439951754978,0.002717818762295171,0.0027252230785385265
7701.672493481514,0.0029109090100973845,0.0027796420065615023,0.002734497739340356,0.0027326028687673734,0.0027350140270148682,0.0027409110936916165
7701.684160993808,0.0033470659982413054,0.0027825342114853003,0.0027405611969936977,0.002740431598109611,0.0027443139549317114,0.002748171919627468
7701.697119767865,0.002744911704212427,0.0027817345126599125,0.0027477263021875977,0.0027496097669684545,0.0027538499745833832,0.0027562965444479825
7701.721741700632,0.0030616598669439554,0.0027801814675896706,0.002762171631165729,0.002766444907400564,0.002772094692642977,0.002771202579553291
7701.721977735282,0.002990823471918702,0.0027801549769460396,0.0027622799295281613,0.002766604101783549,0.0027722686797364174,0.002771325240056266
7701.746359259975,0.002546940930187702,0.0027823829304297327,0.0027787131700107914,0.0027830358463124087,0.002791019820928839,0.002784571842541924
7701.759790145838,0.0033783845137804747,0.0027844540150350444,0.0027882833539325177,0.0027923878623463457,0.0028018125255060097,0.0027918198378920293
7701.770972426087,0.0026757903397083282,0.002790337448479543,0.002795695360498442,0.002800315138237531,0.0028102531869410585,0.002797780305902514
7701.795581179159,0.0031585039105266333,0.0028015502806136897,0.002811704024929344,0.0028177156326735877,0.0028274231812620435,0.0028106255273049963
7701.79759824527,0.002823551883921027,0.0028018705030366108,0.0028129901499133634,0.0028191269201340275,0.0028288152764796106,0.0028117138333754836
7701.820185499402,0.0028351875953376293,0.0028127057609407366,0.0028285467925251774,0.002835316042426237,0.0028439165103479247,0.0028236494328234977
7701.8354020533525,0.0027075656689703465,0.0028174478740106835,0.002839336091164426,0.0028471955016220584,0.0028543188289226126,0.0028319355851752015
7701.844785367045,0.0023269448429346085,0.002820400565729355,0.0028455623574263887,0.0028542757119973876,0.0028602889540540674,0.0028370704144872394
7701.869380762338,0.0027282731607556343,0.002829007777738577,0.0028641424601624868,0.0028726539644291435,0.002875070045151248,0.0028496663881457935
7701.873201589871,0.002723674289882183,0.002830055714246742,0.0028666824019449636,0.0028754709692967594,0.002877557243244438,0.0028515418596664903
7701.893971665532,0.002041294937953353,0.0028333426632079248,0.002881489125495683,0.002890318556529523,0.0028902943296330538,0.0028618128389803306
7701.910996874587,0.00232175481505692,0.002831484412057397,0.002892626038655671,0.0029024838916355497,0.0029007864759635115,0.0028705223352464364
7701.918558056908,0.0024915121030062437,0.0028314446132259837,0.0028977800836990884,0.002907821396206857,0.0029052800608827434,0.0028745272056369757
7701.94313991676,0.002856513485312462,0.00283504309912388,0.0029166435945056136,0.002926396618383022,0.0029204614693660257,0.002887297078786977
7701.948787927261,0.00269787828437984,0.002836708652771732,0.002920389613610314,0.002930819145325042,0.0029239642247531313,0.0028904232468088173
7701.96771722539,0.00275416043587029,0.002845752175028739,0.0029331972066586258,0.002944937422380608,0.0029353771887144354,0.0029009274497179115
7701.986574767637,0.002870372962206602,0.0028570010256828123,0.0029454584988950687,0.0029594571034866064,0.0029458073179250395,0.0029117389989411725
7701.992289963132,0.003176462836563587,0.0028618423679085316,0.002949019346609493,0.0029637628427123855,0.002948810396490208,0.002915088874069866
7702.016858110318,0.0029680472798645496,0.0028903319777936554,0.0029659873405344967,0.0029824331745574575,0.002961708162946901,0.002928890274209538
7702.024357415449,0.003532834118232131,0.002899576901765708,0.0029706922885126322,0.0029881784917318976,0.0029655620034660466,0.002933451419220845
7702.0414216473055,0.002623914973810315,0.0029219203399266903,0.0029824671584414344,0.002999922386627579,0.0029746032440739778,0.002943106035915897
7702.062135890429,0.0032558967359364033,0.002950104037529448,0.0029959326703874983,0.0030126549464217804,0.002985631654487411,0.0029555785065365483
7702.065980554483,0.0035065985284745693,0.002955744127327731,0.002998251323151915,0.0030150041800484553,0.0029876881640552087,0.0029579752454683673
7702.090534812223,0.0027659768238663673,0.002994730277786428,0.003013755220768581,0.0030297347387059563,0.00300060698714462,0.0029726601013904995
7702.099910212294,0.0031295197550207376,0.0030104597238904567,0.003019390017768615,0.003035178424410156,0.0030056316879496655,0.002978470720656079
7702.115084400951,0.003004196099936962,0.0030342796264208514,0.0030286138544670287,0.0030439488233327244,0.003013690710659832,0.002987417161800406
7702.137680400758,0.002823274116963148,0.003066707851219844,0.003044270022935262,0.0030579202416537096,0.0030238066950357564,0.003000950687206372
7702.1396293010885,0.0028978250920772552,0.003069182516297046,0.00304529217635175,0.0030590977289196904,0.0030245731452278957,0.0030021601286407394
7702.164169493076,0.0025179230142384768,0.0031002849049696756,0.0030619096662538713,0.003074176531525683,0.003034355347533935,0.0030167055542418956
7702.175446475513,0.003399568609893322,0.0031126775916832,0.00307000766416361,0.003081332054022925,0.0030394871095916023,0.003023710824614785
7702.188704957379,0.0026641101576387882,0.003124173587546906,0.0030788310299369958,0.0030897470598201526,0.003045456192459476,0.0030319526704884322
7702.213208456252,0.0032230736687779427,0.003144339911212373,0.003100177681323392,0.003103821941355806,0.0030567125416494216,0.0030473180003491355
7702.213235681382,0.0030434592626988888,0.003144355965779137,0.003100198234629471,0.0031038366343964724,0.003056727994656151,0.003047335312869944
7702.237761686387,0.0036085916217416525,0.003161401115576155,0.003121155932873281,0.0031161320929001886,0.003068689519550263,0.0030621283490873917
7702.250966362663,0.003536025295034051,0.0031688282479462202,0.0031341923210626062,0.0031218730657657304,0.0030752516397330645,0.0030702902607163732
7702.262283004064,0.003584743943065405,0.003174765009075629,0.0031447502978211193,0.003126711702896542,0.0030809088341506017,0.0030771996804157347
7702.286799666058,0.0031356753315776587,0.003185014470631093,0.0031680418036359316,0.0031364755823780673,0.0030928590740851593,0.0030928266828133405
7702.28872021442,0.00319189322181046,0.0031860099204275203,0.0031695316173233653,0.003137257508693734,0.003093852440499197,0.003094197381679094
7702.311311703998,0.003504060907289386,0.0031984627175516015,0.0031884242866450662,0.003146680930548867,0.003104921707763612,0.003108470836839497
7702.32647003119,0.0028574978932738304,0.0032039389255250914,0.003199413834796044,0.003152350229914578,0.0031134274486981435,0.0031186533709176662
7702.335819149471,0.003557454328984022,0.0032109726130225887,0.003207022489995877,0.003155427645795257,0.003118711995484314,0.0031247292436658554
7702.360322034045,0.003288939595222473,0.0032313521139843114,0.0032253265210651478,0.0031636477477898885,0.003131926803278479,0.0031403578593309873
7702.364215832621,0.003166565438732505,0.00323383584710999,0.00322753285095371,0.003164944497747981,0.003134193560457087,0.0031432335048432853
7702.384820389253,0.0029108759481459856,0.003251798019261068,0.003242163681741819,0.0031711070941699213,0.0031459415026464294,0.003155480409697985
7702.40195763837,0.0033044167794287205,0.0032691994168796883,0.003253892723097089,0.003174775211703091,0.0031561206486840224,0.0031660444496570844
7702.409314246624,0.0027569839730858803,0.003275394299097059,0.0032596818477387242,0.0031761864859788753,0.0031609530540615814,0.003170183180954812
7702.433803637637,0.0035894792526960373,0.003296730167141371,0.0032754065351559315,0.0031824459592470684,0.0031759431881224383,0.00318431539953859
7702.439695468074,0.0033471498172730207,0.0033007973098117442,0.003278276953726789,0.0031840525017574894,0.0031797284113167373,0.0031883467043312685
7702.458288593756,0.0032635147217661142,0.0033189447798716272,0.003288000515327221,0.003189322188006818,0.0031912811011965297,0.0032001470692293475
7702.477429341371,0.0034412690438330173,0.0033336147529713874,0.0032956245755335466,0.003196795752783033,0.0032026978260658065,0.0032125880847193393
7702.482769146431,0.0032572613563388586,0.003336620348607302,0.0032978822516132856,0.0031988026710439857,0.003206033559856495,0.0032159480139208186
7702.507245327063,0.0032782715279608965,0.003355329588317152,0.003302691033575799,0.0032090947308453565,0.003220069633968994,0.0032313021703186096
7702.515159277876,0.0032557155936956406,0.0033620217895228453,0.003303286499005914,0.003212486936871424,0.0032247940965607503,0.0032369741091306786
7702.531717167055,0.00300073204562068,0.003379526326038889,0.0033051790576440975,0.00321940889131165,0.0032347977354494403,0.003247581406879986
7702.55288529721,0.003371376311406493,0.003398667699026835,0.003306015685102166,0.003229800002073719,0.003248146381806175,0.003261460748853668
7702.556184697768,0.00326261343434453,0.0034008980872088875,0.003306792525643664,0.003231293728035445,0.00325026943177019,0.0032635163220902466
7702.580647950558,0.0031981070060282946,0.0034108076977744034,0.0033076773300284128,0.0032450080384134657,0.003265142735237345,0.0032793942838734353
7702.590607418982,0.0038550400640815496,0.003414996812176873,0.003308236581430051,0.003250793922761935,0.003271215705390906,0.0032869171543170386
7702.605106956738,0.0031894370913505554,0.0034150380009337522,0.0033102324397610385,0.003259578725794703,0.003279816721106979,0.003296816006521249
7702.62832566279,0.003411616198718548,0.0034170048119484763,0.003311711095731214,0.0032739505307449166,0.0032929533945018756,0.0033130194074139723
7702.6295617476135,0.003677898785099387,0.0034170571718146144,0.003311520979386286,0.003274649327104218,0.0032936345116599715,0.0033138653188201214
7702.654012354463,0.003856127616018057,0.003422057914008349,0.003310324581842347,0.003290294622582853,0.0033070960182959414,0.0033304243241446835
7702.666040048173,0.0035330946557223797,0.0034245718982151827,0.003307941181823207,0.00329871305823104,0.0033134909904273474,0.003339418330282944
7702.678458808548,0.0034962163772433996,0.0034221105792721783,0.0033073084406270038,0.003306269024793791,0.0033203240827931173,0.003347915358501019
7702.702901141098,0.003897702321410179,0.003421014920481787,0.003305597516064147,0.003321892599940167,0.003334826457961486,0.003365403026334905
7702.703750586281,0.003766965586692095,0.0034210237947104906,0.0033054847417210353,0.0033223703104905827,0.00333536405341529,0.003366082052652196
7702.727339383334,0.0035865292884409428,0.003418627359833157,0.0033036895028237313,0.003336384315632442,0.003349929523378159,0.0033824433957813822
7702.741457271112,0.0034571245778352022,0.0034159166973592647,0.0033037561679009073,0.003344563149021591,0.003359182889805124,0.0033931836981884412
7702.751773566456,0.004066318739205599,0.003409337250216504,0.0033032701104170506,0.003349904530416726,0.0033662613135899077,0.0034004271834788802
7702.7762037216335,0.0038700986187905073,0.003390989521618118,0.003305139591928165,0.0033632028200620695,0.003383051748326198,0.0034184509423351287
7702.779160094558,0.0032054188195616007,0.00338879175442578,0.003305619453358992,0.003364710243748843,0.0033850873011228902,0.0034208590570814295
7702.800629880032,0.002987142186611891,0.003364599819789261,0.0033101883214147645,0.0033768949881341167,0.003399690289219373,0.003437338753524173
7702.816859048534,0.0031020527239888906,0.003346346072751347,0.003313757402831414,0.003387079780362527,0.003410980994010738,0.0034507140500644835
7702.82505207278,0.0027100881561636925,0.0033370518623134057,0.0033160690771458804,0.0033915330414535346,0.0034175401016612564,0.003456962757664984
7702.849470331011,0.003303807694464922,0.003305293536791936,0.003327405729478551,0.003406446042621116,0.0034364245852559947,0.0034753410587146224
7702.854554124936,0.002624831162393093,0.003299788601591813,0.003329587575260178,0.0034095415632694817,0.003440511476790631,0.003479420936908501
7702.873884685811,0.003074524225667119,0.003277441078462877,0.003338439125779037,0.0034210770794337176,0.0034561204030902994,0.0034934617393837745
7702.892245315675,0.0037826879415661097,0.0032515663425687446,0.003347728479552002,0.003431481385594455,0.003470052057993063,0.0035063439626289317
7702.898295168276,0.0032488724682480097,0.0032437826888708984,0.0033515397184983725,0.0034347351056397968,0.003475098054700752,0.003510375939049733
7702.922701809465,0.00299496459774673,0.0032025301150748822,0.0033667030559959175,0.003448531823528383,0.003494203473324074,0.0035253548536997026
7702.92993261266,0.003838870208710432,0.0031926478298445983,0.003371007193771985,0.0034522828180146674,0.003499631971501657,0.0035294272817729595
7702.947104640436,0.0035542533732950687,0.0031763891394322266,0.003380908875320927,0.003461721155617793,0.0035130740335966378,0.0035391196640696975
7702.9676160078125,0.0036482755094766617,0.00315680892595096,0.0033944155321721835,0.00347511757945576,0.0035280483804044876,0.003550303254013809
7702.971503692216,0.002809174358844757,0.0031548961970489053,0.003397213218260587,0.0034772989735445837,0.003531183888736468,0.0035524242688486974
7702.995898995828,0.0030329986475408077,0.0031549592421402707,0.0034138702827878585,0.003492221610616763,0.0035494894530152506,0.0035650351577727214
7703.00529549305,0.002505472395569086,0.0031546211815521876,0.003420059181126978,0.003497856840353738,0.003556603067675436,0.0035697681393635603
7703.020290582263,0.0027962285093963146,0.0031655155116584598,0.0034301233095034,0.0035068729940990633,0.0035683486422747527,0.003577263540506987
7703.042971060289,0.0029114598874002695,0.0031844555576100754,0.0034461810118674397,0.0035229907899857033,0.0035865829371828045,0.0035888763941247237
7703.044678480806,0.00274656992405653,0.003186248018378593,0.003447705760493073,0.003524154689276937,0.0035881239225403574,0.003589767758772701
7703.069062685463,0.0033468478359282017,0.003222868050864167,0.0034659975714691287,0.0035416208842303665,0.0036081244827022964,0.003602172071326041
7703.080642701456,0.003234465606510639,0.0032405774413131225,0.0034741982484027436,0.0035504821105020595,0.003617929166799386,0.0036087398056922596
7703.093443157099,0.003019664203748107,0.003268012763332473,0.0034834192709448267,0.0035601985744413943,0.003628658583090795,0.0036154695688283755
7703.117819855322,0.003429149044677615,0.0033145744612131955,0.0035019376012306383,0.003581398569780719,0.0036488345458248984,0.0036300490224300793
7703.118310408483,0.0030319320503622293,0.0033153246770885126,0.003502318917140364,0.0035817957794160396,0.0036493318802399807,0.003630357724919449
7703.142192739749,0.0027560237795114517,0.003359197612476413,0.003518048967096103,0.0036021516839899303,0.003667960493347864,0.003644505753230915
7703.155974173295,0.002699581440538168,0.0033847801923956988,0.003526641516807322,0.0036140076333810965,0.0036777620522518246,0.003653900249912429
7703.16656177004,0.0028001563623547554,0.0034089666481290164,0.0035333381389649077,0.003622180287951732,0.0036850370536811896,0.003660284781055027
7703.190926905846,0.003665613941848278,0.0034653804283261667,0.003550453920394659,0.003643060425343556,0.0036996481118852192,0.003676021543190305
7703.19363398783,0.003533810144290328,0.0034715313699856627,0.0035525008108532744,0.0036451377690707703,0.0037013514299095254,0.0036781409703175744
7703.21528810687,0.0034758627880364656,0.003532135994561811,0.003570708002706287,0.0036633143804713324,0.0037130250029744987,0.0036916973347146855
7703.231289844019,0.003489192808046937,0.0035792073251778053,0.003586356204064739,0.003677424040550834,0.003720711170049133,0.00370277887293184
7703.239645332814,0.004518676083534956,0.0036024038029690226,0.0035947375015472037,0.0036842333260608,0.003724488615493341,0.003708165464176041
7703.263998543427,0.0038872084114700556,0.0036759281584775394,0.0036221201818292382,0.003707313514186325,0.00373453889621096,0.0037244009651941066
7703.268941733814,0.0036579256411641836,0.003687586314568227,0.003627616890352621,0.0037117031155428975,0.003736538231955595,0.003728198873684163
7703.288347698472,0.003645101096481085,0.0037359914022770026,0.003652370666864563,0.003730935327502795,0.003744564411500887,0.0037413783374406614
7703.306589649146,0.003968106582760811,0.0037829476533803225,0.0036772419725634607,0.003750681922328465,0.0037524429561827215,0.003755007883141985
7703.312692757728,0.0038047891575843096,0.003794494578066247,0.003685652774026153,0.0037564870972623004,0.0037552653179384267,0.0037595195494233985
7703.337033681012,0.004513264168053865,0.003848005150030016,0.00372167045727105,0.0037824342831211323,0.0037663380954557337,0.0037773482579913256
7703.344233581978,0.004236018285155296,0.0038623120483637107,0.0037322165870305396,0.0037898170980027487,0.0037697385496029854,0.003783408525020062
7703.361370428174,0.0038768902886658907,0.0038979913475664777,0.0037580241107901943,0.0038069545586110975,0.0037786567973103497,0.0037963446480265384
7703.381873524249,0.0036908912006765604,0.0039355452292696505,0.003789462071385464,0.0038275414326868415,0.0037898457144881765,0.003812422688640286
7703.385702959066,0.004253188613802195,0.00394079752356854,0.003795256057857425,0.003831098776769974,0.003792001558557541,0.003815652489729158
7703.410031233597,0.004317480605095625,0.0039717881988980295,0.0038294593396676537,0.0038522241001082134,0.0038063419500069034,0.0038342252993673618
7703.419509467913,0.003982186783105135,0.003982067769333106,0.0038423071783021357,0.0038590530072312827,0.0038121012277173814,0.0038422178146377784
7703.434355211689,0.004273436032235622,0.003987110945829825,0.003863439746836622,0.0038701338327213554,0.003821431923458675,0.0038538437988131077
7703.457141404935,0.004176646005362272,0.003991999436890211,0.0038963771973067047,0.003884511477712221,0.0038359286557742636,0.0038716115041141806
7703.458674853292,0.0042765275575220585,0.003991997214206572,0.0038986835736900902,0.0038854991424876486,0.003836903813057107,0.0038728859917192314
7703.482990118392,0.0038651200011372566,0.004005004329923134,0.0039364078003586,0.003899490172681328,0.0038529819791450226,0.0038911258565737347
7703.494769327268,0.00400548567995429,0.004008176027750262,0.003954204105912003,0.003905517753716691,0.0038611370810278647,0.0038998463134104645
7703.507300967007,0.0037633562460541725,0.004013573573899784,0.003974062800997755,0.003912580657603332,0.003870581180248743,0.0039090303938727625
7703.531607359179,0.0037291606422513723,0.0040285821820518234,0.004016108374481682,0.003924290869851745,0.0038890621163195148,0.003926230317035988
7703.532393226879,0.004044512286782265,0.004028897880937962,0.004017455591834946,0.003924711392147285,0.0038896726554290854,0.003926796219049861
7703.555909254987,0.004271253477782011,0.004045882707415019,0.004057409959346405,0.00393774928276926,0.003908459073555678,0.003943181517663523
7703.570013095742,0.004096792079508305,0.004052767007159153,0.00407928523349788,0.003945785424846235,0.0039206214837763246,0.003953191495363505
7703.580206614543,0.004011707380414009,0.004056736228371141,0.0040949328499511155,0.003951741197702057,0.003929317977513332,0.003960465625847608
7703.604499397994,0.004286168143153191,0.004072267870954281,0.00413455174977243,0.003966723278738732,0.003950102616837425,0.00397713274505362
7703.607628925818,0.003963873255997896,0.004074860280929524,0.004139951930565365,0.003968409456953998,0.003952837787756128,0.0039793125254265075
7703.628787565508,0.0035010729916393757,0.004105215002341555,0.004169276143390594,0.003983429761798034,0.003970783773206873,0.003993465203801698
7703.645240709087,0.003566133789718151,0.004124853750661754,0.004190946874862479,0.003994297845920095,0.003985401887111573,0.0040044550599179175
7703.65307107731,0.003646562108770013,0.004133043379123277,0.00420004059452163,0.0039987340717038385,0.003992192747622076,0.0040097088576358355
7703.677349893638,0.003913860768079758,0.00415657008554858,0.004221751050658858,0.004016399237836599,0.0040135471970371185,0.0040251958386291285
7703.682848437526,0.003636447712779045,0.00416140188430546,0.004225564273802205,0.0040204665607653,0.004018374835048107,0.004028554960799073
7703.701623974781,0.004073488526046276,0.004183523634068008,0.004231163479811892,0.004034674435284851,0.004034885896950548,0.00404020107162423
7703.720452103117,0.004516130313277245,0.004206790252263644,0.004235613268070245,0.004050378304406772,0.004052110271887193,0.004051510932304942
7703.725893281054,0.004860853310674429,0.004213758472732584,0.004235019783036268,0.004054510129533432,0.004056965185494685,0.004054927795152918
7703.750157772819,0.004040454048663378,0.004250019690606362,0.00423214213530751,0.004077065625989698,0.004078159022944837,0.004069441362897974
7703.758051697841,0.00459536025300622,0.004260687183406109,0.004230057890352141,0.004084680944833495,0.004085132577621106,0.004074265708080567
7703.774417410471,0.004323912318795919,0.004291325773134192,0.0042253114312854135,0.004100331942081222,0.004099917111172924,0.0040845927396004475
7703.795647213691,0.004398423247039318,0.004329050540417699,0.004218543301679775,0.0041222533175197485,0.004118369497143266,0.004098601528613502
7703.798672154444,0.004687831271439791,0.004333352609797659,0.004217465021061695,0.004124806856446544,0.004121043212982791,0.00410067823014871
7703.82292196521,0.0038352073170244694,0.00438364174290754,0.004208197872893113,0.004150752615152946,0.004142381938500157,0.004116497974464874
7703.833238642659,0.004575682803988457,0.004404637468340702,0.004204022236498752,0.0041610669068087485,0.004151543200698018,0.004123838649529415
7703.847166803278,0.004903620574623346,0.004436748465848216,0.004198207091690344,0.004174336097108145,0.004164114376788152,0.004133641513344102
7703.87082597674,0.004570182412862778,0.004486977780367938,0.004191990569042265,0.0041994696762686565,0.004183596699114216,0.004150490714429051
7703.871406629224,0.00531062250956893,0.004488076933008613,0.004191921125769973,0.004199991777363679,0.0041840730274260544,0.004150911981553232
7703.895641426602,0.004214233718812466,0.0045302815968003805,0.004190590188184896,0.00422484084591959,0.004203273283382122,0.0041681958451327585
7703.908409207929,0.004306298214942217,0.004548109101139998,0.004189006130680221,0.0042375369419912325,0.004212866528663767,0.004177395242335042
7703.919871242923,0.004024971276521683,0.004549860005618935,0.004189299287528094,0.004248573528832908,0.004221326203238448,0.0041858434193483415
7703.944096136759,0.004490740597248077,0.004540295213411938,0.004192967754010271,0.004271979593764034,0.004237902647354773,0.004202356915427858
7703.945988328233,0.004561223089694977,0.0045387178844435,0.00419321553961825,0.0042734267966726466,0.004239216717841614,0.004203630719170563
7703.9683161666035,0.004489182028919458,0.004495753830548281,0.0041993086367127525,0.004292316837223163,0.004254598730653841,0.004218140713291049
7703.983563330675,0.004494089167565107,0.004461052891495746,0.004204001653283585,0.004304902947232317,0.004264984606398738,0.004227134749406148
7703.99253139091,0.0044362712651491165,0.004439433931460807,0.0042083841595569,0.004311848982695114,0.0042711832695376956,0.004232357219129032
7704.016741868073,0.004867019597440958,0.004372811261748021,0.004223196700199054,0.004328464446415401,0.004288116188791545,0.004245355183093816
7704.021134215094,0.005038991570472717,0.00436176746972241,0.004226003841238468,0.004331795048012033,0.00429123234969906,0.004247530664019434
7704.040947656426,0.004819708876311779,0.004295703981278789,0.0042397095999143165,0.00434618095796145,0.00430591558046736,0.004257202660920889
7704.058700984152,0.005427314899861813,0.004238314893066231,0.004251948202081302,0.004357626607533956,0.004319103673817457,0.004264629581751099
7704.065148814267,0.004874149337410927,0.004219425292181365,0.0042582589938865234,0.004361576357790631,0.004323650409986842,0.004267154941674523
7704.08934539982,0.0049689472652971745,0.004144648806619926,0.004281402231877324,0.004375417276233138,0.004341314178684874,0.00427574030266693
7704.096263640512,0.005071639083325863,0.0041233103799841195,0.004287782978057664,0.0043792426985652996,0.004346263487360174,0.004277770526670228
7704.1135374712785,0.004445808939635754,0.00407431783794446,0.004305681690853429,0.004388488192100309,0.004358960548894473,0.004283112791936945
7704.13382218684,0.004238786641508341,0.0040260070579456455,0.0043277339341831235,0.004399170987772266,0.004374530826719603,0.004287801537788833
7704.137725086784,0.00422018812969327,0.0040195957319936445,0.004332143336606196,0.00440111240284434,0.004377368474697554,0.004288781971447837
7704.161908304423,0.0036089017521589994,0.003990942368298896,0.004359840918819027,0.004412452707111895,0.004395434312023423,0.004293540463150646
7704.171376625797,0.0032308443915098906,0.003979587211259323,0.0043691572578343964,0.004416621014185911,0.0044027610113494455,0.004294944859598157
7704.1860871822455,0.0025570872239768505,0.003973461742725601,0.004383807855777774,0.004423287776071484,0.004413317122960494,0.004297490778200352
7704.208926960047,0.0031631484162062407,0.00395889817964224,0.004405615618750491,0.004431164495085993,0.004426491897002842,0.004300673097995553
7704.210261778259,0.002747567603364587,0.003958331434222324,0.004406706749731245,0.0044316525247185615,0.004427215365665967,0.004300815733586435
7704.234432150429,0.0029063525144010782,0.003963876803457397,0.0044272677599217596,0.00444111570837203,0.004438682732581023,0.004304007311650685
7704.246473192255,0.003259116318076849,0.003966896615516886,0.004436979116743407,0.004445637835805755,0.004443519755945351,0.004305426455127407
7704.258598356665,0.002693996299058199,0.003978960537896895,0.004446069456591243,0.004450631566129907,0.004448152957402274,0.004307407484624984
7704.2827604548565,0.003094159997999668,0.0040024208849981716,0.004464834039863706,0.004460506083383918,0.004453727951640816,0.0043103835276132995
7704.284015325068,0.003245399799197912,0.004004147187621098,0.004465813128522107,0.00446124104813274,0.004454060182663789,0.004310526762181659
7704.3069185028435,0.0035625104792416096,0.004053889339728098,0.004481433883836835,0.0044724603297508205,0.004458439051725249,0.0043130107700827
7704.321553361159,0.003817013232037425,0.004089566431367771,0.004490835636307663,0.004479301581639872,0.004458436589954313,0.0043137111145924775
7704.331072558433,0.0037576789036393166,0.004124650084693239,0.004496529415965097,0.00448355234171416,0.004458749398461845,0.0043148517803484445
7704.355222679395,0.0040311552584171295,0.004214528019511355,0.004509790580202961,0.004497564326019785,0.00445622965797847,0.00431589662291282
7704.3590873031735,0.004411159083247185,0.004230574563649494,0.004511694010540205,0.004500098898469355,0.004455886997773075,0.00431607580507352
7704.379368923464,0.004991945344954729,0.0043341309407462615,0.004521090559885052,0.004512702590229586,0.004452930686900555,0.004317223139307863
7704.39661715377,0.005075850989669561,0.00442500037845141,0.004529353048081007,0.004524662464062813,0.004448737777718862,0.004317413199569381
7704.403511348358,0.00427826726809144,0.004461559106535817,0.004532884813416866,0.004529363339096431,0.004447513529814811,0.004318104362389984
7704.427650011735,0.005294347647577524,0.004602183492016933,0.00454481898524158,0.004545682453798143,0.004441560155951237,0.004317908342947253
7704.4341429156075,0.0048359897918999195,0.00463722194334111,0.004548361327539108,0.004549550291294387,0.004440131170758705,0.004317585966834069
7704.451784971243,0.004926265683025122,0.004736900807488092,0.004553061386119301,0.004559575662605075,0.004435697526552618,0.0043168346148815
7704.471664591335,0.0051786163821816444,0.004842577320831218,0.004558427412118625,0.004567954973040665,0.004429262408755592,0.004313910915060102
7704.475916284494,0.005050338804721832,0.004859187879628002,0.004559719778768696,0.00456940498724357,0.004428126086366766,0.004313527017744179
7704.500044009086,0.005253565032035112,0.0049665585836046935,0.004566212302491969,0.00457442940583639,0.00442124163517422,0.004309746731018878
7704.509182183605,0.005271966103464365,0.005001877160106646,0.004568741003851518,0.0045760182912727605,0.004418681789618961,0.0043081338707361095
7704.524168202569,0.005440954118967056,0.005044142325311357,0.004572739053787405,0.00457898110734599,0.004414843057879615,0.004305528374011868
7704.5466956950695,0.0055922712199389935,0.0051056973709812945,0.004580659902074796,0.004577945761362312,0.004407873264133998,0.004301598311176671
7704.548288922489,0.005236539524048567,0.005107974253657197,0.004581425539250335,0.004577436202672149,0.004407412621479428,0.0043013722658583825
7704.572406226355,0.006233629770576954,0.005131777156012742,0.0045954377768562754,0.00457241277606924,0.004399353299327908,0.00429743625145426
7704.584205128375,0.005342650227248669,0.00513975606895302,0.00460366335208786,0.00456802794313424,0.004395142825435636,0.0042952015393591695
7704.596520171666,0.005460849963128567,0.005135800124337539,0.004615063695252267,0.004564593347462247,0.004391125205477022,0.004293013141025007
7704.620630815884,0.005216596182435751,0.005124455119829956,0.004641320529371147,0.004549904112882726,0.004383903656911766,0.004289062152672003
7704.621710486179,0.0058184354566037655,0.005123358536843972,0.004642617900529991,0.004549131312369371,0.004383588200854361,0.00428888047734398
7704.64473821648,0.005315222777426243,0.005085999066194052,0.004675246410112629,0.004534463350492428,0.004376567173160221,0.004285495180656206
7704.65921177112,0.004962215665727854,0.005062382941037551,0.004696474102091401,0.004525323286182328,0.004372380868370168,0.004284551988955015
7704.668842430875,0.005252182018011808,0.005041514252914698,0.0047115241465659746,0.004519731883480146,0.004369441321149933,0.004284043290404567
7704.692943516496,0.005164933390915394,0.0049862476960043384,0.004751186867323992,0.004503361521327917,0.004360517511475312,0.004283010430961704
7704.696708985845,0.005252546165138483,0.00497828597018959,0.00475699761188744,0.004500563553921215,0.004359074762300269,0.00428286251096602
7704.7170415236815,0.004780754446983337,0.004915971746960467,0.004782985211947655,0.004485741975472783,0.004350413860933314,0.004282646614883799
7704.734202133008,0.005192590411752462,0.004865248214316681,0.004801832321891939,0.00447275335976341,0.004341542566793394,0.004282732533862324
7704.741136430952,0.005070095881819725,0.00484520690439272,0.0048065787997292365,0.0044676198762299574,0.004338155234887897,0.004282753253100566
7704.765228174991,0.0038888584822416306,0.004769486610702377,0.004819060676434911,0.004449345542260846,0.004325451035370815,0.004282428211028907
7704.771691215238,0.004782314877957106,0.004750776324908275,0.004821933584285943,0.004444456095305579,0.004322281776695464,0.004282369738014546
7704.789316691973,0.005059061571955681,0.0046991717857095,0.004817925386926652,0.0044308727033854555,0.004313804484512314,0.004281847412557501
7704.809176235188,0.003966356627643108,0.004647429848632277,0.004810246881703758,0.00441632486708031,0.004304092192616569,0.004280580205167269
7704.813401918087,0.0046144952066242695,0.004638646665138694,0.004807264410280082,0.004412737382745984,0.004302090122885033,0.004280326840288911
7704.837483789556,0.004171461798250675,0.004596203162156986,0.004779121834291754,0.004394479223348467,0.004290595871457354,0.00427959431094052
7704.846657195499,0.004349605180323124,0.004583429134795224,0.004767777964689426,0.004388686001354139,0.004286372126432595,0.004279363894714099
7704.861562242615,0.0047017596662044525,0.004575166090428074,0.00473921003802793,0.004379516222958105,0.004279396589777446,0.004279294465441041
7704.884134098807,0.004155135713517666,0.0045649904838350715,0.004693705251980355,0.00436853197533968,0.004270146120715509,0.004280465337651119
7704.885637213525,0.004251783713698387,0.004565153228026105,0.004690558124956488,0.004367786508693464,0.004269538512286021,0.004280530931954498
7704.909708638567,0.00408344529569149,0.004585269592051862,0.004633694428940718,0.004357437019535296,0.004260378378582798,0.0042830280759010506
7704.921606947755,0.004120802041143179,0.004595692520712417,0.0046074653816896355,0.004352767055596421,0.004257898876661756,0.004285220362712028
7704.93377645406,0.004500176757574081,0.004610040338144273,0.004576108086636047,0.00434870257732315,0.0042547517456469975,0.004287099492242564
7704.957840596343,0.003617358161136508,0.004639285733037468,0.004515373664398349,0.004338415920375772,0.004250741105561859,0.004290544283955043
7704.959075744982,0.0039768400602042675,0.0046411685628580494,0.0045124112269912696,0.004337649405478479,0.004250471033860683,0.004290702558587428
7704.9819010017845,0.0045512826181948185,0.004665035986243228,0.004452863761189599,0.00432551047680381,0.00424680484345803,0.004293343057784151
7704.996540493116,0.004260134883224964,0.004673016271613617,0.0044155432994228225,0.004315089285808347,0.004245077682715162,0.004294139084533008
