wav,5,10,15,20,25,30,35,40,45,50,55,60,65,70,75,80,85
7944.031519175471,0.0008072830833854699,0.0008302069936023582,0.0008641409970164703,0.0009162463514820347,0.0009362383345575477,0.0009374651420347288,0.0009545287229764779,0.0009660308147348887,0.0009698641578550907,0.0009740997004590499,0.0009792934303476176,0.0009823876891522634,0.0009871160977808027,0.0009922140831944268,0.000994520320404069,0.0009948349332373873,0.0009953999232452783
7944.065558129771,0.0008823717991841613,0.000857427713003918,0.0008953049677126734,0.0009305185914213032,0.0009446782221668364,0.000941156374270535,0.0009525355718136469,0.0009639125295904765,0.0009676398236908482,0.0009724238928831356,0.0009788797613699471,0.0009832201322021398,0.0009895333867653874,0.000994586420032459,0.0009961401019162146,0.0009958826430852131,0.0009961870143022356
7944.099592635595,0.0009479678311144309,0.000888420332427378,0.0009277394470755091,0.0009449574950626405,0.0009514426554158964,0.0009464238221584396,0.0009511151529226105,0.000961235079016493,0.0009658456524530867,0.0009713965378516103,0.000978517209615172,0.00098459113308622,0.000991999250553289,0.0009967226897251804,0.0009977387470797708,0.0009970048586777067,0.0009968538869314242
7944.13362272378,0.0009880567060055563,0.0009372298873376246,0.0009587724747228032,0.0009593118806364655,0.0009559283669916509,0.0009521872193116333,0.0009509748126573217,0.0009582969578495955,0.0009635910157362456,0.0009707852869997209,0.0009787196826269238,0.0009862329858826508,0.0009945032231318492,0.0009984520655513618,0.0009991209017467364,0.0009984555458895596,0.0009974891932882743
7944.16764842515,0.0009995031601934747,0.0009876028335074319,0.00098865877036648,0.0009739161937814144,0.0009601167926802109,0.0009573907948489422,0.0009521214055121885,0.0009553820968744636,0.0009613073158751591,0.0009698659734171224,0.0009790105614859552,0.0009883535247351871,0.0009965628234346008,0.001000106278815801,0.0010003782294043149,0.0009998725107844947,0.0009980108613948057
7944.201669770523,0.0009962117151489577,0.0010420348915771553,0.0010196108240550041,0.0009876308287420847,0.0009660997909426871,0.0009616957973828234,0.0009540263460524846,0.0009526301402696507,0.0009595196189792539,0.0009694704776797479,0.0009790203078890883,0.000990177739281097,0.0009985545460036058,0.0010015013611132286,0.0010015930918669347,0.001001075969971877,0.0009985985269937352
7944.235686790688,0.001025072083424,0.0010907786374814404,0.0010459476315258065,0.000999597962714926,0.0009735912803091386,0.0009658148234473105,0.0009554829469064031,0.0009506534576582523,0.0009586846549574827,0.0009694406611534775,0.0009795252226898732,0.0009919479360498181,0.0010003265478512064,0.0010029354888872301,0.0010027797790597168,0.0010020187914010635,0.000999101004536623
7944.269699516416,0.001077635732384049,0.0011269021714112827,0.0010701974055894097,0.0010092892442811203,0.0009817102847536803,0.0009694010646711183,0.0009566319250069983,0.0009494206963508431,0.0009585672447774148,0.0009694815769996832,0.000980335804306651,0.0009940437835054179,0.00100167572654356,0.0010042114704966714,0.0010041139674303067,0.0010026538599726509,0.0009996885058154521
7944.3037079784735,0.0011441416127404163,0.0011494116144421702,0.0010877278788265455,0.0010198838135914315,0.0009891321223154663,0.0009724091686641116,0.0009580792132580551,0.0009496753221345391,0.0009582357176266406,0.0009694802822798285,0.0009820311193717984,0.00099579578936515,0.001002818443881271,0.001005099920311213,0.0010054153226982387,0.001003296887160429,0.001000229352836482
7944.337712207601,0.0012297650942861744,0.0011716152908593052,0.0011010386735657188,0.0010317196114168698,0.000995440413266966,0.000975116933320974,0.0009600855161413929,0.0009513935488595736,0.000957532332129606,0.0009696776441213422,0.0009842093137432163,0.0009972252545552803,0.0010035360274826327,0.0010058349579869102,0.001006339107615105,0.0010039899503972633,0.001000958985945365
7944.371712234531,0.001292973493618929,0.0011883186008334896,0.0011079370337886906,0.001043146904790463,0.001002246069313713,0.0009768377801969315,0.0009618196401897985,0.0009543908656286539,0.0009579265443682509,0.000970606858102639,0.00098649508029307,0.000998255814315969,0.0010042484282538795,0.0010066247803370981,0.0010070566917427684,0.0010044457745857192,0.0010017224953548117
7944.405708089976,0.0013292657853007346,0.001191037675282658,0.0011068546891226994,0.001053995633367344,0.0010090495762591517,0.0009783484961040918,0.0009630061082542706,0.0009579705132834897,0.0009591374599314974,0.0009723578843156494,0.0009887385869539178,0.0009988188075479715,0.0010050317833643588,0.0010076024604183489,0.0010075313360960309,0.0010047737726147463,0.0010021965456859722
7944.43969980464,0.0013296462713080174,0.0011844239960212308,0.0011029288259350163,0.001059701678082342,0.0010155902335944325,0.0009804045157548907,0.0009642445949569012,0.0009615908225135447,0.0009618863703109476,0.00097488453331822,0.0009905062402449814,0.0009994719882157161,0.0010054776873673664,0.0010084159138132316,0.0010077419138148553,0.0010051435046505258,0.0010027646667687454
7944.473687409202,0.0012879216456307108,0.0011731871841173926,0.0011007401835143019,0.0010623392731166053,0.0010206394150705487,0.0009833388264621306,0.0009666324631828595,0.0009652343046457965,0.0009653772268432612,0.0009772140577751077,0.0009921930743550897,0.0010003324388657916,0.0010055422839499886,0.001008654897099459,0.0010079580773586236,0.0010055757540906904,0.0010031825624892026
7944.507670934339,0.0012138804285127991,0.0011514214836587419,0.0011001365963970967,0.001064004048253362,0.001022697236734663,0.0009862392938659176,0.0009703627631439243,0.0009689416901769746,0.000969709970407846,0.0009802769031141828,0.000993628746615682,0.0010013068295434808,0.0010055726727793229,0.0010086429796049212,0.001007977437926377,0.0010061529472145771,0.0010035650903278018
7944.541650410712,0.0011396466119518607,0.001121542188794169,0.0010947579694982829,0.0010630784815728507,0.0010235117469036899,0.000989221633793891,0.0009747673236004515,0.0009724905730182699,0.0009750723710358576,0.0009838018597761228,0.0009947467910595676,0.0010020155971589804,0.0010058799874152475,0.0010086128686597339,0.0010078309743318326,0.0010065269948949112,0.0010041670132717102
7944.575625868953,0.0010706003506269145,0.0010921355707508404,0.0010834324386643616,0.0010592081751407815,0.0010226699696788061,0.000992497921105327,0.0009792738591859627,0.0009761254962412232,0.0009813892371988329,0.0009881339945998456,0.0009959568449596865,0.0010023026405653122,0.001006283505435849,0.001008332782236142,0.0010076772356915273,0.001006623223889265,0.0010045942599218264
7944.609597339697,0.0010129468045746,0.001057803482309333,0.0010696961145967346,0.0010532800060996316,0.0010221125751635693,0.0009966138539186861,0.0009839988124725708,0.0009803927076256487,0.0009877373716035201,0.0009926182140446822,0.0009967844819675628,0.0010023976211311482,0.0010065780748983266,0.0010078942104326631,0.0010074606779257422,0.0010065538965890184,0.0010049609328563144
7944.643564853566,0.0009526585564112488,0.0010270562951972665,0.0010566184053293858,0.0010441219873975544,0.0010201164251517037,0.0010013752149404388,0.0009892141993475246,0.0009855711030030095,0.0009938604058225354,0.0009967854592350298,0.0009982106974835204,0.0010026596023938149,0.0010066456101937374,0.00100712191556184,0.001007411301725264,0.0010065957897019415,0.0010053267029205449
7944.677528441161,0.0008937495149922394,0.0010024312180463475,0.0010434108369919805,0.0010316438156205443,0.0010166802250805612,0.0010059085169618859,0.0009948136821521375,0.0009921540691803742,0.0009994060110039976,0.0010007965020543245,0.000999889619121899,0.0010034480109305955,0.001006430129784216,0.0010062387270946772,0.0010073634990455163,0.001006800996310768,0.0010056728733191928
7944.71148813307,0.0008585020190703201,0.0009771733571228515,0.001027920928230614,0.0010186079704012964,0.0010120861862386653,0.00100893698730088,0.001000526730319561,0.0009997085864315563,0.0010047612375450508,0.0010049667629366361,0.0010021205343305549,0.0010042610804302556,0.0010059306340127394,0.0010056706553496935,0.0010069813966136316,0.0010067597753719124,0.0010059925858306891
7944.7454439598805,0.0008764491182922157,0.0009554011666190125,0.0010051976053870985,0.0010077405222723255,0.0010091987444353207,0.001011601124320094,0.0010064791963733718,0.0010074618660641486,0.0010098735938881946,0.0010089120467119503,0.0010044330255015652,0.0010044258475606286,0.0010054707210905497,0.0010054919913421402,0.0010062708863144603,0.001006502707753891,0.0010063325205177816
7944.779395952156,0.0009293577292411788,0.0009442548729286168,0.0009780592265323743,0.0009960256710520564,0.0010077211772015846,0.0010140487093801684,0.001012820613060748,0.0010153161369811804,0.0010145732279910893,0.0010125021494907281,0.001006999355255947,0.0010047603292978437,0.0010047769078092707,0.0010055051272433193,0.0010056245105314566,0.0010062797522340532,0.0010066887304842828
7944.8133441404525,0.000978163784296139,0.0009391474214407766,0.0009537412488333602,0.0009850167020959135,0.0010049589443580198,0.0010157066330462824,0.0010201023106650871,0.0010229892804699367,0.0010192715622178653,0.0010153610155966832,0.0010100876987977677,0.00100532278816463,0.001004124858567169,0.0010052880606491177,0.0010052526311451174,0.0010063167108244383,0.0010068771590121684
7944.847288555311,0.0009948955483896273,0.0009338272983334978,0.0009343392878551322,0.0009736249572727343,0.0010013502021445249,0.001016454602813777,0.0010273012321939592,0.001030315181584172,0.0010240190646530908,0.0010180655281309624,0.0010132492585458075,0.0010064026505385603,0.0010037477201269665,0.001004704157470241,0.0010048870750378536,0.0010062218019451443,0.0010069407049839152
7944.881229227272,0.0009867807729251128,0.0009314678869825821,0.0009226290354518226,0.0009628540841506785,0.0009984511317727481,0.001018099103025436,0.0010341839764059274,0.0010367194364573832,0.0010286983375747984,0.0010205931004209751,0.0010157993887739728,0.0010077331462047554,0.0010034422273490118,0.0010039347577910044,0.0010046586034753655,0.0010060318538817298,0.0010069561527584505
7944.9151661868555,0.0009805003203433875,0.0009244685067992531,0.0009133617810245438,0.0009550124559962139,0.0009963915455443106,0.0010203764801639825,0.001040543012592433,0.0010421430644332143,0.0010332092814377696,0.0010234595069535236,0.0010177442292715296,0.0010087894968381608,0.0010037400159805469,0.0010034011143482376,0.0010044297213862787,0.0010057807647640292,0.001006803541298766
7944.949099464575,0.0009529799427915747,0.000915556509845433,0.0009083506756725223,0.0009498526051849647,0.0009950081951244742,0.0010236170823214059,0.0010455805531574224,0.0010467459124127577,0.00103742026936315,0.0010269886739478085,0.0010190890503247428,0.0010099028103321395,0.0010042526475574948,0.0010033174291956316,0.001004340919851543,0.001005438285557717,0.001006550052641599
7944.983029090927,0.0009214015031359604,0.0009077901561579131,0.0009050397463929086,0.0009467049177387134,0.0009929767177491121,0.001027413299630253,0.0010495063699315083,0.0010505803197129351,0.0010412091539003523,0.0010304174440213584,0.0010204145807837088,0.0010115003036074428,0.001005027524276487,0.0010030757992532892,0.0010041248048757796,0.0010052877281101472,0.001006069783774209
7945.016955096407,0.0008906397868445656,0.0009048001014562785,0.0009111375441629993,0.0009470240343737076,0.0009909581682312175,0.0010315883638213712,0.001052742457924585,0.0010539074834841704,0.0010442882218733443,0.001033368111982349,0.0010216346441858923,0.0010131665553276216,0.0010057538153849632,0.0010027286425976947,0.0010039650221654079,0.0010053845450213289,0.0010054651602278255
7945.050877503119,0.0008646455101421006,0.0008961830756977988,0.0009233195116398622,0.0009508849008258387,0.0009905953817595538,0.0010359834132326307,0.0010546256852107373,0.001056481311969876,0.0010475703075132935,0.0010357960809358282,0.0010226457402937605,0.001014775474058857,0.001006776699989895,0.001002737604419578,0.0010038564359330082,0.0010051817823327769,0.0010046049985605763
7945.084796288671,0.0008520116942789067,0.0008856603302597037,0.0009352036893419014,0.0009571883104694718,0.0009947953163295816,0.0010398545758580069,0.0010555078304788509,0.001057797262063992,0.0010506093428205169,0.0010380267440089168,0.0010239595672968092,0.0010158809396817548,0.001008332318669673,0.0010033767477460479,0.0010037489049859701,0.0010047542751908016,0.0010035403859377347
7945.11871141595,0.0008342260822112437,0.0008784005407425322,0.0009454220891190532,0.0009640099490230253,0.0010016049534307854,0.0010425479948505075,0.0010559846732600747,0.0010581110831477981,0.0010529449052961788,0.0010401303937088383,0.0010256638575250486,0.0010167409892388802,0.0010098018431774543,0.001004419859689051,0.0010036952658656125,0.00100413171854267,0.0010026794277779429
7945.152622847845,0.000816894053666468,0.0008887644750483389,0.0009557066171651796,0.0009755112745296535,0.0010104500335223578,0.001043359397803378,0.0010564589444692018,0.0010581836260009166,0.0010543487677529704,0.0010413474312219975,0.0010276203043181034,0.0010174060535602391,0.0010110818878377888,0.001005661388273294,0.001003745699635856,0.001003518448081064,0.0010018476533202826
7945.186530547262,0.0008118026584504589,0.000916667567733467,0.000966496482043503,0.0009897302033859356,0.001021032468551759,0.0010431986633422088,0.0010567143574642674,0.0010582250206309166,0.0010547772542790006,0.0010424569346035996,0.0010295587158336901,0.0010184515362194912,0.001012152877442131,0.0010069564899490486,0.0010037639070506665,0.0010027137136556868,0.001000969447927706
7945.220434477105,0.0008443354194393258,0.0009471074456673145,0.0009758462691349955,0.0010078973889516146,0.0010316670495343478,0.0010440559211360606,0.0010563431921144736,0.0010580690433677393,0.0010541819165288736,0.0010429191818184743,0.0010312996797918236,0.0010200653337241062,0.001013343062410518,0.0010082672952833368,0.0010039675460233593,0.0010017775384173954,0.0009997124041616462
7945.254334600307,0.0008989468470960526,0.0009692492932208022,0.0009854982284997673,0.001026391397161651,0.0010419146132722645,0.0010457396261302392,0.001054720601341269,0.0010574129052252903,0.001053078726291002,0.001043524707244407,0.0010326691070928647,0.0010215792403073373,0.001014509852012898,0.0010097528370683383,0.0010044163279508012,0.0010008788166085297,0.0009982083991610523
7945.288230879807,0.0009943393864552997,0.0009856566802189163,0.0010020471633739375,0.001044225321266877,0.0010523300306681798,0.0010485885349715556,0.0010521790428436675,0.0010561140113453623,0.0010516217729871107,0.0010441063967433994,0.0010333509050503675,0.0010230430408674977,0.0010157266536022663,0.0010112471592635091,0.0010049914871138742,0.000999905737019608,0.000996504643908905
7945.3221232785645,0.001084844217314984,0.0010109481386025199,0.001025295003094709,0.0010612134655470066,0.0010613544770526917,0.0010521050717657039,0.0010504699120352566,0.0010543387877763775,0.0010494018897374692,0.0010441923466215516,0.001034513965634739,0.001024490410158497,0.0010170160288224441,0.0010121418400567343,0.0010053313063203189,0.000999196895534368,0.0009947250766652628
7945.35601175955,0.0011337392417975183,0.001043272285279674,0.0010564842815056156,0.0010749516153087915,0.0010698647872876255,0.001055345617574303,0.0010501029005980963,0.001052106924480154,0.001046977342095674,0.0010433515556177776,0.001035334711907637,0.0010262359108672377,0.001018389842832157,0.0010127117679342428,0.0010055564701137063,0.000998452348970315,0.0009927344420926497
7945.38989628575,0.0011430482771724133,0.001076722641444565,0.0010850305540807317,0.0010877090255209303,0.0010771639047801227,0.0010580365396474106,0.0010500264485725015,0.0010491002857742004,0.001044966997474811,0.0010419159867652195,0.0010358819365504095,0.0010278956950460138,0.0010199562048911221,0.001013172839970505,0.0010059331203276988,0.0009978156363869462,0.0009906102636944832
7945.42377682016,0.0011566868536810834,0.001116533361157096,0.0011094544640573912,0.0011000767271990707,0.001083653985301259,0.0010614820115663302,0.0010500660104066327,0.0010451081284509169,0.001043272975949378,0.0010403991127607825,0.0010361117124877224,0.0010291264145439623,0.001021582555599809,0.0010136423742374912,0.0010060727324351924,0.0009970453524913937,0.0009882579038486222
7945.457653325798,0.0011629533020370707,0.0011506699227492269,0.0011361459135353664,0.0011117048657707212,0.001088683518214906,0.001065881374752472,0.0010502622395731475,0.0010410743665488773,0.00104160878480461,0.0010388368982126087,0.0010359811477219107,0.0010304092053503835,0.001022703999831031,0.0010138469741786263,0.0010060431033210291,0.000996184937721894,0.0009858002374841975
7945.4915257656985,0.0011700651809005422,0.0011876989704813052,0.0011617310422780724,0.0011233422077444359,0.0010912939299206129,0.0010704701736385298,0.0010502811802369691,0.0010381264115806943,0.001039496961612026,0.0010372076983925361,0.0010355125778124612,0.0010311537919783485,0.0010236965853289426,0.0010139805362604204,0.001005466348912643,0.0009951215616695029,0.000983370412949057
7945.52539410291,0.001147193171739158,0.0012164399278523457,0.0011856079991035737,0.0011313901380450137,0.0010928477773113363,0.0010736380106780457,0.001050367921694001,0.0010363965830959153,0.0010363184918833548,0.0010355693133550859,0.0010349056335247526,0.0010319185839748949,0.0010244773876304113,0.001014294455085819,0.0010046966629992666,0.0009940063073803345,0.000980976166567446
7945.5592583005,0.0011654116959092654,0.001243384065681802,0.0012044192172288712,0.0011367839071212966,0.001095262060548914,0.0010752331243102952,0.0010504884954284112,0.0010357902319831013,0.0010327221739668893,0.0010338226147557905,0.0010343409505515389,0.0010323946870781,0.0010248032194133342,0.001014432683990122,0.0010036660523753968,0.0009924511741269096,0.0009783659871628306
7945.593118321547,0.0012194611015328297,0.0012643478300305344,0.0012127241187830395,0.0011423668077586734,0.0011000023643200436,0.001075353546469292,0.0010503221227174053,0.0010357168314381055,0.001030005664236411,0.001032321370396995,0.0010332437051176608,0.0010320412200123998,0.0010248276094544783,0.0010145240284054377,0.0010025564540284083,0.0009903634263743214,0.0009755000961049816
7945.626974129157,0.0013050982457737904,0.0012766255539659293,0.0012152148711824051,0.0011469858038306328,0.0011052808558404312,0.001073926222786399,0.001050441753742091,0.001035346264967462,0.0010281087029918878,0.0010309546109880637,0.001031933450347429,0.0010310350927448342,0.0010242623949363618,0.001014161625842422,0.0010012564103209379,0.0009878679690893204,0.0009722969179971216
7945.660825686447,0.0013551613232070116,0.001276763824365753,0.001211273677411806,0.0011499967661717568,0.0011073264132436457,0.0010723694205116302,0.0010507425693098717,0.001034674071898829,0.0010267387354677374,0.0010289631496971196,0.001030984489221482,0.00102978666587789,0.0010236506811679281,0.0010134462818063488,0.0009999119265196924,0.0009851512568682186,0.0009689306934265406
7945.694672956552,0.0013764609257656542,0.0012730240715268823,0.0012065238606355304,0.0011517013565474348,0.0011064562164129015,0.001070721598776961,0.0010511306909287118,0.001034518689960256,0.0010258909474153146,0.0010267117425559582,0.0010297843661815948,0.001028376355170091,0.0010226996439967305,0.0010121401946321616,0.0009981601952366013,0.0009821074677422517,0.0009653415302194751
7945.728515902634,0.0013961226827026569,0.0012645160509903947,0.0011975494478385998,0.0011515639476234348,0.0011053426098706289,0.00106947150883356,0.0010508053262876231,0.001035112675328149,0.001025809665888791,0.001024782673518461,0.0010282143690507708,0.0010262007199742904,0.0010212391165310075,0.0010106589116754855,0.0009959472499338142,0.0009787968501167325,0.0009614380394488726
7945.762354487864,0.0013883290041444855,0.001251656247800967,0.001184562443922924,0.0011488622596714487,0.001103847875213006,0.001068872705549049,0.001049189767320766,0.0010356987980495492,0.0010259983698389522,0.00102343388598145,0.0010263915330182458,0.0010237261954542103,0.0010189645592970013,0.001008506012051919,0.0009934367808676478,0.0009751406549213176,0.0009573249543742104
7945.796188675442,0.001334169991760807,0.0012256366852484914,0.001165716562493484,0.0011413799375601693,0.0011021311474419299,0.0010676317407011216,0.0010469833304750944,0.001035868124879107,0.0010264698367304856,0.0010228608031875724,0.001023714504852451,0.0010214310804287697,0.0010162923618645197,0.001006106319307591,0.000990561009044429,0.0009713282264115992,0.0009532508705853025
7945.830018428584,0.001258339356340336,0.0011946664901709338,0.0011490516991459734,0.00113170775607757,0.0010983199029004024,0.001066091357703188,0.0010455335427591638,0.0010356503757790786,0.001027299401004268,0.001022485057419287,0.0010206153719507572,0.0010189417069829884,0.001013302987862246,0.0010030713338956567,0.0009870523778203759,0.0009673657590057866,0.0009491746162491686
7945.863843710525,0.001142992662556264,0.0011634628049689674,0.0011380717654661588,0.0011192631883603337,0.0010916104920105155,0.0010649013730292026,0.0010456207406275154,0.0010353489379899864,0.0010280750990738592,0.0010220477164387953,0.0010176072573787056,0.0010162497237230182,0.0010097144742433394,0.000999265156304251,0.0009831564788493677,0.0009631897053682637,0.0009452277459064128
7945.897664484525,0.0010692044743485687,0.0011279876158385154,0.0011265662154700483,0.001104968016015355,0.0010839008904964778,0.0010631998995863274,0.0010456902228515484,0.0010347122127933718,0.0010288212169613687,0.0010213828115134367,0.0010149666579239891,0.001013066136178143,0.0010056933121251742,0.000994790162735039,0.0009783837055188313,0.0009588953875897806,0.0009414112943304192
7945.9314807138535,0.0009981011372908895,0.001082098535117625,0.0011072591652803044,0.001088827073573736,0.0010755840567766193,0.0010606280652310411,0.0010445841885353675,0.0010342166413641626,0.001029586059590961,0.0010208693627087391,0.0010128602829959457,0.00100892802603903,0.0010015771533611478,0.0009899005895551902,0.0009733636903907852,0.0009545333752221979,0.0009374384197868606
7945.965292361825,0.0009473437205771773,0.001040987290484572,0.0010833662242924842,0.0010724161185643644,0.0010681123506289766,0.001057644857260901,0.001042818773107774,0.0010342415710757743,0.0010296790242214058,0.001020288598051954,0.0010109967284312137,0.0010043322019351994,0.0009969097010491769,0.0009845611731345953,0.0009680201481922502,0.0009499500600545223,0.000933557097955821
7945.999099391752,0.0009343440762497258,0.0010071234567910457,0.001059359242904949,0.0010570699807867928,0.0010594739735137846,0.001054211357483349,0.001042091105382855,0.001034644027563416,0.0010288449327747011,0.0010192762569768044,0.0010090902202847963,0.0009998347009497646,0.0009917794800830256,0.0009784793391270136,0.000962201382934715,0.0009454044592004775,0.0009294933345795555
7946.032901766988,0.0009250027116616093,0.0009888702242851846,0.0010345044261565674,0.001042716766500529,0.0010492335140825741,0.0010493422274913315,0.0010417279833301765,0.0010350503791722416,0.001027351899539155,0.0010181084333668352,0.0010066536463559164,0.0009954403531223428,0.0009862086720369622,0.0009718274271352235,0.0009559995434025556,0.0009406498892719688,0.0009255595236851251
7946.066699450893,0.0009213414157454903,0.0009677392602264998,0.0010074676218235416,0.0010276073530286738,0.001036963692033661,0.001043314609700786,0.0010414125122980365,0.0010349307067968887,0.0010258305103269404,0.001016702283367159,0.0010041471198466141,0.0009912150283822195,0.0009797412605161298,0.0009650726872401989,0.0009497527674925937,0.0009355981004110191,0.0009215494320901726
7946.100492406863,0.00093456693280185,0.0009469283886650626,0.0009799317988617095,0.0010133694113073778,0.0010263804772521852,0.0010372037710123915,0.0010405026044525742,0.0010338736667655638,0.0010243230462971729,0.0010149315542895526,0.0010014739032631257,0.0009867279313375951,0.0009727077498185037,0.0009580777627414497,0.0009434682488789383,0.0009304972099388327,0.000917449590502955
7946.134280598314,0.0009519916969274138,0.0009355661655571511,0.0009525218335727161,0.0009999548763932479,0.001018727337057117,0.0010314077373096428,0.0010381878119463343,0.0010326428473122202,0.0010226981823062743,0.0010122996978212055,0.0009983960541619873,0.0009819589166619657,0.0009655141334527754,0.0009508911966010882,0.0009370092090550205,0.0009249597064698551,0.0009137366140413288
7946.168063988683,0.0009798464417205435,0.0009261701779682287,0.0009352066292518817,0.0009854744534396568,0.0010105171410377336,0.0010253554710366601,0.001035018024546162,0.0010312230041160332,0.0010208862628788772,0.0010088931393552288,0.0009949292310368076,0.0009766961510285833,0.0009581993002663749,0.0009435388223413458,0.0009304622505446262,0.000919345543446647,0.0009099986239622112
7946.201842543028,0.000966404753124942,0.0009220545914234813,0.0009228980426194869,0.0009684475181665095,0.001000788257751214,0.0010188927384552492,0.001031570214848591,0.0010296244257848909,0.0010182824431088774,0.0010051188950889187,0.0009909268911592122,0.0009713223382985807,0.000951057791616861,0.0009357731175151138,0.0009238879196061001,0.0009137134308088017,0.0009063990458151717
7946.235616262409,0.0009439303541644875,0.0009148299486031007,0.0009164008876043572,0.0009539307963591534,0.0009908492210669688,0.0010133284278275494,0.0010272976296660484,0.001026918426880942,0.0010153383228873577,0.0010013602396112724,0.0009860454629241134,0.0009655680731807895,0.0009439494173259577,0.0009279585621277161,0.000917320527622205,0.0009081810560573755,0.0009028684209028622
7946.269385183399,0.0009317033821663332,0.0009005601980871659,0.0009153640825660382,0.0009429264956341371,0.0009831310169466977,0.001008407144831379,0.0010220409347463653,0.0010226356784103512,0.0010121120210587781,0.000997442889265713,0.0009801550028468555,0.0009591784901255509,0.0009368278214238184,0.0009205438350536938,0.0009106739779994594,0.0009028708660730819,0.0008989381932290909
7946.303149344055,0.0009097293910266072,0.000894625610490047,0.0009140175339918603,0.0009358660781679743,0.0009758499617474371,0.0010034647294963602,0.0010160130577731305,0.0010175602489208816,0.0010084355056071868,0.0009930057351704678,0.0009736331277622136,0.0009522239261845119,0.0009295766092611324,0.0009134044852006433,0.0009040678450714257,0.000897725401262202,0.0008949041179906317
7946.336908782409,0.0008767854396766277,0.0008900185981906414,0.0009125859810361111,0.0009302282083034895,0.0009682301786019682,0.0009981336791308536,0.0010095185950455008,0.0010118821626754406,0.0010041346004278303,0.0009874855485392342,0.0009667065110978339,0.0009448923694833376,0.0009226292339454044,0.0009065477032124917,0.000897160170455982,0.0008929104972189602,0.0008906984458040738
7946.370663536477,0.0008252476249538247,0.0008940682871449727,0.000913996055817574,0.000926793083912736,0.0009616450701792869,0.000991653201356289,0.0010029719161927966,0.001006029381626605,0.0009989032722531577,0.0009811009860941694,0.000959566052494658,0.0009370710233815157,0.0009158403810511202,0.0008999239978373304,0.0008904382306192815,0.0008882227920006365,0.0008865168523060701
7946.404413644245,0.000796228320380731,0.0009023833166289814,0.0009169813498347096,0.0009290348212978149,0.0009555145906397344,0.000985136979284298,0.0009963140832040967,0.0009991578079306441,0.000992304466293484,0.0009742854099908859,0.0009519741699707219,0.0009285663038705292,0.0009091173610686582,0.000893427641015723,0.0008844295702172403,0.0008834477880911103,0.0008821136653471232
7946.438159143685,0.0008237206675792312,0.0009047462711375484,0.0009198915267674983,0.0009326492100950895,0.0009526680448871227,0.000978234908537977,0.0009894803710537574,0.0009913126696962681,0.0009847034588689578,0.0009670534083116128,0.0009436227323457816,0.0009199231399001157,0.0009022675050770683,0.0008870221173976804,0.0008789688120270083,0.0008786311588003486,0.0008776676676000944
7946.4719000727255,0.0008587937327106499,0.0008983417666773117,0.0009206765234665367,0.0009379314731877505,0.0009516592012228724,0.0009708545820185258,0.0009817821805699978,0.000982584162078914,0.000976195509237184,0.000959139930854887,0.0009344523191772673,0.0009114456027380565,0.0008952812488955614,0.0008809490204676118,0.0008741105205014922,0.0008734443018206903,0.000873549529105476
7946.505636469288,0.0009063543794043176,0.0008956166837117314,0.0009233154411256283,0.0009436156908579918,0.0009505795742515409,0.0009631413211355181,0.0009740003872605253,0.0009739335162996135,0.0009667129385843877,0.0009500799579036143,0.0009249655573459552,0.0009034541316800303,0.0008880684482031226,0.000875284216151972,0.0008695771781462494,0.0008682944565310356,0.0008696144504166845
7946.539368371271,0.0009539302434028915,0.0009083337692509101,0.0009320400127702216,0.000947108893682505,0.0009509651760577463,0.0009551636718386484,0.00096575575346045,0.0009650181626871979,0.000956254644443733,0.0009395350970658056,0.0009154325311377308,0.0008957923204443034,0.0008804736503427947,0.000870043392953531,0.0008651399916331466,0.0008633670624598151,0.0008656079732494958
7946.573095816544,0.0009730832242741412,0.0009269399406332951,0.0009400822862756047,0.0009515610200714632,0.0009514081588819422,0.0009493813308732452,0.000956787753229803,0.0009554861675918899,0.0009449137794089237,0.0009278805144337696,0.0009059665778414999,0.0008877281679874108,0.000872955955315412,0.0008650590250214714,0.0008607124216501091,0.0008587491273245733,0.0008614226318297881
7946.6068188429645,0.000978659189772163,0.0009405561746714078,0.0009465463887809893,0.0009559595357740421,0.0009525208754450423,0.0009441175425461971,0.0009467580705995066,0.0009447138892308559,0.0009327361804264901,0.0009157291438283425,0.0008964677373367955,0.0008791599881397768,0.0008656843784179163,0.0008603154945585477,0.0008564721356086318,0.0008546957870208091,0.000856891238360915
7946.640537488362,0.0009775997784273961,0.0009521989192160756,0.0009525699570316968,0.0009589004244043351,0.0009522880351963222,0.0009399265714520672,0.0009366334420221396,0.0009329308354248406,0.0009202552656119463,0.0009031291057875068,0.0008866293107325857,0.0008706304869047477,0.0008591726001078385,0.0008554918335974681,0.0008523697538173431,0.0008509998711564999,0.000852350012403276
7946.674251790549,0.0009772034951539648,0.0009719984337952591,0.000960698591788317,0.0009620011584985262,0.0009496846898637503,0.0009360691270131392,0.0009261916744320873,0.0009206431152222915,0.0009071160534776941,0.0008901083193875122,0.0008763801297027766,0.0008623319528147171,0.0008533364478811849,0.0008503341475640545,0.0008482149758338568,0.0008473626534303443,0.0008479995311789669
7946.70796178731,0.0009690059586911207,0.0009878671511468979,0.0009733464729401761,0.0009634171701015812,0.0009475261475095676,0.0009317838351510422,0.000916816274526078,0.0009076657086328124,0.0008931297262896456,0.0008768301225071777,0.0008655614675505081,0.0008542866235129869,0.0008475856427596051,0.0008451483215844478,0.000844114102718885,0.0008436301402649178,0.0008439465879167228
7946.741667516418,0.0009542152693055456,0.001004853671879149,0.0009852500644083626,0.0009632719528473456,0.0009442129908215017,0.0009269630980963639,0.0009071154663872758,0.0008936765551111456,0.0008784460794262742,0.0008635741457222382,0.000854710316706407,0.0008463247923589142,0.0008417372411875583,0.0008400922871003732,0.0008402544125523445,0.0008400237479694922,0.0008400523547320058
7946.775369015628,0.0009648508358955478,0.001014658499035048,0.0009916000129683473,0.0009606116887208192,0.0009415423483869752,0.0009214131198343193,0.0008970295462075693,0.0008791077128319308,0.0008634556375303391,0.0008509035149898366,0.0008436514276460449,0.0008384400695744785,0.0008361013415541487,0.0008354015942999172,0.0008363945853062956,0.0008364672200299912,0.0008362182685229898
7946.809066322675,0.0010182213802866305,0.0010138709893436496,0.0009961875698323325,0.0009579553038151183,0.0009378886909489179,0.0009138862705222338,0.0008870663893291652,0.00086388374420178,0.0008484925628938872,0.0008386548221914555,0.0008325946208101104,0.0008306227815470227,0.0008306685606754311,0.0008308395256376639,0.0008321996261603142,0.000832881124232418,0.0008325010337924676
7946.842759475263,0.001054568072297647,0.0010152942313566417,0.0009970314675805663,0.0009577821551468521,0.0009324782054877077,0.000905914983124174,0.0008766811021883315,0.0008491000085726343,0.0008335599755596413,0.0008260513489973255,0.000821481948011344,0.0008228563580132088,0.000825342866940674,0.0008261849344960017,0.0008278783157189009,0.0008293010310772218,0.0008289223680465685
7946.8764485111005,0.0010613729408833481,0.0010186680205917867,0.0009974947629270944,0.0009554548932938604,0.0009246595757442114,0.0008962114418161561,0.0008656006959429716,0.0008344773985954205,0.0008186481813941313,0.0008133095164104752,0.0008105954818496084,0.0008155256421939733,0.0008200076276621271,0.0008214968105372351,0.0008236326653063031,0.0008255546206051117,0.000825612317111218
7946.91013346786,0.0010536660269985668,0.0010198615460075076,0.0009907168645791437,0.000952383125681168,0.0009157367145389349,0.0008853747589609082,0.0008533055657949859,0.0008201844924861136,0.0008042306757466856,0.0008005669225845347,0.0008007575245752358,0.0008080987113067604,0.000814280643208648,0.0008170805155334644,0.0008196244539190034,0.0008215606761586074,0.0008225005974738997
7946.943814383203,0.0010560716226567439,0.0010219615291717085,0.0009770682942656882,0.0009466140328704393,0.0009064327734615733,0.0008737730145510787,0.000838958386050922,0.0008064949882221968,0.0007905626028796941,0.0007882676053566057,0.0007917023945526456,0.0008006896697358056,0.0008081162414487942,0.000812760751599809,0.0008157630922933445,0.0008173691081995629,0.0008195338581847859
7946.977491294771,0.001058740607164753,0.0010158469198908039,0.0009647137604908473,0.0009379184353718806,0.0008977671651998949,0.0008607563188552994,0.0008238179190046917,0.0007932691422518685,0.0007776121540428896,0.0007761629088850947,0.0007829691017703284,0.0007930349009332463,0.000801819441706923,0.0008084248742612852,0.000811720645515445,0.0008133010546896913,0.0008166716664926431
7947.011164240201,0.0010520324186233836,0.001000493118225451,0.000950955504052319,0.0009270316699218907,0.0008864199334331076,0.0008456717791579401,0.0008079818296060503,0.0007804752322365015,0.0007653398132521478,0.0007643038190986483,0.0007745666776984803,0.0007855503769783839,0.0007960633690107161,0.0008040143500884357,0.000807242857436105,0.0008094664135000303,0.0008138755115918147
7947.044833257099,0.0010056515604669502,0.0009748937723743934,0.000940955872816864,0.000912776247444751,0.0008724225119864542,0.0008290606976445082,0.0007920674388718764,0.0007678987346347625,0.0007536117903228955,0.0007534879620356592,0.0007663259177205631,0.0007785133048233555,0.0007902251006074974,0.0007991662421248584,0.0008027748742222687,0.0008060334143116688,0.0008110028572492875
7947.0784983830645,0.0009771562487048504,0.0009501240158419214,0.0009288468607115221,0.0008939321033247128,0.0008567158997005822,0.0008114869471197044,0.0007762309834829266,0.0007552310798761663,0.0007428783912282981,0.0007438723803399903,0.0007584419124904344,0.0007715784805224032,0.0007843381065050218,0.0007940113147029287,0.0007985084709359376,0.0008028811078806626,0.0008079616779028329
7947.112159655678,0.0009390543478783979,0.0009272074124552793,0.000911912272012905,0.000874609866126904,0.0008389675399906553,0.0007938218911854525,0.0007603271292871693,0.0007423351127905645,0.0007327451508360145,0.0007356078113650855,0.0007504911018791784,0.0007647383069275824,0.000778071828557062,0.000788596284430667,0.0007944747659219458,0.0007996982074381511,0.0008049173054008241
7947.145817112501,0.0009098271421057243,0.0008982090829835014,0.000887713512063412,0.0008528701952820751,0.0008193142673852518,0.0007750874408416387,0.000744127705167552,0.00072962237699659,0.000723189707796173,0.0007283869005445524,0.000742706257633928,0.0007582346457414823,0.0007719595711578705,0.0007831677270672142,0.0007905284995415489,0.0007963767791598797,0.0008020456860808351
7947.1794707911,0.0008648348427916494,0.000869457537705168,0.0008608018714475355,0.0008303801359499599,0.0007963843092337207,0.000755495046241974,0.0007283623303215701,0.00071713377212529,0.0007145851879786872,0.0007217890713685877,0.0007351792997508918,0.0007519988348514742,0.0007661622457430598,0.0007774266195643351,0.0007864302568687026,0.0007932221313317703,0.0007995411071836467
7947.213120729003,0.0008016365746525534,0.0008420754401901132,0.0008337125553211649,0.0008070438894460057,0.0007695432337752038,0.0007355761503009565,0.0007137878272545901,0.0007053653519092421,0.0007065231219763092,0.0007159635185446216,0.0007281285714181268,0.0007459184036354531,0.0007605161134258668,0.0007718081671970578,0.0007822155569385543,0.0007902310238822138,0.0007973390780112517
7947.2467669637435,0.0007650450624701974,0.0008114948588039348,0.0008057363663061842,0.0007807728993239978,0.0007418269973438479,0.0007156048871707618,0.0006995673987508213,0.0006937648082962591,0.0006992170717893091,0.0007103959832585107,0.0007220392158391253,0.0007396361554360939,0.0007546988609960606,0.0007660838187972084,0.0007779498334597601,0.0007873122821223143,0.0007952846922621426
7947.280409532826,0.0007528966141599719,0.0007786587085464981,0.0007724095476674942,0.0007497586239029903,0.000713894180204773,0.0006959147282934485,0.0006854671480030985,0.000682237022209865,0.0006926229234648797,0.0007052215540141518,0.0007168805645279784,0.0007334514217271068,0.0007486377530203665,0.0007607218693178163,0.0007739224451587023,0.0007844312265248796,0.0007933014773735762
7947.31404847376,0.0007513927872287549,0.0007462287404760384,0.0007346850759852585,0.0007159133518635769,0.0006869857112201098,0.0006759058686424202,0.0006710473397641464,0.0006721116338361905,0.0006863703034651278,0.0007000424313293804,0.0007123925349089394,0.0007273347306983427,0.0007426144590622895,0.0007559766885052385,0.0007697887604758927,0.0007814175575814863,0.0007916443826740074
7947.3476838240185,0.0007375116373714403,0.0007074062102349883,0.0006988885770226709,0.0006808614504335326,0.0006608123884725836,0.0006556213398944841,0.0006572556463766835,0.0006636298651220528,0.0006806390021908431,0.0006946553844603768,0.0007083307149468949,0.000721828015235851,0.000736915069803105,0.0007514684348110522,0.0007657265597540517,0.000778384557768867,0.0007902669284558533
7947.381315608905,0.0007094714240697479,0.0006729032634272706,0.0006618780928288159,0.0006446412494330946,0.0006346421717013695,0.0006352633192893566,0.0006437146907221867,0.000656583496242254,0.0006747160674212052,0.0006897249909293761,0.0007043793675969703,0.0007168206648081239,0.0007313087023187229,0.000746962556816126,0.000761437404676588,0.0007755113068312159,0.0007891312831797635
7947.414943817271,0.0006839992438227657,0.0006405501392437551,0.000623387438014776,0.0006074460450542047,0.0006076881460187513,0.0006160639046034198,0.0006307406868224953,0.0006502531969088507,0.0006687761653777475,0.0006854642120834994,0.0007006524127638614,0.0007119806568984212,0.0007260043452679948,0.000742519592250771,0.0007574525545837172,0.0007730431398961673,0.0007880917393230455
7947.4485684311585,0.0006475524534878241,0.0006020424357980014,0.0005832074516268717,0.0005700664804145697,0.0005817799660492334,0.0005980004163603527,0.0006188342186915644,0.0006438388217955287,0.0006630409909389671,0.000681629010086642,0.0006967305714683583,0.0007075203599316908,0.0007210678815624857,0.0007383844495340618,0.0007539996345851869,0.000770677738850507,0.0007868144660044916
7947.482189432627,0.0005784059182472823,0.0005630826059743434,0.0005384115320059947,0.0005359190293588956,0.000558517459570687,0.0005816315728333318,0.0006075781043422686,0.000637840609700726,0.0006578516697310357,0.0006779410862185847,0.0006928424555528751,0.0007036302445188933,0.0007168640027594138,0.000734466880075606,0.0007508571598653437,0.0007685127663145161,0.0007854274427402629
7947.515806803737,0.0005295331899215106,0.0005212782156067793,0.00049506507765524,0.0005041419762008148,0.0005351340754654828,0.0005655478872549207,0.0005977889249407257,0.0006316522454229252,0.0006536342272750637,0.0006739571735911626,0.0006889327551469694,0.0007001922874356113,0.0007133184764415989,0.0007303992789900221,0.0007479391805779549,0.0007663661112155712,0.0007839564088401546
7947.549420526553,0.00046594857862576947,0.0004800361241555373,0.0004567089359251222,0.00047505118238115444,0.0005128790401722404,0.000549414661973252,0.0005896458976544114,0.0006257904538371208,0.0006500657513570505,0.0006698381310104011,0.0006848737385191237,0.000697128210966601,0.0007102263773967341,0.0007266417678563251,0.0007453013082856374,0.0007645494694674467,0.0007826195656849822
7947.583030583147,0.0004207600083135316,0.0004324821445611937,0.00041939422110473843,0.00044919285021066175,0.0004910296124470741,0.000535833963784975,0.0005825281016457167,0.0006195198575093167,0.0006465913386212332,0.0006657206408112407,0.0006809588454459302,0.0006942634366708247,0.0007076789521042749,0.0007231560488179069,0.0007431061616774644,0.000763064426864081,0.0007810395104364609
7947.616636955597,0.00037719143277451097,0.0003733142964570743,0.00038535891212759116,0.0004256559465058919,0.0004729712344900211,0.0005251617921581144,0.0005765620058311166,0.0006128246651741502,0.000643090539299907,0.0006623043032210876,0.0006774307533600929,0.000691585421075191,0.0007055318113282508,0.0007205220114874657,0.0007412879688254444,0.0007617542575782216,0.000779477653427689
7947.650239625979,0.0003346314708833633,0.0003197437166527601,0.0003551226163952767,0.0004038434895104918,0.0004568525678473565,0.0005163622958469561,0.000570242338904395,0.0006071191319745542,0.0006393121805256585,0.0006591538991313934,0.0006740425285169273,0.0006891810826559118,0.0007035949637684996,0.0007186733864115681,0.0007395343231665458,0.0007603677259595319,0.0007778406457519538
7947.683838576396,0.00028115595877251505,0.0002708875742891021,0.0003309703481360489,0.0003875431875965644,0.0004431702971675684,0.0005092478667991239,0.0005637791235303365,0.0006028169145095719,0.0006356123112424543,0.0006556723857963972,0.000670745081201111,0.0006870181928066546,0.0007019811272172487,0.0007174534528241994,0.0007381391739329164,0.0007590051193634819,0.0007763295733980014
7947.717433788928,0.00022810455234453832,0.00023594984734295437,0.0003105699190549106,0.0003723409348740583,0.0004339995718100211,0.0005026084203986335,0.0005576601640703828,0.0005994971199904498,0.0006313263635663763,0.0006520487625477335,0.0006679479055107602,0.0006851907830898911,0.0007004841903901567,0.0007169791406733586,0.0007367773454784697,0.000757640504540052,0.0007751961376424281
7947.751025245691,0.0001515053054762285,0.00020841086750383772,0.000292595628326555,0.0003613340400641534,0.0004276566349983884,0.0004984899761780682,0.0005525212204797093,0.0005965897957341908,0.0006270214378444881,0.0006487354613133298,0.0006658813492738346,0.0006835802427182117,0.0006993355995631073,0.0007169949115278049,0.000736185872603,0.0007564624984431524,0.0007741416615856442
7947.784612928789,0.00010394101720015654,0.00019115984599067518,0.000278147951692781,0.00035285446385314046,0.00042512168754007314,0.0004949963442396429,0.0005485941092003089,0.0005932170298425265,0.000622859040403371,0.0006456741843877248,0.0006643834336825001,0.000681859555353431,0.0006986851713116008,0.0007174805166633973,0.0007359093197315665,0.0007552214675774884,0.0007729616695281035
7947.818196820337,7.665001497936832e-05,0.00018168688726807384,0.0002697772038111591,0.00034869022990686955,0.0004272775450501453,0.000493066065055468,0.0005460227619214344,0.0005895302624695216,0.000618810112964878,0.0006428724833820819,0.0006630072071417469,0.0006802369933674103,0.0006985275111021835,0.0007182660556726684,0.0007359632761566042,0.0007541067863520795,0.0007718297089801237
7947.851776902452,6.695929213227987e-05,0.0001848529525202978,0.00026823980219510025,0.0003499887148540703,0.0004301891107459894,0.0004921298834357219,0.0005440401900362469,0.0005858330827764942,0.0006153174537198903,0.0006401465019162119,0.0006617435712682315,0.0006790282667286454,0.0006989351150861898,0.0007189414762277316,0.0007362507219340752,0.0007531496063609445,0.0007707299370834524
7947.885353157263,8.145656607960362e-05,0.00019520061160597236,0.00027327315287739985,0.00035427116927947344,0.0004354791924184211,0.0004916432146440526,0.0005433062987335728,0.0005832712303014401,0.0006125610507801913,0.0006375471144217737,0.0006605979011875478,0.0006786532295911392,0.0006996944614773707,0.0007198393472975424,0.0007367998494452994,0.000752764474645759,0.0007697863185268493
7947.91892556691,0.00012932752366457727,0.0002125477999539866,0.0002827872841177296,0.0003642257011302778,0.00044124611635927986,0.0004936538275674576,0.0005428357208918712,0.0005807850055684355,0.0006099614752867458,0.0006355207927819172,0.0006594229735316972,0.0006790539262667757,0.0007006690844361002,0.0007207654994274202,0.0007376123232321268,0.000752609574248297,0.0007688933276122483
7947.952494113528,0.00019683113066398184,0.00023995124853831663,0.00029641078444169323,0.0003789762421173739,0.0004494887617605626,0.0004990689917395318,0.0005432527845902952,0.0005780706070723028,0.0006073561927032099,0.0006340736546035607,0.0006584774551859749,0.0006798590744775143,0.0007017319337918005,0.0007218795993788666,0.0007384736670092828,0.0007527375834435476,0.0007684592478422413
7947.986058779269,0.0002823323242457839,0.0002689286271302299,0.00032071385446609605,0.00039744440636843516,0.00045808424795447974,0.0005052138088232192,0.0005439844163598143,0.0005755908196661433,0.0006054658146117112,0.0006333368202078504,0.0006575332043180097,0.0006810699631162488,0.0007029665320890054,0.0007229571274681587,0.0007393455015184671,0.0007531465515996857,0.0007682256988533555
7948.0196195462895,0.00035372149709164523,0.00030754478080634827,0.0003500550999924148,0.0004188529503957521,0.0004664074895890081,0.0005121265631196493,0.0005455495305982645,0.0005746056882787596,0.0006045897997307158,0.0006330114162171843,0.0006569548883603807,0.0006825667760189073,0.0007048159423754157,0.0007242143627523405,0.0007402964952119439,0.0007537711716795328,0.0007685533486643074
7948.05317639675,0.000395185415912651,0.0003514390023628623,0.0003877872565141966,0.0004407224839810558,0.00047806728178942,0.0005190795292657369,0.0005478608246770061,0.0005744948999308753,0.0006043235429384121,0.0006324958513283426,0.0006572243436739746,0.0006844271764535621,0.000706849226903855,0.0007254542737946851,0.0007412080723584863,0.0007547663828485218,0.0007691933498944272
7948.08672931282,0.0004404952551712023,0.0003987744469956374,0.00043123539888749365,0.00046415191192288464,0.000492926715066727,0.0005273489640229167,0.0005510794446041289,0.0005753443350620555,0.000604415224185511,0.0006320321512723562,0.0006583438008015927,0.000686439648832575,0.0007089515058020602,0.0007265362019036253,0.0007423222113132727,0.0007562103566358411,0.0007699781809509548
7948.120278276679,0.0004667616935460189,0.00045821712058607706,0.0004738939835222057,0.0004887393487356599,0.0005103882891232343,0.0005352372509944952,0.0005545490721706678,0.0005772856688257569,0.0006050065473364049,0.0006321107597033762,0.0006604068512495967,0.0006881982292110613,0.0007107798840148325,0.0007279773875533119,0.0007434576880380381,0.0007576235322147035,0.0007710487664706205
7948.153823270505,0.0004963007763742134,0.0005148530821045038,0.0005188046578989266,0.0005127448244358176,0.0005283928430917826,0.000543556038525675,0.0005592529973648058,0.0005799892651616002,0.000606553889087337,0.0006333055633330567,0.0006630126897875782,0.0006901562485510038,0.0007127455092303057,0.000729772908082081,0.0007447184782097614,0.0007592381067688705,0.0007722426863901265
7948.187364276499,0.0005236939574285658,0.0005717833891633691,0.0005618770841683129,0.000540898891208823,0.0005461756267380139,0.0005526476464152278,0.000564808885528148,0.000583987319510478,0.000608443175880674,0.0006354222810577077,0.0006658850386894166,0.0006922895969017427,0.0007148039608227122,0.000731668524621133,0.0007460921564523352,0.00076089652552586,0.0007736927151985774
7948.220901276853,0.0005508558132353542,0.0006307209403097841,0.0006045147802009915,0.0005721759358774263,0.0005643067430499805,0.00056188732497881,0.000571633273786202,0.000589324546285623,0.0006111731354381457,0.0006382292151519909,0.0006687529706436898,0.0006948594958370142,0.0007167058585565344,0.0007336419515415672,0.0007477794405790788,0.0007626173730413956,0.0007755070053634897
7948.254434253776,0.00061997025390699,0.0006803098089916206,0.0006438816293612604,0.0006029693771050364,0.000582274437893237,0.0005726057744523595,0.0005792239786481165,0.0005951811486979115,0.0006146717905859301,0.0006418738654528507,0.0006718061056199239,0.0006974902507267851,0.0007186107154571231,0.0007354331445155483,0.0007498087896400078,0.0007644234489021585,0.0007773285914751456
7948.287963189484,0.0007122931067805056,0.0007254743015868333,0.0006756890623425,0.0006328682038638304,0.0006006635364444464,0.0005845662936155816,0.0005872300246570444,0.0006016747061904333,0.0006191520039035978,0.0006465330431498564,0.0006756366485847266,0.0007004803624949576,0.0007204557696007337,0.0007373066712505419,0.0007522497031632376,0.0007662355662646249,0.0007791775125236846
7948.321488066198,0.0007958337562559745,0.0007607625590749853,0.0007062249940788834,0.0006608461607510137,0.0006194902241561869,0.0005973739991818533,0.0005966822416358752,0.0006083857941314719,0.0006251956107426033,0.0006520014807901943,0.000679578282690092,0.0007034015665678484,0.0007224252589091872,0.0007394412898701744,0.0007548780826880084,0.0007680503244228737,0.0007810011183029072
7948.355008866154,0.0008940422595118822,0.0007914652500088064,0.0007374239328851333,0.0006874908778388959,0.0006373767489293536,0.0006107708040271339,0.0006070566840455837,0.0006161589125242201,0.0006327642957410414,0.0006580676558489781,0.0006837567300838878,0.0007060151535038183,0.0007248065274596503,0.0007419377740525875,0.0007574030667895511,0.0007701116272595159,0.0007827187335048565
7948.388525571587,0.0009428952636776876,0.0008159586023705194,0.0007643192631936872,0.0007107859388201846,0.0006544488394766998,0.0006254300166144286,0.0006189047539101875,0.0006243701401946274,0.0006412225911754022,0.0006644033692094203,0.0006877762851104101,0.0007090907614708036,0.000727297580785973,0.0007444040979370516,0.0007598488330485126,0.0007725397756570689,0.0007845660334022478
7948.4220381647365,0.0009810386224224025,0.0008354338426710114,0.0007857433438098003,0.0007307745684062227,0.0006721148610777239,0.0006404502289817581,0.0006312444448589894,0.0006333613541278077,0.0006504526847654922,0.000671384570854469,0.0006925620857557714,0.0007125043178782512,0.0007300437844672612,0.0007469404411461737,0.0007622476256501434,0.0007751746645000864,0.0007862652178291016
7948.455546627871,0.0009706591311007713,0.0008507220990014463,0.0008015267464190266,0.000746588881817166,0.0006898796151947618,0.0006569152768880123,0.0006436167138236771,0.000644081648488614,0.0006604940068055152,0.0006788731860973951,0.0006976881998087933,0.0007159888182058318,0.000732917008022713,0.0007497234513273059,0.0007648015948568638,0.000777893655697147,0.0007876947413184923
7948.48905094325,0.0009237274777671646,0.0008716547936632,0.0008138584646850632,0.0007585161634725972,0.0007072012518065532,0.0006736933534874988,0.0006565437205704819,0.0006560925928937788,0.0006712272768793026,0.0006872139724142819,0.0007029535256339041,0.0007196921177615891,0.0007361241319485625,0.000752676138295262,0.0007676197388879624,0.0007803194697316273,0.0007890849537313611
7948.522551093042,0.0008716872492012602,0.0008810315342673053,0.0008215054228200787,0.0007673949218567562,0.0007242037434148545,0.0006903312023446163,0.0006702024473030513,0.0006698024060926484,0.0006818591683687632,0.0006952254304964638,0.0007087837899814074,0.0007233455306903588,0.0007396942589161002,0.0007558214430162111,0.000770448150800325,0.0007827302237396691,0.000790753164324802
7948.556047058232,0.0008093750875468842,0.0008833874013057987,0.0008293074149711305,0.0007749889556006828,0.0007390335423843319,0.0007067889208506997,0.0006847003773980697,0.0006841960651975626,0.0006929254488028854,0.0007038046633171149,0.0007147705564224445,0.0007275867481138055,0.0007436750149813594,0.0007590382434383157,0.0007731499896788454,0.0007849226932027264,0.0007926589935564315
7948.589538819172,0.0007789667570979781,0.0008726849517535052,0.0008299213380789424,0.0007814614874833399,0.0007526840872182034,0.0007225265130748645,0.000701025188560672,0.0006993667464850776,0.0007043989759439968,0.0007126405653852309,0.0007211878271799918,0.000732358587610719,0.0007478665825154393,0.0007622592500652599,0.000776014529331864,0.0007869979293012734,0.0007948112185664118
7948.623026356219,0.0008083653309735743,0.0008515065773871828,0.0008268844186183046,0.0007867516287553347,0.0007651288186541012,0.0007380940762815349,0.00071824714038232,0.0007147518534281616,0.000716473197479394,0.000721603470173628,0.0007283241478648169,0.0007379367131510787,0.0007520000471751611,0.0007657345153540488,0.0007788140510275826,0.0007889852400700613,0.0007970234231326629
7948.656509649713,0.0008297147177298702,0.000827799971791055,0.0008181581758384329,0.0007923700648377175,0.000776171272154075,0.000753123037074483,0.0007360404992220368,0.000730141269285612,0.0007286029890331048,0.0007308949756651435,0.000735260968713405,0.0007438979022853551,0.0007562316327015284,0.0007695983042964802,0.0007818462801320303,0.0007908884950419259,0.000799221550804391
7948.689988680024,0.0008554020703347979,0.000807805353476766,0.0008099771048430947,0.0007983279127037771,0.0007855568536109925,0.0007673158060523684,0.0007540545408647891,0.0007459420538030072,0.000741232926266278,0.0007400629441480879,0.0007425955327091007,0.0007501563688645997,0.0007607915420508774,0.000773571080097062,0.0007847305162843225,0.0007927388870916486,0.0008011906574061399
7948.723463427524,0.0008479791976238587,0.0007875368188828204,0.0007996999911649725,0.0008025698350887692,0.0007931745047147858,0.000781624365995594,0.0007724690834910791,0.0007619393111081649,0.0007539575455657071,0.000749562660358915,0.0007504370752591587,0.0007569682358724023,0.0007657085996522404,0.000777668974948975,0.0007873066520895036,0.0007949680210299412,0.0008032352349729538
7948.7569338726,0.0008401655972696274,0.0007725266938486986,0.0007862835015234568,0.0008068183109354337,0.0008002945766185052,0.000795931075592313,0.0007904309415138127,0.0007780834415828123,0.0007663376094459652,0.0007595884600546171,0.0007591784419068786,0.0007640853472358324,0.0007712727814592087,0.0007814513734587562,0.0007897695568452258,0.0007975158891772888,0.0008051536549324022
7948.790399995651,0.0008063112914980736,0.0007556604109657572,0.000777255116904424,0.0008087112809580013,0.000807308119045141,0.0008101117542295561,0.0008072479384193945,0.0007930510521544071,0.0007792342076550322,0.0007697350975805157,0.0007680500952447759,0.0007711878843595733,0.0007772249186560518,0.0007854169011499323,0.0007925059263847909,0.0008002453834229329,0.0008069112545458961
7948.8238617770685,0.0007564847779622085,0.0007486901124202996,0.0007707451090006166,0.000809845529413282,0.0008156173031843623,0.0008235649934648068,0.0008231006670407634,0.0008081604250281907,0.0007918492291434293,0.0007801967194176763,0.0007770194408419509,0.0007784163783174473,0.0007831579762298428,0.0007894257157443424,0.0007953811551680232,0.0008028057607132376,0.0008086434765086687
7948.85731919727,0.0006983832573557747,0.0007410242825018342,0.0007685702075854536,0.0008082917280766277,0.0008241441299390294,0.0008369985343335278,0.0008374676063944289,0.000822917018202791,0.0008046309003094552,0.0007910710760438524,0.0007864618672621974,0.0007859685204704054,0.0007895244319784849,0.0007934100542100788,0.0007986284427363837,0.000805270789491603,0.0008102850822194656
7948.890772236692,0.0006633888820765358,0.000737558277807384,0.0007725693317779468,0.0008053622345022047,0.0008338821400068805,0.0008496434281707799,0.0008511555269330678,0.0008366770806585563,0.0008175402326563618,0.0008026169921528537,0.0007960028831670968,0.000794221210874957,0.000795838115038975,0.000797573085022806,0.0008020037231174259,0.000807598783019584,0.000812065197983383
7948.924220875764,0.0006448255188788218,0.0007377351797906359,0.0007771911524414006,0.0008046116068429347,0.0008432749388475775,0.0008612961026487876,0.0008626852999099568,0.0008501800252769062,0.000829598891311811,0.0008143902777669129,0.000805825494889804,0.0008026513680482584,0.0008022421780048983,0.0008019811450316543,0.0008055140783054638,0.00081010042140713,0.0008142011157640664
7948.95766509493,0.0006570517024946858,0.000734471165429766,0.0007845940615996603,0.0008069898272470014,0.0008527939885677967,0.000873469397175943,0.000873667971105099,0.0008621289156794408,0.0008416504290306457,0.0008261728279017806,0.0008156562126594381,0.0008108413450993802,0.0008084734429478933,0.0008064400110327867,0.0008090263884816088,0.0008127258450800026,0.0008164367286564398
7948.991104874651,0.0006731186880957744,0.0007373901072252319,0.0007890147260107523,0.0008139703235544494,0.0008622121336209595,0.0008837495473306651,0.0008837946393789183,0.0008729444877622431,0.0008538293771013775,0.000838319048557121,0.0008256965030964478,0.0008193735208833352,0.0008146054828992367,0.0008115896934190173,0.0008127363238951414,0.0008151913812171567,0.0008187605494253575
7949.024540195399,0.0007064571543878241,0.0007532473230764908,0.0007960091187830297,0.0008263828512402361,0.0008700786454407732,0.0008940459523978804,0.0008925416392886219,0.0008832431816999147,0.0008663500860055829,0.000850132999803833,0.0008362373502897717,0.0008276457422427905,0.0008208950050345542,0.0008171435313095837,0.0008165496104088738,0.0008176021537511126,0.0008209538630258585
7949.057971037649,0.0007416368705744314,0.0007751194529878351,0.0008036244430035912,0.0008408806970426178,0.0008781354307692877,0.0009014063133793463,0.0009014095212892324,0.0008919715181297023,0.0008783919275374016,0.0008614785942672409,0.0008470503422499238,0.000836273991751359,0.0008272393427786336,0.0008227172384681292,0.0008204776220849622,0.0008203704500115185,0.0008235150506003358
7949.0913973819015,0.000795133067222186,0.0007996729151367516,0.00081183125686982,0.0008578533215015808,0.0008877381157396555,0.0009089053505136368,0.000909654013015068,0.000900124236833696,0.0008894644379689849,0.0008725059424774756,0.0008574819903138959,0.0008445795766000271,0.0008334587235064484,0.0008281058634373712,0.0008244689649823438,0.0008234231087841023,0.000826464540761051
7949.124819208644,0.0008558011842696479,0.0008179602340473083,0.0008259850132946315,0.000875406642387382,0.0008975986692986338,0.0009152176335042103,0.0009165481589954167,0.0009081303470832789,0.0008998961244932894,0.0008834821688820193,0.0008681551650722332,0.0008526165472362349,0.0008403166604683621,0.0008336631414193207,0.0008285237135789331,0.0008268545846494431,0.00082991971099125
7949.158236498406,0.0009026389224334555,0.0008405583410953717,0.0008489723054379541,0.0008933827663439811,0.0009099459176030695,0.0009194102934525015,0.0009234852818732833,0.0009164788547284245,0.0009093783223993565,0.0008946606858701365,0.0008781269705691457,0.0008605800381819733,0.0008474850249596561,0.0008392817139322946,0.0008327497154559703,0.0008303589343100693,0.0008339986144669723
7949.191649231706,0.0009251235844114916,0.0008598491459089774,0.0008773263673390069,0.000909648597765991,0.0009199739517320987,0.0009249077288610168,0.0009283779123737268,0.0009245967951404315,0.000917885777682185,0.0009055378820774543,0.0008878569909120995,0.0008686734571094713,0.0008548700337437303,0.0008448334803173326,0.0008372523309348376,0.000834182635766876,0.0008386801258941987
7949.225057389088,0.0009382571025148549,0.0008881652199239752,0.0009078888916167447,0.0009252551533699548,0.0009317407032154279,0.0009302009810990774,0.000933197642860756,0.000932592153081495,0.0009255471983827087,0.0009151352339081858,0.0008969289217099783,0.0008765360128548159,0.0008619426182093206,0.0008503027627286768,0.0008419119568594713,0.0008383852994128173,0.0008436801921849072
7949.258460951095,0.000928982782500646,0.0009236583707530285,0.0009388326421895661,0.000940096852070442,0.0009423467038360157,0.0009358336871504073,0.0009377923284017417,0.0009398771882529664,0.000932914008118098,0.0009241395830869119,0.0009054399394726081,0.0008850014524244273,0.0008690669053735177,0.0008556921855501158,0.0008469468455235529,0.0008433817580040018,0.0008487910875031579
7949.29185989829,0.0009182458003493242,0.0009597207638950457,0.0009695948021237637,0.0009584577062029532,0.0009518437792644106,0.0009433262116138505,0.0009425942080728074,0.0009465390360093849,0.0009404739711581405,0.0009318608173813044,0.0009135368493846961,0.0008934684907470932,0.0008760451884599396,0.0008611754405766983,0.0008520030434455634,0.0008492665695456509,0.0008538474584866181
7949.325254211245,0.0009142811185974251,0.0009936027875986156,0.0009949288926881519,0.0009744791419289128,0.0009617582615891227,0.0009493927936612458,0.0009479577392563746,0.0009519821153305531,0.000947988911889261,0.0009389643794969951,0.0009212679382647645,0.0009016190040138466,0.0008830071070719825,0.0008671383234692627,0.0008572467961175784,0.0008556867274695382,0.0008591136278105068
7949.35864387055,0.0009299598931874633,0.0010268612883842902,0.0010227525577812273,0.0009919004896333393,0.0009693659801792255,0.0009564900503198353,0.0009536675103472454,0.0009568942125205152,0.0009548247113919248,0.0009449033991128823,0.0009280255882667316,0.000909172950314683,0.0008898000043375355,0.0008731912844181367,0.0008627811698385823,0.0008623179440223105,0.0008643098641560987
7949.392028856805,0.0009812770342844063,0.001060443458388511,0.0010466802147229776,0.001007220145060173,0.0009766791198043297,0.0009636558058761423,0.0009600914602473018,0.0009614177202504693,0.0009610299123317169,0.000949994933649765,0.0009347517219727885,0.000916579477057109,0.0008963812648739327,0.0008795309535995348,0.0008690614531011761,0.0008690277534779563,0.0008697598244209102
7949.425409150615,0.0010547168896005254,0.0010885353962722015,0.0010677627094280062,0.001020398133874333,0.000986473748603244,0.000972377594308291,0.0009671087816926013,0.0009660134851812924,0.0009661321543116995,0.0009545691977391502,0.0009410982240853477,0.0009235273228137122,0.0009027608610132966,0.0008857118228656019,0.0008762605173964909,0.0008756207338181506,0.0008755342421296346
7949.4587847326075,0.001140505855965179,0.0011103604722852052,0.0010786688209987367,0.0010326648298911614,0.0009950472825004505,0.000980797216725692,0.0009735538365148404,0.0009712308570353607,0.000970494435938651,0.0009590044784734507,0.0009467834963870203,0.0009300130890264938,0.0009092107297843268,0.0008921607990865645,0.0008841871180061674,0.0008822964982179551,0.0008812619999017097
7949.492155583415,0.001219440104178611,0.0011331171156953273,0.0010896270903748562,0.0010437842256007647,0.0010042739830677285,0.0009881981019273785,0.000980180587331261,0.0009760242297175306,0.0009738633728026141,0.0009630041713243976,0.0009514536343674377,0.0009356972676520669,0.0009155574855590649,0.0008988685667107287,0.0008922718335520984,0.0008887748612690472,0.0008870749429362414
7949.525521683685,0.001273760766826997,0.0011508495710461245,0.0010972385526433009,0.0010529634862107202,0.0010133525318159543,0.0009959717984602602,0.0009866108849056877,0.0009813311556491982,0.0009761956377002558,0.0009670449604204435,0.0009558033992875042,0.0009405090552503332,0.0009220479512211552,0.0009063146297473009,0.0009003116029873675,0.0008953994708138821,0.0008930861253493759
7949.558883014083,0.0012976489964280102,0.0011686171596408277,0.0010992289296301372,0.0010606618447336236,0.0010242290759669781,0.001004481667660136,0.00099410059901056,0.0009863831583754217,0.0009777881043019762,0.0009709994505350248,0.0009595963026900569,0.0009447765420401939,0.000928098964877984,0.0009145094508952567,0.0009080717013365602,0.0009023367923239651,0.0008991206131702984
7949.5922395552825,0.0012724918840060276,0.0011722649694427953,0.0011024630299345816,0.0010628614122633866,0.0010336840619750687,0.001012785764769639,0.0010015726138900265,0.000991301411500873,0.0009797755167807887,0.0009741728779110045,0.0009631159354419297,0.0009488795189886571,0.0009340722084508976,0.00092310370899705,0.0009159761188735004,0.0009093321759326056,0.0009051565385172476
7949.625591287967,0.0012401569378607377,0.0011757433324929188,0.0011022544039335537,0.0010648428972851107,0.0010433146975666562,0.0010207751235641472,0.0010073777852808088,0.000995671466620953,0.0009815916998103934,0.0009764879887172413,0.0009663067681312811,0.0009525891196463546,0.0009398059935566272,0.0009316934161585081,0.0009235936998789466,0.000916362626643436,0.0009109083510578657
7949.658938193041,0.0011946250656726855,0.0011668400771161775,0.0011007616437686896,0.0010668376971238692,0.0010524421862450851,0.0010283408863990908,0.0010134090744776223,0.0009990190199732512,0.000984509672747422,0.0009784115941443314,0.0009685516067615782,0.000956334342018319,0.0009458387766761132,0.0009400702358137933,0.000931287007690756,0.000923490061667905,0.0009166665090053518
7949.692280264699,0.00115994036274604,0.0011458533816042183,0.0011002021986179335,0.0010703296364486877,0.0010591207400152583,0.0010370542327536774,0.0010191027153324355,0.001002224731862961,0.000988221895184778,0.0009795819466368234,0.0009704803998610956,0.0009595561140940601,0.000952446222475223,0.0009479060494554367,0.0009390703718879839,0.0009305172658568064,0.0009222979010979079
7949.725617519141,0.001101374016604224,0.0011218575663794821,0.0010942497999587239,0.0010735320049257244,0.0010630427364619467,0.0010450336515398658,0.0010250480879554864,0.0010052859585901364,0.0009916197205347877,0.0009808991900424,0.0009722296529611728,0.0009629298572319815,0.0009592831309126575,0.0009555684249827043,0.0009465556929432029,0.0009375895095975562,0.0009281195736374877
7949.758949974579,0.0010607814883230428,0.0010908962989611179,0.0010882936791686852,0.0010761671034059386,0.0010657800637702565,0.0010519975754432953,0.0010298860013188416,0.001007242511230557,0.000994539947533993,0.0009821370121459823,0.0009738048635879287,0.0009665419726043154,0.0009658739742555501,0.0009624319053272552,0.0009539264021952929,0.000944285249061898,0.000933938179327411
7949.792277649223,0.0010331643341319886,0.0010610114769765023,0.0010799894976468328,0.0010793226765444274,0.0010681402479269856,0.0010585265043058143,0.0010333211422753244,0.0010102173766503378,0.0009972052644395069,0.0009831356045608322,0.0009754039444503508,0.0009705610191201745,0.0009721093805915404,0.0009689124086850265,0.0009612648728654201,0.0009509105240787197,0.0009400624624646114
7949.825600561266,0.001000216485687116,0.0010382437072431298,0.0010741213912159146,0.0010810416868549011,0.0010713421521673806,0.0010621065301626008,0.0010364164241833797,0.0010141602235177222,0.0009995789821838253,0.0009845264116717283,0.0009763156942673764,0.0009755021128184073,0.0009777206729109716,0.0009752563985158697,0.0009682876868279509,0.0009571544701928769,0.0009463767487314993
7949.858918728891,0.0009757956408040119,0.0010128464047993884,0.0010653987686687068,0.001080997037636625,0.0010747954858048565,0.0010642328093596286,0.0010388179291064886,0.001018044452171171,0.0010016163551642772,0.0009862307655913358,0.000977802893598641,0.000980711043075573,0.000983354262391731,0.0009810699736971097,0.0009750589953531589,0.0009632965928888465,0.0009527548357358909
7949.892232170262,0.0009642175207848192,0.000993464796346525,0.0010559728618241113,0.0010794897620830153,0.0010763365342283692,0.0010643933042334163,0.0010407317902400256,0.0010210266207556736,0.0010028331270282476,0.000988188215572249,0.0009798358634191839,0.000985875657968557,0.0009885213949279927,0.0009865501154730067,0.000980983781746137,0.0009692971765169846,0.0009591336780186335
7949.92554090354,0.0009506382540142264,0.0009854525563529003,0.0010493386133768096,0.0010760328825295644,0.001078188795976955,0.0010629066843335934,0.0010433690661228192,0.0010236113436833624,0.0010034941977320945,0.0009903552929745848,0.0009830835524441844,0.0009906134451939882,0.000993315026405799,0.0009918967198264855,0.0009864178139048036,0.0009755134582963123,0.0009655339274678176
7949.958844946882,0.0009772307506487863,0.000991826200024778,0.0010429902385103492,0.001073845654750013,0.0010775269740334135,0.0010604908883440776,0.001045304746420191,0.0010257140942719473,0.0010046427866813388,0.0009922141217117504,0.0009880446007772851,0.0009945741568086076,0.000998183515273317,0.000996880156970978,0.0009912151157027156,0.0009817562331511356,0.0009719171520054888
7949.992144318407,0.0009529297620611916,0.0009967915488117388,0.001037675337311106,0.0010705954166260246,0.0010764681610129535,0.0010581229687668613,0.0010458101571736958,0.001027017643596994,0.0010064370783350307,0.0009943232533361549,0.0009937526390514518,0.0009989021068159858,0.0010024606280602062,0.0010017770632477733,0.0009957300339000362,0.000987797078217096,0.0009779284651917142
7950.025439036245,0.0009522120169994799,0.0010096260899456425,0.001032709556789394,0.0010647152304532849,0.0010729444848567068,0.0010547661765900134,0.001044807313485933,0.0010280437827108614,0.0010082779377234533,0.0009964686588596206,0.0009997954847194564,0.0010029317486838294,0.0010065698359130182,0.0010061059223700286,0.0009999045720051922,0.000993455899338551,0.0009836818136885472
7950.058729118513,0.000974208426824383,0.0010244540323255235,0.0010322474007766025,0.0010604935017751703,0.0010662608791566406,0.001053042549764791,0.0010434576581039613,0.0010279502761792079,0.0010102982419615194,0.0009998170504284824,0.0010055006578531206,0.0010071746437058673,0.001010509625010441,0.0010099391310467549,0.0010042353602757596,0.000998770234329257,0.0009893502211102633
7950.092014583305,0.00100827252977321,0.001043217405183788,0.001038228644383835,0.0010542061873671804,0.0010583824310169635,0.00105153813944001,0.0010411472463248029,0.0010269451041711097,0.001011849974436741,0.0010051930206502093,0.0010107268022256683,0.0010120622696839373,0.001013984192624606,0.0010132560261503986,0.0010085895648785836,0.0010038744868593617,0.0009948431996159167
7950.125295448719,0.0010571777244074484,0.0010495172314705775,0.0010442156662978136,0.0010496995952895731,0.0010496289454257313,0.0010493618366524393,0.001038579009806358,0.0010256601236098084,0.0010133968934638346,0.0010116630555685921,0.001016013585228929,0.0010166509699850237,0.0010176533079257603,0.0010162717523487892,0.0010128960289707515,0.0010084065266311969,0.0010000793219835501
7950.158571732829,0.0011009354987394073,0.001056162864586465,0.0010502649111762737,0.0010432232396834769,0.001039670553191836,0.0010454147612331515,0.0010354066756495797,0.0010241404117141142,0.0010155818050612004,0.0010183140902457978,0.0010204383230547921,0.0010213842763672017,0.0010208892354286168,0.0010190866486073913,0.0010171303387669628,0.0010125131583484854,0.0010052057380178017
7950.191843453701,0.0011365154310797767,0.0010659425815781273,0.0010569303394587328,0.0010368077071633945,0.0010327851043779705,0.0010403661620474712,0.0010313829115522432,0.0010229632769461353,0.0010188394702488153,0.001024508061864835,0.0010249201222220575,0.001026062321358707,0.0010241217826211452,0.0010220605187338191,0.0010210293878894555,0.001016438309494386,0.001010285009956288
7950.225110629395,0.0011688899121754985,0.0010769511800144892,0.0010617834606964436,0.0010312977184629573,0.0010273081495049288,0.0010341380494518486,0.0010271114179453515,0.0010209420211484642,0.0010232809984063495,0.0010300591462074245,0.0010301665167693967,0.0010305637821963502,0.00102725768095937,0.0010250406461498524,0.0010248200298658148,0.0010201634458713645,0.0010152858588675742
7950.258373277951,0.001151371563881635,0.0010937019192626646,0.0010620894368713128,0.0010255356319512617,0.0010225477160693954,0.001026900363365483,0.0010234125757688133,0.001019513942680632,0.0010281514119578324,0.0010354321678839136,0.0010352511107871735,0.0010349684573308711,0.0010303859542131828,0.0010282010668183842,0.001028019936601337,0.001023783059109903,0.0010199977703122278
7950.291631417415,0.0011082949333740177,0.0011014291514134073,0.0010590141779170403,0.0010206791391005202,0.0010165005099114718,0.001018990639946173,0.0010195687553344913,0.0010186646270714617,0.0010330026227194109,0.0010402884597287988,0.001040327647327882,0.0010384320302393086,0.0010336088050309647,0.0010314456518964042,0.0010309169138469308,0.001027574661225134,0.0010244708040313484
7950.3248850658065,0.0010615954492312065,0.0011066108199288716,0.0010531730940710787,0.0010190220809034387,0.0010121492057600639,0.0010106134843418883,0.00101565720679136,0.0010195653096811846,0.0010374090406220675,0.0010449049162790144,0.001045287127708766,0.0010417191902291527,0.0010371272892611522,0.0010348225433037632,0.001033589632863583,0.0010313574331364188,0.001028677391571882
7950.358134241145,0.0010646062721303817,0.0011044552411678316,0.0010431004467252479,0.0010204075656630037,0.0010080003899675546,0.0010027386592496915,0.001010747468388514,0.0010226191815440385,0.0010408297173841966,0.0010493847853522153,0.001049971354889646,0.0010449196773384523,0.0010409078244576965,0.0010384930102794974,0.0010359987996189765,0.0010352001233719843,0.001032529855794691
7950.391378961425,0.0010829574882432475,0.0010918746617372813,0.0010357708511408647,0.0010183069853260973,0.0010031645205705586,0.0009967969210742105,0.001006063215837416,0.0010269284822964925,0.0010445240490423455,0.0010529426609426431,0.0010543230874135439,0.0010482724077300516,0.0010446327425303438,0.0010418077325262058,0.001038527480303417,0.0010387433042920364,0.0010361662325355995
7950.424619244644,0.001085033082794231,0.0010658639872989464,0.0010256477069750989,0.0010142953617562902,0.0009992292610719732,0.0009914800146230947,0.001002185904296922,0.001031332626285338,0.0010474365309109004,0.0010562969877407002,0.0010580081510227254,0.0010516209503744886,0.0010480676779529403,0.0010450494825912588,0.001041413618082564,0.0010421638905937025,0.001039656254776373
7950.45785510879,0.0011069577241006295,0.0010311768413324425,0.0010192204394658278,0.0010110436136220285,0.000993783864379293,0.0009884173108254924,0.0010009783279193443,0.0010347964123739843,0.0010504256154398445,0.0010595971871844307,0.0010612068802416993,0.00105522397909973,0.0010515141118571378,0.0010481475137717557,0.0010447228262971515,0.0010452721050071508,0.0010429167197219746
7950.49108657184,0.0010926217978678202,0.0010030070723215038,0.0010162869139344012,0.0010046217096412132,0.0009897126689443602,0.000985387767992358,0.0010030821534631276,0.0010371007185348636,0.0010538341740273067,0.0010624028984236502,0.001063491444040884,0.0010590601247817094,0.0010552988268075043,0.0010512171803520561,0.0010484758437732094,0.0010479585442316791,0.0010461433313086795
7950.524313651742,0.0010672724972307797,0.0009802037383100505,0.0010074506164936547,0.000999213482938712,0.0009851411016469722,0.0009831416858728766,0.001007660259421918,0.0010393131583520798,0.001056750514896637,0.0010651532106373757,0.001065297610128677,0.00106265672243264,0.0010588312941953496,0.0010541821865464017,0.0010521604108033264,0.0010506108828933728,0.0010489286509068783
7950.557536366465,0.000997801360312739,0.000957088186182227,0.000992474229046788,0.0009925273064046204,0.0009814036961859013,0.0009832662288212694,0.0010129690668564744,0.0010406277533184793,0.0010595338359535255,0.0010670538401189938,0.0010669525443341623,0.0010662885067918323,0.0010621589189275498,0.0010572002832159692,0.0010559384321270492,0.0010532561258540247,0.0010514933705044922
7950.590754733947,0.0009030437300447487,0.0009510665620566965,0.0009772931156543263,0.000982798100495666,0.0009795747224790588,0.0009861787452582894,0.0010188958771306825,0.0010424392050432695,0.001061867744300757,0.0010686624418200987,0.0010689490909819327,0.0010697095739668348,0.0010652816617543795,0.0010605625493574642,0.0010594687343469073,0.0010560422297203205,0.0010538972417051206
7950.623968772118,0.0008358592165923093,0.0009491663304945813,0.0009646263623702847,0.0009742429632831665,0.0009754269690353037,0.0009938719537683424,0.0010243758606615944,0.0010451907089916962,0.0010636689717444972,0.001069714907192924,0.001071053367745115,0.0010727482671132737,0.001068319540505026,0.001064435011607949,0.001062771255511817,0.0010591292135962603,0.001056018973949156
7950.657178498916,0.0008154478697469011,0.0009435387267352643,0.0009535217287666925,0.0009648549979362643,0.0009737520698588263,0.0010024443317774114,0.0010300926893381877,0.0010480791837760581,0.0010650143023765287,0.0010706957035739395,0.0010732254540678399,0.0010749719588236336,0.001071092630173837,0.001068358008058027,0.0010658179555692497,0.0010619633310138623,0.0010580558940040793
7950.690383932242,0.0007940667428935998,0.0009261754406948185,0.0009428389794519583,0.0009548495447890015,0.0009735200793160522,0.0010119396361115188,0.0010357184401541175,0.0010512753873579994,0.0010654227121741318,0.0010715906240512552,0.0010753213359297642,0.0010768272632857958,0.0010742419305714217,0.0010722728932273525,0.0010685503080822886,0.0010647653523700336,0.0010599305653019634
7950.723585090011,0.0008459942342661785,0.0009091059934133347,0.0009320903291263221,0.0009467535757168386,0.0009764706091994601,0.001021385427311501,0.0010414184856962145,0.0010553205190255558,0.0010657705844129939,0.001072588083536166,0.0010774375864894485,0.0010785055353888342,0.001077578266684037,0.001075875054406074,0.0010713287883014281,0.0010674789615718813,0.0010617475119935721
7950.7567819901105,0.0008981753360112853,0.0008978132175695446,0.0009216621069294524,0.0009400591013810049,0.00098532694484963,0.0010285288247619618,0.0010485917169037967,0.0010595255963705206,0.0010658664527152422,0.0010737271724550028,0.001079523408260976,0.0010799521376166307,0.0010808233884088327,0.0010791805885547873,0.0010744541542642748,0.0010700937816204258,0.0010636259490697806
7950.789974650437,0.0009592196027621306,0.0008967888222214226,0.0009138226352016,0.0009368702908042491,0.0009954248860684486,0.0010368311576381178,0.0010541653130558587,0.0010634206099260136,0.0010664430450316635,0.001074647269496654,0.0010811062437045844,0.0010813983200238478,0.0010836607741445655,0.0010820675626190088,0.0010774098130186655,0.0010724174772473716,0.001065506725465309
7950.8231630871105,0.0009799203296011639,0.0008944552500670732,0.0009051413682711841,0.0009372539640466827,0.0010053315798843289,0.0010437717857414942,0.0010600869836160619,0.001067001532238937,0.001067307926630139,0.0010755083785348452,0.001082335795288743,0.0010831675201790946,0.0010863672849049304,0.001084886295037801,0.0010802340805533904,0.0010742887580079876,0.0010676320316746293
7950.8563473069735,0.0009829034228037545,0.0008955801460301022,0.0008998179455740332,0.0009454658235588768,0.0010143858090653954,0.0010503269581864235,0.0010663674875872038,0.0010700626428578916,0.0010694434953384682,0.0010766468821103328,0.0010831182960611902,0.0010853732760817713,0.0010887724893450623,0.0010875829773905783,0.0010829274115244497,0.0010759945900591101,0.0010699056269525163
7950.889527313747,0.0009604962575705971,0.0008919312775410077,0.0008970155798914488,0.00096097554178921,0.0010236629510493693,0.00105829278913906,0.001071463483262675,0.001073131890478803,0.0010723889441449043,0.001078070300957477,0.0010836493033503133,0.0010878348154840824,0.00109072855444316,0.0010900776758265643,0.0010854721849866396,0.0010777859714057878,0.0010725814812947113
7950.9227031111695,0.000938154835152891,0.0008994265123477624,0.0009034541604523634,0.000980191154786853,0.001034264934243483,0.0010641187909995959,0.001076939903739112,0.00107531163890844,0.0010752940566513837,0.0010793941857113445,0.0010839249864497524,0.001090207974386441,0.0010924728599006018,0.0010919694262813435,0.0010875752623108323,0.0010796806445377714,0.001075399846943753
7950.955874702975,0.0008852359162751753,0.0009048811892792994,0.0009144109569558906,0.0009991889733635432,0.0010439787972258583,0.0010693820194659965,0.0010810011234341978,0.0010778198926525877,0.0010787888200225312,0.0010806238676140708,0.0010845915167102516,0.001092491662479648,0.0010940492529350337,0.0010936091237986007,0.0010894323330964963,0.0010817548275136053,0.001078158990680117
7950.989042092886,0.0008389883141512249,0.0009119692477570607,0.0009390544519672252,0.0010169277173701582,0.00105506829134075,0.00107455512658052,0.0010840360105259664,0.0010813157945085202,0.0010822570349565519,0.0010823034722342903,0.0010859714731569063,0.0010942235406394042,0.0010956857830685738,0.0010951465600567351,0.0010909501571222187,0.0010839663466649884,0.0010809955056705221
7951.022205284642,0.000818065162169057,0.000911626201712997,0.0009722446799398959,0.0010349049525539232,0.0010671551036054551,0.0010805499341831756,0.0010867442719676738,0.0010846698246465539,0.0010863156748652013,0.0010842290288077857,0.0010879207586632282,0.0010954599132706278,0.0010974095172263127,0.0010964142893428088,0.0010920406853852176,0.0010865867201381091,0.0010840368395819199
7951.055364281961,0.0008400589570882506,0.0009196959556814227,0.0010140822178098543,0.0010565787090310807,0.0010778583611588707,0.0010868799588432036,0.001088253816407606,0.0010886161970168626,0.0010890548527155875,0.0010860374847076716,0.0010901810036264056,0.0010962297011440792,0.0010987821061051563,0.0010974181636309254,0.001092875924537608,0.0010892577109345553,0.0010871587429857128
7951.088519088567,0.0008533453243393717,0.0009290957119485613,0.0010549134349913856,0.0010758146070583793,0.001087626503085205,0.0010920422327979258,0.001089385375804965,0.0010924460604823062,0.0010916648911666264,0.0010888544184536146,0.0010926053360306202,0.001096824045945719,0.001099923955748419,0.0010980671899403125,0.0010938133295209478,0.0010920965494751647,0.001090131375354583
7951.121669708192,0.0008988254693434105,0.0009633623918231873,0.0010906939710047811,0.0010976725928818754,0.0010971374128182182,0.0010972806260441772,0.001091308751834896,0.001095951322703673,0.0010943632229716781,0.0010922012481298015,0.001095227695466742,0.001097667299468726,0.0011007651634252795,0.001098510769350102,0.0010949443487322588,0.0010948827103305374,0.0010927887684732845
7951.154816144545,0.0009297072969474853,0.0010252834837421673,0.001119841300265677,0.001118710832094356,0.001107599459666548,0.0011014308926748254,0.0010948771596216637,0.0010999037561599838,0.0010964244284466782,0.001096434138691367,0.001097742659380638,0.0010988452229390147,0.00110131500997334,0.0010987582508954691,0.001096435305850866,0.0010974268188651643,0.0010951667258009227
7951.187958401347,0.0009848201523573782,0.0011036791880194357,0.00114955744489228,0.0011392029292152897,0.0011197670298109766,0.001105126106279273,0.0010990717678222284,0.0011021976998864026,0.0010988765997279404,0.0011000156106802527,0.001099871178781896,0.001099978077422456,0.0011013680606374709,0.0010990099729968894,0.0010981889258121276,0.0010997266552227796,0.0010971291340085908
7951.221096482318,0.001065268754642962,0.001176104077037276,0.0011707967560504202,0.0011577814297436299,0.0011295159223344226,0.0011081965373112494,0.00110362056519041,0.0011036988991757074,0.001101836198120812,0.0011037782890307526,0.0011022742685300973,0.0011010744538575113,0.0011010340817125953,0.001099422753467296,0.0011000574077234362,0.0011017771402263648,0.0010989798078366224
7951.254230391177,0.0011722690421588364,0.0012436451004141631,0.0011945309520079834,0.0011741006461872955,0.0011398271995738279,0.0011121830923459897,0.0011088625936220983,0.0011049498578474609,0.0011051826032575172,0.0011074044114756877,0.0011047013558218906,0.0011025494580207305,0.0011006250613488306,0.0010998868862149554,0.0011020239295640335,0.0011035181483743542,0.0011006812578104265
7951.287360131626,0.001309049323302291,0.0012973607392947758,0.001221934960334823,0.0011874782934416146,0.0011470946612992935,0.001118173634574568,0.0011141459937021967,0.0011068936572640518,0.001109365972031392,0.001110120759147438,0.0011077089712629568,0.0011040943374712407,0.0011002003446606158,0.001100764313130677,0.001103975068150844,0.00110486731584306,0.0011021872383239013
7951.320485707391,0.0014651184719206157,0.0013479654713201776,0.0012476315580129604,0.0012001188622837889,0.001154775809888356,0.0011259213038338437,0.0011182246401697615,0.001109206408407377,0.001112727866533613,0.0011128373023092707,0.0011097929160144887,0.001105204223470767,0.0011000857466416374,0.0011017586371557368,0.0011059167154436043,0.0011059438475450334,0.0011035218979073141
7951.353607122166,0.0015854194258736007,0.0013857243996150176,0.0012682920919692804,0.0012065147225381145,0.0011612692201644283,0.0011335084631824107,0.0011212086654368747,0.001112524007285018,0.0011157810027668292,0.0011152953010106245,0.0011118243310239092,0.0011062912333576317,0.0011003487142434878,0.001102891884145468,0.0011076276842464003,0.0011068300984397315,0.0011048209481758445
7951.386724379669,0.001672769826606652,0.0014104861769566146,0.0012880299281968221,0.0012127288678678912,0.0011677689959541729,0.001142353060155307,0.0011237973668546419,0.0011171952501679643,0.0011183742030762614,0.001117571821928938,0.001113977548917655,0.0011070655960038799,0.001101300471651974,0.0011042750942795445,0.0011088481501287458,0.0011076898344411122,0.0011061755230043022
7951.419837483601,0.0016692587635745934,0.0014245643497972998,0.001303114018662733,0.00121769371378139,0.001174047761308399,0.0011501136709244693,0.0011271492024104214,0.001122464730783608,0.0011211000069077661,0.0011203473154875634,0.0011155363600761424,0.0011079963524521666,0.001103070661980004,0.0011058226745132049,0.001109646041410392,0.0011085604434229153,0.0011075546289085806
7951.452946437674,0.001622302943690578,0.0014268750207342047,0.0013153869337873087,0.0012229066077472006,0.001180511607218125,0.0011571191372729303,0.001131687536811993,0.0011274316494082374,0.0011237358784581862,0.0011220050148286853,0.0011169894534149125,0.0011085134983939767,0.0011050887635359885,0.0011076326575922527,0.001109978887172582,0.0011094775755455747,0.001109123809608675
7951.486051245574,0.0015031822186160997,0.0014177683040134039,0.0013202706526281532,0.001225433127589703,0.0011851273758728394,0.0011624356202336152,0.0011369867393983262,0.0011319439865895436,0.0011263842210631366,0.001123148834387904,0.00111792090919126,0.0011094581633772317,0.0011076345239967665,0.001109358965617692,0.0011101063241739314,0.001110396256013441,0.0011106637585731364
7951.519151911021,0.0013670925060588303,0.0014065705068208938,0.0013168417754387336,0.0012297665461961072,0.0011906391151119077,0.0011663887815712604,0.001144267587435271,0.001135837107547574,0.0011295408254253564,0.0011241728163935275,0.0011183164839562944,0.0011109121197380545,0.0011102668872416245,0.0011110990556207005,0.0011103248190530337,0.0011112412396377639,0.0011121778070533213
7951.552248437702,0.001273767947810422,0.0013783341832772076,0.0013031438561657664,0.0012341803519661035,0.0011969926979188642,0.0011692399105453944,0.001151386147037868,0.0011398057713895848,0.0011329419039828469,0.001125530806868657,0.0011187369300598722,0.0011127072757991846,0.0011132447160708567,0.001112682708599026,0.001110714197868598,0.0011121241747830024,0.0011137412149255215
7951.585340829315,0.0012140058295500172,0.0013399882027152884,0.0012863783476838968,0.001238087139850501,0.0012021281015074665,0.0011719452832935936,0.0011587108411415124,0.0011442605726323383,0.0011355916341521445,0.00112669092145729,0.0011186381903900183,0.0011151382593523698,0.0011158476279300728,0.0011138431290158967,0.0011113968722157854,0.0011130681640989452,0.0011153337570438846
7951.618429089558,0.0011885325732635982,0.0012828515239028866,0.0012653287400877446,0.0012410350856986508,0.0012045262240904147,0.0011745071269610597,0.0011653724147477102,0.0011483322080265423,0.0011375506065041461,0.001127508923717545,0.0011186493318521486,0.0011177401883916676,0.001118361474632102,0.0011151043319916078,0.0011122311647528433,0.0011139874564482914,0.0011168788077510043
7951.651513222124,0.0011934847268511872,0.0012204437367181057,0.001248003919754716,0.0012408314149839784,0.0012062806577844674,0.0011789442705974853,0.001170668789854427,0.001153178268174183,0.0011393114349648888,0.0011283214082426116,0.001119006540389234,0.0011202957941280841,0.0011206548853278245,0.0011162881496968326,0.0011134855594404365,0.0011149869335208343,0.001117997149315684
7951.684593230701,0.0011793193905463059,0.0011624467688228742,0.00122804035097665,0.0012371112721015008,0.0012067991821718624,0.0011849448427140286,0.0011744305958310622,0.0011577087356519488,0.0011414109648855532,0.001128858437730989,0.0011206418932227802,0.001123111710736649,0.0011222520413904534,0.0011178088732384374,0.0011150646395386567,0.0011161823422309396,0.0011187871928303127
7951.717669118979,0.0011839174754953656,0.0011210273411825285,0.0012056643027077783,0.0012296048977244835,0.00120662842023722,0.0011911490116322764,0.0011774770314426587,0.0011617449888375996,0.0011437279925300236,0.0011292626449252731,0.001122949675580463,0.0011254734621365357,0.0011236804764506406,0.0011190572558860926,0.0011167962765235974,0.001117628417454073,0.001119628294204558
7951.750740890651,0.0011468734877380694,0.0010923010002979062,0.0011803794332348172,0.001218308846081069,0.0012074232890520644,0.0011961532623675382,0.001179247891770186,0.0011648891145701807,0.0011453795615783949,0.0011297355308751676,0.001125681585526224,0.0011274044052750059,0.0011248414089239074,0.0011204787150659833,0.0011188054552844129,0.0011191545280287087,0.0011204804236584623
7951.783808549398,0.0010921209206426262,0.0010816304336431493,0.001155639475688382,0.0012066999674401886,0.0012079461937442937,0.001200247461823427,0.0011814499497430461,0.001167341019283686,0.001147105576521451,0.0011305939863463473,0.0011289070277346839,0.0011288719941385202,0.0011257806371098014,0.0011221607469111296,0.0011207442785267222,0.0011206687397821587,0.0011214322750733316
7951.816872098903,0.0010354386042931664,0.0010761688710037853,0.0011376551409602825,0.0011917979268370829,0.0012074131910286968,0.0012026125680879274,0.0011845060652795603,0.0011688930434963782,0.0011480508090333408,0.0011328402772944758,0.0011321499168436239,0.001130324780353245,0.0011269809578320078,0.0011237386371071138,0.00112303671672914,0.0011220754268932156,0.0011225164805237873
7951.849931542855,0.0009840031744871168,0.0010800750683671184,0.0011246413130383886,0.0011748934261157106,0.0012057763563178728,0.0012037583432564728,0.001186990315330092,0.0011697065363673897,0.0011491253833636925,0.0011362537212601007,0.0011352968107278861,0.0011315191506181788,0.0011278492418014666,0.0011257659727691076,0.0011250688436759855,0.001123608150951455,0.001123667954595952
7951.88298688493,0.0009405102770362872,0.0010838026191764998,0.0011156875347676936,0.0011586051494900398,0.0012026959705154746,0.001204087601128465,0.0011880838913739373,0.0011690387641398426,0.00115029701670501,0.0011399908062655055,0.0011379360515083796,0.0011326053680309255,0.0011286154183120167,0.001127772138256845,0.0011271961017221112,0.0011254311396128856,0.0011247267600129926
7951.91603812881,0.0009520314801736248,0.0010871322258441125,0.001111114843525923,0.0011452652112469075,0.0011988802661268894,0.0012030094068675914,0.0011889400319647035,0.0011680731264465095,0.0011515101374877153,0.0011443489769034317,0.001140031926432932,0.001133882944781552,0.0011294790650244314,0.001129582781142443,0.001129132221427516,0.0011272193948798348,0.0011257304487285412
7951.949085277807,0.0009967491276257122,0.0010978430354740254,0.0011057904412104145,0.00113785554508841,0.0011917801226574102,0.0012007372724259625,0.0011889177587257208,0.0011670781974511225,0.0011533565004949423,0.0011484083917334138,0.0011419919926444182,0.0011352232213515708,0.0011309166524004115,0.0011316832881134596,0.0011305244373297058,0.0011292828755237957,0.0011267690780330554
7951.982128326769,0.0010776424225541524,0.0011017368486820234,0.0011034806004627288,0.0011356016182453622,0.001182354205946261,0.0011967002409448188,0.0011878012619986414,0.0011663009720856141,0.001155777786346983,0.001152581496222186,0.0011439577142861052,0.001136565251858236,0.0011327943573154991,0.001133474599036599,0.001132304334483477,0.0011309331346253293,0.0011275407272184142
