wav,5,8,11,14,17,20,23,26,29,32,35,38,41,44,47,50,53,56,59,62,65,68,71,74,77
8190.04,175230.79669698566,170693.15088879608,169350.25159129212,169126.63939929352,169393.87580987663,169619.01547195765,169522.9065110514,169216.3387637123,169078.4997952617,168824.29473038422,168752.6475355499,168775.4798234993,168702.08941785482,168725.1329708108,168653.860437602,168523.4741536433,168423.90362295505,168335.60731130381,168195.05010787983,168039.877398438,167938.31467172893,167820.7895243612,167554.0630391348,167297.17174950888,167117.76279098034
8190.09,175549.5207256951,173721.68781427882,171465.24750189,170842.6761944112,170775.86736324357,170611.28031393702,169531.4635564616,169167.6299926269,168865.17882028644,168748.85941549568,168641.46612658844,168692.60404935994,168696.326321119,168601.785022499,168472.4603328996,168317.17137919404,168200.37508047625,168096.83233236778,167969.86295716112,167766.31221262415,167599.367897146,167488.9007320703,167277.4981599558,166981.79360799064,166770.9456513537
8190.14,174677.73335627993,174964.50983602495,173514.53880973626,172647.3318843665,172024.01191429497,170847.33708661265,169699.97472388358,169047.69979174106,168724.88905575871,168649.73581709544,168606.72847465563,168587.76722799166,168654.5499599078,168467.51422868168,168270.01106003806,168117.46418801282,167967.51942108688,167847.45985244834,167698.10364788893,167515.11280450644,167278.9644289777,167090.48725943526,166952.51098771725,166684.8339041819,166438.37938943217
8190.19,174822.01646908352,175522.00088825796,175918.7956159669,174244.36218674376,172692.5216360577,171036.62354508037,169869.781159136,169010.73130831262,168645.97832648837,168556.699345072,168568.12455430906,168550.4181555738,168480.57001804045,168318.66846508134,168072.5150768528,167904.61610746777,167748.35434548152,167575.58861411436,167399.49136130378,167232.94622318202,166956.06700727288,166716.45823827045,166567.80107207986,166376.46311563448,166117.15188807467
8190.24,175085.82888649608,176310.38617033372,176520.53469063673,175624.27963138145,172865.4050520645,171197.97174660157,169925.18835849848,169061.02201207622,168622.61416193488,168507.2007004262,168506.7647289077,168486.91580461242,168262.2064079136,168120.97687792365,167892.61569957875,167678.01021664182,167528.16062411814,167292.21009203533,167092.0883504919,166905.23856610287,166633.57794370138,166358.1241025702,166145.60727161114,166020.2794007483,165810.37769357188
8190.29,175738.1006607603,176986.23355427667,176987.53351966199,175426.02199458703,172924.0351259044,171282.50585341104,169953.1996118897,169171.71917902582,168691.63134025707,168493.26391416116,168456.6198222187,168321.95210452523,168071.5081010515,167865.2130081115,167706.72403747807,167456.26225087373,167238.46689622328,167004.01369247085,166774.93254350548,166525.71118928387,166286.54415480312,166019.77447808645,165777.63617481876,165615.791304235,165467.10256498525
8190.34,178046.66310317098,177335.68727498993,176962.7335429034,174271.99249414887,172995.4856077666,171185.9086573215,169952.59694960536,169290.93702591638,168805.40654404953,168531.76938766334,168332.58286038274,168089.96296085682,167873.88555716016,167626.38203172333,167461.51425725414,167229.76932527917,166955.0058502949,166709.77338611012,166428.50083343007,166154.31553257458,165909.29305086192,165672.67010441047,165415.59923788195,165204.96590996362,165075.74153216876
8190.37,178864.72913900128,177469.59815000853,175551.41980763854,173649.04814053435,172611.12708306607,171014.8768462201,170027.45929785605,169351.78339221064,168887.91495852824,168570.65816161325,168251.18707241595,167958.18204003363,167743.86485817304,167496.7782216012,167287.8592420418,167091.5035789083,166764.9904680669,166500.73636427434,166220.74940643847,165930.2918919026,165671.33466449898,165457.12982206955,165205.21541969295,164977.23790007987,164815.07635414344
8190.39,179193.82284595128,177599.66380393025,174937.21238230015,173253.16228507724,172160.9323388222,170966.78260194973,170015.5930712967,169370.67147456712,168953.09943465682,168590.83784099022,168176.80825349604,167877.7949210335,167634.76548346283,167415.15417719705,167181.552043752,166958.55453129875,166664.33072601704,166374.13405703247,166065.31941175417,165785.22788478454,165522.53151659394,165302.21301459835,165073.39335662534,164815.78066388864,164630.9182912166
8190.44,178435.14250855526,176112.9947237835,173050.5793744273,172064.50972058377,171188.8921872465,170782.76300907522,170020.94330841285,169461.01683121253,169094.38361243607,168549.6605634971,168024.458964614,167652.0001687265,167381.50015017364,167167.798960801,166888.03819083507,166626.91868566955,166390.82706274444,166003.69910396807,165692.12899077102,165406.4798361304,165140.18989339093,164912.93039465477,164702.57690268298,164443.17540385007,164192.0869270658
8190.45,178415.86985806847,175612.16250835796,172740.223513058,171798.13253364232,170979.12178966118,170662.89620060092,170010.34994776145,169506.9357042116,169095.82118907574,168546.7887963595,167992.23500690932,167618.65771179812,167334.72271665072,167108.20851806115,166839.3149178639,166553.2019429518,166304.64933835441,165932.96607360858,165612.34190574283,165327.36045606222,165067.16283907698,164824.7747625559,164632.6713835577,164373.36678249665,164101.05743330892
8190.49,178073.99683548647,173164.9721716704,171765.19445910913,170668.8116879518,170262.09129375935,170196.39066250328,169993.10241962562,169556.57191537682,169070.55762518523,168463.02073475427,167893.66146732043,167438.4270034304,167131.01083899985,166881.64305606502,166596.80536226198,166273.48306417288,166030.8475896373,165637.86418248108,165304.09070341947,165028.55614351222,164753.6928580415,164517.6109039107,164306.9928095676,164065.26425946323,163734.19595726833
8190.54,171590.81055232184,170229.82734600894,170078.64885132044,169433.6831032053,169506.20962189126,169645.23504323492,169838.26282980587,169565.29331166518,168996.59498684324,168325.6413734325,167754.2919912219,167257.05785554796,166879.32985019338,166557.19968255894,166248.48228427276,165929.27563753317,165579.74016470474,165273.53460098436,164909.57169806625,164629.01621732843,164366.26953101213,164118.06589826787,163887.82660746956,163632.73189524043,163220.20728220817
8190.54,171590.81055232184,170229.82734600894,170078.64885132044,169433.6831032053,169506.20962189126,169645.23504323492,169838.26282980587,169565.29331166518,168996.59498684324,168325.6413734325,167754.2919912219,167257.05785554796,166879.32985019338,166557.19968255894,166248.48228427276,165929.27563753317,165579.74016470474,165273.53460098436,164909.57169806625,164629.01621732843,164366.26953101213,164118.06589826787,163887.82660746956,163632.73189524043,163220.20728220817
8190.59,164196.29976005538,167278.05232351448,168037.2796628671,168565.16278343063,168843.47487017978,169149.54259909719,169474.24140227924,169408.76292298085,168790.59258103135,168130.64591880204,167593.95924654647,167077.2686805024,166605.90133050352,166221.40590002877,165886.32749916214,165534.73113642866,165152.52156894834,164848.44957412165,164534.27441064446,164230.80570209443,163969.61861973084,163711.12140239414,163448.94806718582,163122.26959788607,162663.74169272018
8190.64,160227.69068312348,164399.84027743473,166478.97405212195,167773.5228264519,168292.79234027604,168724.40724722447,169048.75098912363,168928.72212892768,168518.03719350242,167927.38237817815,167376.07127146228,166891.3606641026,166332.31796245393,165869.02406387587,165499.0369717124,165090.4179349517,164759.4806622157,164396.2367953881,164133.5203020602,163831.43172004487,163551.0887285442,163293.48856211803,162984.5578400411,162526.65341516162,162066.33804054727
8190.64,160227.69068312348,164399.84027743473,166478.97405212195,167773.5228264519,168292.79234027604,168724.40724722447,169048.75098912363,168928.72212892768,168518.03719350242,167927.38237817815,167376.07127146228,166891.3606641026,166332.31796245393,165869.02406387587,165499.0369717124,165090.4179349517,164759.4806622157,164396.2367953881,164133.5203020602,163831.43172004487,163551.0887285442,163293.48856211803,162984.5578400411,162526.65341516162,162066.33804054727
8190.69,157087.4446302969,162185.77724968686,165236.30035785912,166902.6818466525,167851.03806812054,168318.0935554028,168439.91489302315,168311.9496356768,168173.17561206527,167655.7601240328,167141.28985848383,166617.56301062086,166039.07565963556,165540.93364862254,165054.14555402895,164644.60857033147,164304.59612155447,163964.23109317428,163689.1844883182,163441.53964297887,163120.79654913538,162831.2468245062,162441.02237432564,161921.19692760863,161501.17035080443
8190.74,158883.6945497284,162172.97817754504,164371.1788260409,166184.7841662923,167373.8548375403,167845.6470876574,167776.07173659833,167678.23928313478,167583.81425315517,167331.1503127041,166849.98459034527,166278.0837387612,165728.0923519121,165176.03690566245,164608.10564823993,164191.54379254917,163841.19440291618,163538.2567602113,163226.1287330585,162999.28931120518,162692.91361342376,162320.06861074953,161828.10284230617,161324.67730926146,160950.30634856343
8190.79,163448.74287954025,162763.5572934467,164031.24185291943,165612.73783022762,166815.21435802602,167229.34137572002,167092.77970092228,167031.41653181764,166955.91548743157,166875.22038324617,166446.1632247357,165915.46892313074,165355.54772226445,164756.13936281292,164195.080567288,163730.78657208369,163386.37729975808,163075.01301560068,162785.18742696726,162508.64202777317,162222.81190857675,161718.3344150702,161183.91561571413,160762.66400924991,160391.0633912267
8190.81,164454.32461854385,163165.73404572115,164107.64780098115,165449.41231577465,166524.95950245645,166864.07320415805,166861.29357721616,166763.74811157022,166700.23826686013,166650.20742340345,166270.5759509798,165744.74426209612,165196.50463956335,164571.31399848053,164025.79754857332,163545.01244614093,163193.34274509855,162898.77758771036,162608.6804694202,162306.57439106528,162014.88420414837,161460.2498852384,160935.5398586491,160546.31222500032,160164.3242415394
8190.83,165388.04484713005,163967.65714199902,164129.4240314941,165224.19143038825,166201.75634638697,166521.7522482822,166558.485087249,166519.82414887656,166445.92534144147,166352.2337104572,166119.62133212297,165591.5327087133,164989.00918340494,164407.51538777002,163845.29713782735,163372.12711367855,163015.41440375586,162690.50139228263,162424.70330233837,162099.59312516576,161761.27455776968,161235.1141785779,160688.54139697723,160308.22699834913,159955.3981864684
8190.84,165517.53076543304,164408.88208029227,164060.6324952349,165186.19294923017,166012.5887650617,166331.60075965856,166428.38927775397,166363.477629301,166324.25712841883,166218.51692983217,165990.04352059076,165506.18637868154,164890.23952629924,164319.85017140556,163763.52423400804,163282.49756111176,162921.47789245198,162603.04094078668,162318.059320939,161999.05853221117,161630.32184599602,161102.00093177275,160576.95363482443,160193.71045564127,159838.185147231
8190.89,166276.2673353443,166163.236632534,164872.9357553707,165073.63538348395,165222.3535838099,165500.06222833277,165702.00067008773,165698.430908374,165682.4844408743,165509.09409521276,165340.21102220338,164992.00798965272,164387.94213272672,163843.54188156858,163325.7881849412,162846.42511211286,162445.76824845906,162125.6812269919,161821.21406840856,161489.4712627045,160938.52545877112,160436.09378609338,160002.24413082615,159612.89892447647,159287.77193932273
8190.9,166462.21363216487,166366.95665426724,165143.4057352874,165033.04285121945,165026.92145183956,165310.3828388826,165549.1826117817,165557.8298698227,165536.0690936088,165375.675249331,165188.9208154678,164898.14018915812,164285.9207301959,163729.784832509,163242.54856125297,162760.7515667466,162346.02121492953,162036.1531178067,161714.835961496,161360.1019347334,160808.2422084164,160304.00511934998,159897.6486106039,159500.5671435629,159171.29451180476
8190.91,166717.07631231242,166654.54389909186,165429.56868816837,164958.35259782238,164820.30790070147,165123.7971587954,165389.16421061347,165430.86109533714,165370.96024737248,165239.97226944467,165056.23268424917,164752.14515851552,164193.10912748682,163629.79206706694,163143.70661641553,162676.82325634084,162256.35322097523,161944.8581862935,161607.2528184272,161232.6239803029,160678.30330044284,160179.16525950615,159765.70947757876,159386.82062722486,159062.5186578169
8190.93,167313.2463674187,166870.0097871032,166079.3079576932,164773.9971034622,164552.46901853482,164764.59047524387,165013.03353641814,165178.34388733457,165060.80845300877,164915.10366847078,164792.04651184543,164491.2977638135,163957.0771046095,163443.06273917752,162958.05678985175,162494.81564291028,162083.81666248842,161721.60069295866,161395.77524185594,160967.2063669576,160384.61982050005,159934.0062642306,159538.80675055122,159147.91776103387,158848.2390023648
8190.94,167545.44918369225,166987.27334378115,166564.88959769113,164803.36232820043,164427.52069966655,164586.31785143455,164865.6670149269,165024.40201656657,164916.20427966994,164769.37108327303,164609.32708058314,164349.32548268596,163841.5897324314,163342.8909341553,162864.91408820686,162400.62970226898,161995.58729838664,161628.6298115578,161285.09119539612,160830.85420805993,160246.18815220275,159794.32736751332,159426.61946180405,159031.6810520957,158727.71153622094
8190.99,168670.83009055976,167713.89460792215,166915.25884823783,164769.95346930923,163843.34301414716,163727.01540404256,164012.81950781532,164218.90558285912,164172.0808163646,164009.41949862035,163804.99421131375,163542.3992237648,163247.85517789447,162812.40748428646,162360.49631061647,161938.2112366393,161534.92827312305,161121.99610432136,160692.18846301196,160120.87859948073,159579.67184475626,159150.76725476218,158820.1495445733,158471.91570314183,158165.64538781362
8191.04,169489.46904072,168455.631872537,166419.48741655872,164970.96036837169,163396.4644442097,163032.33524079924,163171.7894552587,163297.31971395935,163340.5950728012,163189.17311137836,162935.70916995083,162717.99267320425,162539.56558494252,162230.78988358387,161843.6255341153,161439.6135051534,161050.51352522205,160590.91228966432,159986.48770333253,159387.35176599445,158927.99947791424,158535.4564027633,158191.68601337992,157906.89812438516,157597.92346056574
8191.09,169788.25753471334,167430.1458166969,165572.9304211001,164434.30809860016,163244.35579768036,162368.36378182526,162221.76410749703,162291.27298932115,162410.66124605155,162286.9894833319,162047.7849975823,161883.78211917443,161746.72762003276,161613.88724698836,161284.67370922817,160900.4528594522,160505.78851600605,159948.15107030887,159264.2738163181,158697.96467752932,158273.87311052452,157903.00608374804,157577.18174638157,157313.7967524626,157030.20123636725
8191.14,167947.57455723442,165095.2410812112,164425.34622723248,163558.5369550507,162972.62389005927,161981.75799620894,161429.1880617995,161321.45429121627,161404.5346944694,161300.2122729151,161169.50139460005,161041.3552184095,160935.23804704804,160859.23781653758,160668.0643010881,160330.62346093665,159899.56511503627,159215.42081801113,158537.63156731206,158040.3708342632,157623.35993837335,157273.4146750653,156984.23437319667,156690.88025901085,156422.93254763316
8191.19,164137.76792336616,162524.26704261612,162622.02841016633,162564.63905344807,162257.97694623633,161674.94021525956,160600.95989032136,160344.31142249377,160232.6097587491,160251.6299229948,160263.0619916461,160178.87508657685,160122.0074740348,160056.68050277422,159985.33873724163,159675.6254038861,159146.84064196973,158441.73763864776,157864.34582840843,157386.96266856004,156974.7910569076,156647.00648480476,156366.85406900756,156064.80617426938,155780.3773574266
8191.24,159760.0992778964,160145.25076349388,160419.59147451023,161248.82402450562,161221.95233465952,160881.3698723018,159976.6166425056,159355.03914029952,159060.94285271436,159161.97730782157,159289.9744446214,159330.3821838747,159290.46787288194,159247.96518702287,159166.79028525675,158914.4412808585,158321.50855617868,157671.0764769218,157190.64774996816,156739.2962629905,156335.577011818,156021.99853611912,155733.5615566318,155427.85553614702,155124.27733442085
8191.27,157445.10969102316,158769.95007692275,159461.03970989838,160279.42956801978,160495.0668443471,160172.68373022805,159696.1078972306,158748.0478658243,158450.43382090112,158498.93772610146,158695.4683724252,158790.76468516435,158786.24525558698,158751.97408758977,158637.67349185713,158365.32423522425,157754.5293311156,157230.87070423347,156786.57069565463,156343.03158098954,155956.5722632604,155651.26002166476,155338.01597267302,155036.80451070302,154746.2998739744
8191.29,156068.5114499881,157928.21927031936,158764.55099006655,159532.58919520798,159870.21051276082,159711.52851113016,159325.0481812361,158366.5351410598,158053.29749770943,158096.695301495,158286.10878375842,158431.06318642176,158438.23735823642,158411.90689038104,158288.3555953762,157936.55023703765,157411.1143287999,156938.01685752414,156490.07925890366,156092.9013409439,155711.82087857198,155388.43499585893,155083.25859508946,154771.35788135906,154490.20219434772
8191.34,153423.9949089962,155934.01276196403,157171.47803283288,157682.32443870814,158242.3479714296,158508.77913964976,158170.18749298863,157542.67501425056,157032.8781828894,157025.02758202326,157225.55267297025,157457.1286484289,157563.93058748022,157507.80690460862,157302.69004786928,156880.95658833985,156548.1835854954,156167.39314300695,155779.16303149608,155438.58927444147,155088.65755145298,154743.16412353292,154416.38830021396,154109.76140450657,153827.20374955647
8191.39,152613.446839472,154275.78299232482,155699.01933167936,156033.8242720727,156275.32819956014,156921.56349291833,156767.6879847238,156632.65522283566,156192.72170369254,156085.27342720193,156203.3726189664,156455.91674086967,156625.31082999142,156575.0128508084,156209.5893595325,155823.11184295267,155628.42595434914,155364.65335192846,155060.70607513987,154757.69224694747,154443.01884579146,154085.23610192325,153745.9204756352,153443.04845799314,153156.99902496106
8191.44,152837.40859317727,153341.46256129124,153772.81610613916,154308.9806561245,154662.8806120367,154917.75517157328,155257.72260956172,155496.94102757116,155468.92963393638,155142.72124302768,155206.59794620384,155402.0273853209,155590.6550845302,155469.56900619116,155080.2636518706,154843.00687232884,154659.10293195565,154534.2731542976,154315.81583765798,154079.89744358498,153758.3629134706,153414.90588945543,153079.42718245936,152764.29813838808,152473.98401290263
8191.49,153723.2298888057,152410.5634196717,152132.911998137,152723.91815197945,152900.34294387145,152859.68548968996,153711.50476595107,154244.29252111263,154506.9998763406,154336.13615393994,154242.97394115545,154290.45179383588,154414.67173832923,154263.021263726,154015.3764432687,153863.25228441512,153731.61426014162,153644.97242657305,153546.78119591635,153351.88038627527,153035.98575520518,152728.42311967895,152407.4125534349,152075.1576161905,151779.5496537217
8191.54,153641.1944551611,151580.6262534667,150786.9761695683,151023.5134636296,151053.94821365486,151330.68381527177,151959.40039337732,152846.96099539503,153353.624354804,153526.70728923625,153331.77919138706,153306.28716701508,153147.4475627861,152999.98505524226,152978.07189884558,152879.38545123272,152806.77256231918,152744.20125994275,152717.85590489747,152564.59041180965,152301.42283117073,152013.07612047647,151719.07764125153,151382.80829893556,151073.22846541397
8191.59,151503.96682951102,150387.15657487762,149759.928791594,149145.36507711583,149345.98284911804,149980.00333551774,150581.33509979196,151454.2458326656,152151.9305060398,152508.45853391697,152472.579177292,152145.45753375062,151850.72872946537,151792.94773048162,151881.77506940404,151903.302212955,151876.18484233116,151871.53854054605,151820.21921523867,151743.29092494506,151530.85056133263,151278.62621254034,151002.23784849327,150678.81684077872,150363.0324953575
8191.64,148944.6032478695,148930.83028256783,148600.7377969927,147496.39600029946,147928.99406970336,148689.10432958763,149384.80024891524,149896.24179717115,150818.4967538884,151341.6459345839,151479.31326763247,151011.61148152663,150673.31825769658,150667.83264778365,150780.24765241842,150905.5916943179,150967.9811036536,150971.24808372481,150903.3154440275,150852.02284522305,150723.4887006884,150515.27556928934,150250.438348196,149955.49099522192,149645.36531290782
8191.69,146165.2716792572,147235.58975322524,146493.83365966316,146204.0450593076,146832.07146070915,147483.47591979086,148215.94996330948,148770.226589741,149396.97326961992,150043.57728238695,150193.19097913473,149894.7787433979,149590.43730730136,149567.62402225635,149685.1894791604,149885.4113390101,150044.24395078566,150033.77380426912,149989.06881789237,149922.7848099652,149876.94162228133,149709.33516920923,149487.55461369824,149205.75468728426,148912.77292673383
8191.74,144715.33407750903,144718.3423479451,144612.73472018153,145460.05513507774,145853.8425206439,146428.24744043,147118.8805304631,147657.43008816478,147998.1742683801,148631.1344939084,148794.4446816314,148739.6765625948,148611.0207491552,148505.14143581153,148598.31453697427,148829.39178309505,149039.68606658958,149083.30934390792,149057.69058220566,149021.1037423186,148964.5405859867,148867.68181082717,148686.68950493087,148426.3825276215,148159.15696457474
8191.79,142867.26322544052,142188.22220339297,143136.3181483378,144605.0822267083,145193.269090073,145533.91905199605,146066.2070986015,146546.58116501526,146913.17995641477,146987.89938892671,147251.2278827808,147559.49470576673,147631.76114834973,147544.70307144738,147632.5913145622,147817.87788592177,148000.63614430864,148104.0010491919,148115.49577439798,148098.8507303141,148025.97996111235,147976.0207541733,147845.42259983358,147629.06765483867,147313.61915024303
8191.84,140500.29330963374,140462.82250575582,142556.91278348753,143840.55706955315,144494.70732864848,144757.99755004514,145079.68525757227,145468.09521979396,145690.91470461618,145615.39465974795,145911.05110730676,146317.343672456,146575.19612999348,146659.0276318463,146654.47379836044,146765.93124285355,146913.56236565157,147076.1838861361,147158.15245540347,147144.6675901446,147099.44417349147,147034.32670705617,146971.903736682,146791.7826323759,146453.49880385058
8191.89,137817.2765879852,140433.32489614276,142052.7554899154,143133.06551253138,143759.409672042,144124.45102483925,144160.98503430508,144434.36009033656,144459.40190097646,144414.98168940292,144544.91775039124,145051.2808451843,145465.87371682827,145726.1059052086,145747.38755331896,145756.3625800709,145851.78955164624,146023.44285672804,146154.5924139998,146188.12316482048,146150.52768328934,146088.5935169493,146039.24997378665,145831.83258606106,145573.7937702015
8191.94,137248.32766316005,141139.02276998933,141761.06869678016,142492.482228874,143052.04546209733,143307.47566048586,143416.02952551935,143365.7401834364,143202.93701542163,143354.08304501555,143493.61803324637,143778.9632731221,144301.80189038083,144709.4245592926,144827.8620838324,144756.59276059535,144823.69630716814,144961.21760303422,145110.03348962354,145202.36005546365,145180.80441959057,145139.3601404094,145025.30766982047,144869.3815430525,144657.18746830008
8191.99,139939.85210206002,141568.07180468092,141949.46013231284,142024.09303673287,142318.26727964848,142481.05057308846,142622.94069728054,142298.8618672788,142152.52009989522,142330.25423884107,142486.25162577064,142669.65347144144,143189.2276187163,143616.04974616916,143817.52956290374,143816.47766893494,143784.93401199885,143873.35058471755,144015.23916828565,144158.43087457807,144197.86785742608,144166.0756570576,144003.148185557,143859.75848061565,143703.6796129857
8192.04,143135.46614746205,142008.64233230575,141809.42818078215,141638.6267008527,141595.20906192093,141791.31932517784,141675.23724412968,141345.8906614738,141291.04605822617,141351.8063504444,141530.01111607047,141744.8442425594,141989.44247995035,142415.2865820922,142731.7257272733,142859.18615339632,142831.25645842115,142857.31166772413,142953.61833401019,143094.38993562834,143181.76262670913,143104.58385333483,142977.77071818686,142827.96389510078,142700.9026346704
8192.09,145454.29384210834,142434.13134084418,141830.69222748862,141360.84467441094,141027.26340795486,140957.99110901667,140680.1261470223,140541.32716209028,140432.70480195514,140457.18442186882,140623.0659441217,140850.4116800484,140978.57265152322,141252.0802898708,141586.9436476906,141828.34356844044,141886.2824995724,141814.79457494995,141873.46881366405,141990.88701189964,142115.07534024434,142033.37170938213,141931.08807641894,141800.11181028254,141578.23669143583
8192.09,145454.29384210834,142434.13134084418,141830.69222748862,141360.84467441094,141027.26340795486,140957.99110901667,140680.1261470223,140541.32716209028,140432.70480195514,140457.18442186882,140623.0659441217,140850.4116800484,140978.57265152322,141252.0802898708,141586.9436476906,141828.34356844044,141886.2824995724,141814.79457494995,141873.46881366405,141990.88701189964,142115.07534024434,142033.37170938213,141931.08807641894,141800.11181028254,141578.23669143583
8192.14,145309.0940091629,143101.85184797127,141561.18403333434,140851.5964650586,140590.516551639,140155.69658258578,139789.46845250644,139762.23976687915,139690.09340612503,139627.95716473716,139773.24932388234,139939.69246327263,140005.8391399899,140054.20414930646,140427.0812684241,140723.19837990604,140878.3626362941,140832.28461484032,140825.71160597727,140891.69703183568,140912.97055276006,140928.740964507,140874.44264021763,140745.868021369,140458.8574962239
8192.19,143358.930753696,143102.1324347394,141429.3582324242,140574.5140008111,139992.1656221614,139239.10398781917,139072.2118257739,138975.96944463346,138928.03652513874,138911.91167254903,138969.34403612383,139000.7255283858,139041.31270385673,139083.2444202598,139220.33690485745,139535.32925993422,139787.89901604404,139844.8032693336,139788.20602958876,139770.2543491497,139750.87649930498,139790.68549377986,139780.60746540502,139564.42766730115,139339.98591011766
8192.24,140729.9482916501,141844.16658116883,141178.65446459828,140051.90496747434,139243.66422576705,138657.68762350155,138368.00708021867,138228.84017001113,138210.03796066836,138240.86394497874,138131.79997023218,138075.46989568725,138086.06805391077,138118.55990508877,138129.6901859354,138380.37798453367,138650.0548034755,138795.2447207815,138783.32075654878,138603.2218240012,138571.77338279982,138600.1434745556,138585.82199580563,138401.7822832238,138195.2012373128
8192.29,139622.29051540027,139735.90670392738,140531.2405501512,139503.06209387578,138440.9501498473,138105.96025525656,137707.51097554044,137540.6839667689,137517.69719081034,137508.03668765098,137351.38062719852,137191.17451880514,137145.55432974096,137149.75959325812,137139.47434045645,137153.8474842454,137442.5437344208,137676.47738221462,137661.96358430525,137521.57966445765,137446.60383691546,137428.24780691235,137321.36165045926,137207.73542176498,137029.01969371806
8192.34,137900.55566748153,138267.58813274401,139136.74646944972,138614.99579973353,137864.57982062618,137478.03785773032,137134.2216275065,136908.09947592707,136857.14420887004,136723.0874406705,136532.4936640496,136326.41465861362,136226.56041444256,136170.05049092925,136147.22734898468,136115.0608410051,136258.17961286395,136469.16027106953,136499.6793947078,136442.85053921182,136291.15681868262,136151.0810705185,136044.59233227503,135966.79497194674,135830.28474546378
8192.39,136311.6551012974,137758.46223132682,137586.13783439054,137561.8966115584,137332.0284289458,136801.9407393933,136535.31766314042,136346.84414303553,136156.89847829458,135901.20522508485,135700.2362923983,135520.61646565894,135285.45286231604,135202.87154823734,135149.20761026425,135104.5359070959,135061.96554221967,135168.2976725207,135285.71424284216,135315.94529811013,135176.9403483789,134897.7920400812,134749.9360446571,134671.30021647728,134517.7712913198
8192.44,136919.3912430607,137002.47875492898,136331.0129454882,136580.11911852783,136602.55339549886,136255.13048488402,135964.6699277776,135757.75564124726,135399.10176476024,135084.03576378134,134857.84870084844,134663.9784092935,134421.75768533826,134254.85841602477,134149.70539900093,134090.79698534394,133961.21899646535,133844.84989802717,133992.128185011,134107.70800615862,133918.49836283343,133667.92535653236,133507.61726702307,133380.37884916508,133138.886522704
8192.49,136824.84560520187,136070.14612009298,135548.89040757006,135478.3860307301,135697.95568838585,135709.18928570885,135382.6345554015,135065.13788924264,134667.12494427417,134270.0854616439,134011.06762113443,133781.09469008993,133546.6997268542,133292.45152390492,133157.64327001295,133067.81965083853,132846.04117416183,132676.12126646013,132735.40980363335,132780.61553619677,132660.2595362568,132453.54025378914,132213.4997846566,131948.30844978397,131723.45257915993
8192.52,136679.1917782877,135467.57219041133,135243.39629395315,134987.4322797054,135131.2617675676,135265.35653727603,135027.80801723836,134631.28807934356,134181.24697196268,133771.06232006944,133509.22034223253,133234.0744650287,133013.51927894086,132757.6863044555,132563.90881659882,132396.8995522985,132183.39682437357,131990.45100974425,131931.51698921152,131903.19049277718,131861.4869053649,131722.11821186263,131460.80243340027,131128.16102139416,130895.29603940256
8192.54,136548.56680852722,135130.63428354808,134997.63935699087,134690.88813755492,134723.28974698056,134975.69983865845,134774.75445909097,134281.85956356674,133872.19968759557,133468.32512989742,133150.54975732786,132879.44387062342,132632.77875345925,132397.28125240467,132175.75895580483,131934.2048148713,131739.50393777332,131566.32900592955,131402.5169007403,131362.0034112783,131340.62488047557,131203.52905356084,130959.93057480594,130571.57335619212,130317.82303649581
8192.57,135828.77503020092,134711.04211657087,134533.9507775759,134220.63795729988,134152.26892310884,134478.38946181428,134351.72985939417,133809.35098818105,133375.2664485636,133000.8391665932,132634.19040789208,132327.49371551612,132090.4390428121,131843.43531759578,131563.8334791839,131289.2253594315,131075.06093042874,130870.91192581125,130656.09044503947,130537.05839596892,130507.67605758274,130438.5042800382,130095.49348569698,129718.66150101165,129456.36450392274
8192.59,135237.90170182218,134562.43813382665,134257.8902158718,133940.64193973254,133870.61079582773,134130.29967975715,133996.95585590767,133476.18481207898,133060.71254901728,132670.87719567414,132271.3460942624,131969.70468269574,131702.90486804454,131461.96405190817,131164.22116238935,130839.3834640756,130627.0577439405,130439.68804323615,130135.03368048815,129972.71070932907,129936.17486404821,129889.74012260891,129558.3236604664,129175.22919277192,128813.28897596391
8192.59,135237.90170182218,134562.43813382665,134257.8902158718,133940.64193973254,133870.61079582773,134130.29967975715,133996.95585590767,133476.18481207898,133060.71254901728,132670.87719567414,132271.3460942624,131969.70468269574,131702.90486804454,131461.96405190817,131164.22116238935,130839.3834640756,130627.0577439405,130439.68804323615,130135.03368048815,129972.71070932907,129936.17486404821,129889.74012260891,129558.3236604664,129175.22919277192,128813.28897596391
8192.61,134694.79774697768,134405.52617830946,133908.3968553606,133669.79374269285,133586.43898072414,133712.9715343264,133660.2935673688,133157.90824292527,132708.80712469242,132352.77842568184,131911.6474718243,131600.54466225742,131324.67173200074,131073.53553481452,130738.60425472184,130398.30464390285,130174.61994512702,130009.56004135679,129630.76319829587,129373.01254774288,129391.2427798559,129339.78757013238,128995.03209720762,128645.45289355764,128142.58126693215
8192.63,134178.6360801321,134101.97736118184,133612.7713098916,133355.77748300444,133336.0386894347,133302.0024277729,133189.62312208235,132853.5543656537,132361.65551028732,131967.22658854912,131606.56669486337,131207.46004796462,130940.71797620601,130718.41592285053,130303.84222287196,129962.82489939386,129748.24100434071,129510.69508608959,129158.56423885858,128840.32439534618,128811.19307016619,128771.72026930153,128434.5093287148,128073.30649693064,127443.54703321577
8192.64,133861.98732082566,133930.07467908028,133428.9822699439,133239.57846297117,133193.64455817442,133055.64127225894,132989.24144212244,132654.45533614993,132198.61471946738,131798.0258201332,131406.87928927297,131046.36820498639,130753.72055449168,130507.74280288116,130110.49329362891,129726.047692183,129515.21218768047,129288.33604891333,128896.53090358648,128597.5127725497,128544.50947545566,128426.96953537568,128169.07735856857,127802.16794002069,127028.7008578904
8192.65,133500.95608416828,133775.1429465941,133248.95288829692,133124.07614922477,133050.5353527497,132837.32628315885,132790.40151575263,132486.3163486524,132027.910248085,131632.30155864026,131218.64006757797,130886.35678987076,130568.47569520732,130292.85018239944,129919.24830735839,129520.20903035469,129274.19765914636,129027.1493811094,128638.8774245781,128342.24684854437,128276.94047957813,128098.7248549186,127897.97074221788,127534.18211183164,126630.44698887302
8192.69,132314.1296152667,132927.2110263227,132679.1645269018,132573.58246054038,132440.9639734417,132102.3467673245,131861.29584275882,131710.81425613683,131348.08066093584,130889.67927559961,130503.16606482664,130114.39418189574,129796.32354984993,129433.15833107979,129050.10126908479,128690.15348504407,128400.25460850513,127991.77495025969,127656.72027326634,127351.10878646078,127071.60121722997,126852.06232084833,126709.77555959362,126228.92827726503,124893.56087868087
8192.7,132084.41271299118,132680.60287388423,132505.89432797636,132451.7151839103,132269.2767356903,131869.40422361137,131643.16401461477,131492.1305315632,131159.3081009851,130712.74455247723,130293.9709286648,129956.23199111098,129609.71540925339,129192.77031173864,128858.24622547488,128482.96363215454,128151.31771762534,127761.56494757705,127396.54020951137,127091.11156653838,126811.13068268468,126537.509092595,126428.1277026561,125881.50884668618,124440.30124795043
8192.74,130168.68051452948,131276.16229505363,131895.8339109307,131848.72305508432,131522.66968844438,131061.15447184865,130670.53250825165,130623.10312925001,130413.08790659856,129938.2053377097,129556.98829565651,129194.62042213674,128820.34129609034,128345.10010067605,127978.8184453522,127623.53289702648,127176.12767478613,126748.7961204161,126402.13039679479,126082.54817151776,125612.20622541124,125346.71819886117,125169.64975086642,124312.72520275264,122440.85050181884
8192.79,127818.57260457221,129415.57979195836,130887.80459360778,130947.01644497384,130422.36345720524,129989.85063569552,129626.17409397951,129399.99204421495,129313.62425170207,128970.31243385082,128564.6712600447,128216.80215552573,127700.1348598575,127259.73988392868,126884.26199256859,126516.19180682919,125980.05916523331,125498.9335904875,125130.19361344127,124752.35919722043,124220.22990696477,123753.0815506074,123286.69956132617,121906.65742665179,119813.05664356735
8192.84,127264.15775431097,127743.78890808928,129312.60741690037,129658.95984791465,129197.86435169887,128862.46657026107,128522.16719506845,128191.60312693978,128096.66338451649,127919.85259080474,127554.26307428804,127139.6148052694,126615.33145910027,126161.51121322908,125763.22206922293,125243.64980471745,124759.04090290109,124258.09940631772,123844.75477165662,123309.33155093255,122816.06907394214,122232.07935817106,121011.96966213884,119063.79641329219,117291.34653363125
8192.89,125680.80324791226,126804.97116529311,127311.71858289908,127851.53678117556,127854.0271343087,127625.40442376061,127327.53179748791,127025.77913771955,126749.92311831952,126728.68397009368,126506.38525755022,125947.3709835422,125489.75423247956,125064.4654212199,124575.53696892514,123985.01210769787,123518.69619517715,123023.56263440703,122408.45277827779,121891.98836409285,121385.78905772336,120363.70698406575,118421.18297455991,116330.3202626646,114877.8344687299
8192.94,125095.26961791587,125848.51212017558,124927.06798343365,125581.11319140163,126271.22966195045,126298.53423682187,126052.19137955699,125796.84977198677,125556.22275367574,125436.04011248269,125214.2028671507,124783.73621896956,124329.2755775016,123907.05832747852,123264.60049604626,122717.7932276192,122242.7871237438,121741.24665667939,121025.1579701893,120464.69582685633,119697.2889694231,118036.81232192855,115618.96095629745,113648.02561660142,112509.43806799916
8192.99,126055.00407309468,123782.3111716016,123028.36639097841,123106.31121120564,124201.58485134403,124757.30194213714,124661.42908727999,124501.2918249566,124303.1038641989,124078.77969275208,123822.33146988275,123567.9920062232,123118.6071152888,122590.78057276901,121993.65406925205,121426.88457781792,120935.58480305572,120267.93162987786,119622.82878611785,118952.33071320095,117660.6361731608,115309.35771484551,113006.0439181598,111325.18638700324,110300.06554589764
8193.04,124553.97814274838,121553.96565969051,120931.16168926362,120915.93217624424,121869.82080694422,122934.21955611916,123160.54844799367,123114.41640317021,123000.95549648933,122622.42310294797,122340.48203276921,122223.76793194273,121873.97744859708,121212.339984085,120669.49033580521,120111.3536843606,119531.1754236597,118814.01032618887,118178.70472739567,117144.24393322178,115095.77010167394,112496.24153800496,110546.40550757361,109157.6759791598,108121.02225390458
8193.09,120639.96606932044,119493.72872232326,118921.89859364321,119206.67959337523,119481.79792942315,120682.85952236623,121480.97248820112,121633.5508268207,121518.54770067544,121183.75661797207,120904.9426394842,120765.44982004249,120363.22557535807,119835.58042477164,119304.50605474901,118760.98823629133,118020.10035976328,117339.17566494572,116556.46680730085,114838.93769190584,112176.81093983485,109845.85801500376,108241.27229539819,107077.56976869871,106209.18390677628
8193.14,116022.33497552744,117150.91070636686,117423.41128830073,117344.7957327543,117531.61293896222,118269.28163772047,119485.60298669146,120030.21141348346,119880.95393904424,119697.86276489121,119471.57413121607,119119.02349939586,118798.49282195828,118412.92643148082,117876.26469102534,117212.43520842081,116537.45049307321,115827.79213552074,114507.24263967518,112141.20514435723,109391.47858496616,107362.64117675515,106046.01612377797,105073.8912422276,104358.089464589
8193.19,112385.18485669901,114815.07309456255,115663.03036618207,115568.62317798227,115764.871425186,116047.92166418042,117244.47952376344,118039.64789977347,118202.21013124433,118141.59723193927,117965.71010214827,117485.69063714602,117148.2573794526,116875.8013347884,116418.37237572706,115625.44035284827,114989.73902123523,113971.34837367859,111901.75423465857,109021.97841491584,106722.76245207681,105099.2994309279,103939.42600055678,103138.21027813813,102564.75153009623
8193.24,110345.3670740914,112680.45359314214,113613.84056252349,114012.08657278799,114048.47977780792,114317.15831234989,114865.28212684488,115750.63673745058,116398.27595509794,116474.36685562845,116223.9633053036,115841.80228767531,115450.99192959034,115228.49120859416,114685.71009637979,114006.65124002367,113304.82819745596,111683.01268769831,108808.59559299744,106157.50950470661,104275.37343159674,102929.77155218009,101916.79770305804,101269.75761371794,100823.14813436323
8193.29,110445.0626681867,110787.15973139022,111627.1038954734,112282.89119247509,112449.57001666968,112621.0153927277,112606.81533106556,113376.3216728488,114378.56673379666,114702.30768013497,114402.86517440125,114142.45986223404,113796.47629975522,113354.79528645435,112913.54828496721,112340.84921639612,111156.01487324516,108759.97165031909,105704.75884644191,103487.12744394684,101951.72522840933,100841.11266314976,100021.85848817712,99438.56144159588,99135.8196516745
8193.34,110808.97291746488,109460.44509245479,109797.16915194063,110511.105977658,110914.95102973159,110808.92870292535,110784.12341996437,111037.70805016551,112059.42103626838,112521.00084828939,112520.72244150088,112368.5657326223,112072.66274450604,111473.30896863129,111050.31871768148,110398.99232903468,108422.98834071592,105382.34295817497,102773.96249678903,100991.45866742995,99731.1851813243,98828.10130182643,98178.42396398852,97728.23715926759,97501.03009417868
8193.39,109706.91636942391,108661.22411804023,108239.64072799191,108781.3046883004,109279.00759277504,109158.10863950037,109059.81972535315,109130.82215289018,109508.29803833847,110180.39864341567,110528.604765614,110484.93589967494,110086.5692856287,109597.50635121638,109078.28763979892,107856.67027171078,105244.8630853162,102153.14667177683,100058.60066032957,98635.48008225994,97601.95784553023,96885.54469667086,96392.45523911457,96086.61662660106,95899.84234182324
8193.44,107896.99921376356,107729.4239053352,107173.80908524092,107214.04588936873,107361.3885565981,107458.57624470307,107376.54754800322,107320.51110119918,107056.31527200437,107698.21731005177,108357.9259678111,108509.18749920605,108049.4732042229,107654.16769056182,106758.58414166751,104557.0897590484,101488.53465627748,99101.93098660758,97490.13916577828,96359.33016413919,95554.8100580572,95010.93856043987,94661.24713886801,94487.08153178319,94411.14882002688
8193.49,106156.73601646305,106400.69604532464,106211.03543929516,105735.02488669583,105588.46325745374,105724.62859234322,105734.39854517163,105327.4226856911,105042.21814271818,105154.78697601966,105906.55937535883,106127.76993664655,105932.62370509055,105490.75087534016,103809.83410180967,100661.4739608981,98033.21107528092,96282.71477864614,95037.77698413903,94172.99614264458,93589.27844194054,93198.88315554975,92986.0149792787,92932.31222129258,92949.90299096219
8193.54,104391.0785980983,104873.24460191278,105054.0224265496,104286.33326012414,103950.95687238917,103995.33177660922,104000.86095339408,103424.218933663,103106.28722774179,102916.75194605967,103198.0263871255,103660.84728460699,103706.68088478356,102714.1643372242,100138.4500351973,96923.6833465489,94738.8567276289,93561.62977536792,92686.36768888841,92050.25073879343,91674.55454913987,91454.6045444905,91367.03189049638,91421.72916285552,91546.15175814339
8193.59,103171.68525778994,103422.383427377,103286.82928206054,102948.17370334142,102467.95677668939,102249.68918245396,101863.61519769112,101551.38267779585,101191.20511607581,100886.2780144742,100476.20390399307,100984.75572398449,101040.69300365592,99129.856286869,95935.0317664545,93396.88012126948,91815.76659709496,90920.75991239298,90395.68756835359,90015.92264752959,89819.76643548452,89762.79209935608,89796.82478993175,89956.22561125238,90196.40766938293
8193.64,102160.23834722741,101979.117120106,101576.21759528741,101449.08935178946,101035.89993528645,100372.13864043428,99887.12996723031,99620.14284457348,99316.27771649939,98666.59870206489,98181.12612701421,98200.08840961172,97484.65564926245,94876.62425057915,91965.0417666926,90151.12296052558,89035.31267977234,88354.19569155228,88147.55933127532,88036.76827963718,88016.75454905546,88120.93711131284,88290.62187967861,88556.79283236217,88897.45650224618
8193.69,100965.23628679926,100218.96250869811,99923.31289604318,99812.99138685867,99487.76982597214,98537.29275726559,97958.22191788677,97642.75544958268,97294.61711179717,96510.72226080339,95956.70289950445,94974.49685130047,92964.72617430364,90175.0184325147,88229.94976816187,87079.90650801944,86372.57229505858,86006.61144725802,85931.73840670861,86079.99453950136,86277.45978207982,86522.21054378814,86825.46628242244,87219.88003047548,87646.17379829151
8193.74,99160.31533518985,98671.11070931508,98356.01824593607,98075.71214459297,97405.0675393558,96770.69653756829,96073.81776602638,95643.44739226354,94981.49018426007,94382.5313136849,93561.35393406237,91289.24752157598,87767.98271951439,85681.42673398483,84728.71295434615,84135.09625161508,83816.06131319336,83743.2832417886,83824.3014073635,84152.65430229405,84580.28679167364,84981.61144373333,85424.38527442054,85934.69262956626,86448.14943331499
8193.79,97296.44463581814,97039.9248253835,96801.67922485441,96181.0692581423,95337.94055043474,94881.31566407297,94218.11274207213,93421.75884566852,92744.05684717585,92174.84281035796,90471.57876932833,86933.87857605175,83149.60229325357,81511.01972737069,81308.86959485647,81292.34615216247,81332.81406942755,81552.39044391976,81858.42881417685,82222.21956859894,82910.46944884637,83502.31004370315,84071.35049569551,84689.93539781163,85309.83522720644
8193.84,95581.92113475312,95360.13539428487,94953.10916060556,93905.97985886646,93285.41443047668,92852.469809637,92302.65519900099,91207.88158509744,90502.00254669193,89432.30498465427,86403.8756470957,82097.23282257798,79144.37636391386,77792.3106993669,77956.18301341665,78505.31803629616,78932.44412608312,79429.73989706364,79954.95059854686,80508.62556663572,81273.98136771258,82067.75826917734,82771.09030849609,83494.66174142252,84214.37225273765
8193.87,94496.68018633216,94405.0519275298,93737.55838166244,92600.12288128737,92102.86302287484,91575.54276105127,90800.8989458185,89954.82285491102,89132.68318768886,87331.19692836948,83690.73544633182,79508.14894494672,77049.71846347964,75905.7542048328,75985.27395134929,76819.56156906747,77547.77477066587,78160.24441921696,78832.55446379117,79544.73686033353,80248.57443603968,81215.88836370621,82028.96142412642,82779.08537919274,83579.99615217613
8193.89,93819.58405142986,93445.35311367584,92614.23002005141,91796.05264482874,91203.48596327993,90745.86653199469,89894.43252175585,89035.3529620358,88161.03690379312,85888.56967679388,81593.01521015556,77850.65096227378,75737.01843695703,74719.87412866115,74747.09289253801,75663.46685192478,76578.53791507256,77359.95207515822,78116.70649030356,78872.9878964229,79686.69772181394,80655.41043852852,81516.74617035783,82346.51914645357,83160.20616806466
8193.94,91744.14905195443,91269.76526846181,90146.9673416987,89598.98765716163,89069.51149178218,88429.96721794966,87506.23183176332,86776.66416868744,85083.51960051783,81259.90939500509,76723.99693754467,74059.52576187818,72668.43622475349,71990.29809976059,71958.40142792465,72936.91515585901,74236.75462229339,75345.19141460328,76350.12453659542,77298.97728885997,78283.8330735288,79254.54211848546,80282.97853419618,81249.9360287735,82146.51879271597
8193.99,88965.87287912256,88142.32193801498,87716.86060786122,87313.33040168228,86835.98405350218,85862.07067262888,85087.32178125609,84077.15424924814,80910.53469420923,75991.32530875817,72458.0162333442,70698.45569293041,69881.98387385423,69550.75597850581,69649.26870142491,70407.0682909839,71855.57473842027,73380.06815011712,74664.47294991897,75801.9953500409,76921.75844577423,77961.77543228626,79077.85556762168,80186.35205908165,81185.5168290023
8194.04,85076.54219592336,85178.38439357566,85208.48863016604,84894.13491698868,84130.1350941924,83364.80076022843,82591.1935695529,80333.63112753496,75837.35840401745,71230.63874042137,68770.83456544446,67667.44725903356,67311.85276834262,67321.18216577485,67640.31715612063,68313.63457719382,69538.47840073949,71428.81650352864,73021.76093598259,74358.19204703123,75613.16181865566,76776.56191045497,77876.03114632257,79145.3377034352,80267.4150632495
8194.09,81584.42128384096,81843.25494544543,82486.66898058099,82338.06774335958,81360.71118907418,80757.44871288461,79291.39199544697,75278.86407193716,70136.19591560673,67049.74090537269,65542.26916957281,64925.44431780347,64944.25458283108,65254.11712384776,65782.17856697101,66522.16811682137,67581.95794123763,69533.06812046083,71433.47969988486,72951.78032999477,74358.12794104153,75643.28853769663,76841.99815447569,78127.87576705098,79366.57188357688
8194.14,78982.10374682858,79144.99520448106,79550.29844441562,79083.15718890798,78553.92310495685,77835.93401756746,74885.4290635768,69359.11235037063,65307.28453603066,63450.296358540516,62661.91893995495,62456.68601327286,62776.48556289037,63329.823270669156,64083.41942592725,64984.951888760734,66108.35899233219,67711.21727601388,69782.91864837497,71583.20728863974,73149.79738615341,74558.64058781517,75861.35988750024,77153.80612650084,78477.56969246035
8194.17,77493.61345172135,77649.18159036849,77496.25601998623,77114.2777905786,76900.32840444171,75531.09645185054,71200.08754502093,65888.36273211223,62775.578470180975,61440.216819563975,61069.521029062016,61125.39559837973,61528.207023387025,62271.6033009701,63126.635803941586,64110.5297885641,65366.455927940035,66807.40602628209,68839.45122278247,70805.04360718367,72422.92223333743,73920.9017479738,75321.57172952058,76614.81555371189,77951.90604945259
8194.19,76604.46604446573,76408.94423865768,75980.13390101076,75906.58051032688,75618.36674114279,73729.20784544827,68973.94744566266,63735.96509321487,61181.15143515508,60251.174484505245,60048.995452421135,60239.37249824209,60798.99993572845,61556.78963706572,62500.3697597242,63632.52468867968,64836.24187418874,66305.52317078097,68212.87760658443,70222.79099277893,71984.94732269365,73519.92964434795,74930.16628055395,76298.90012368205,77585.46420390675
8194.24,74098.77673198402,73596.86433272119,72697.10839715338,72555.00744247956,72006.0868229515,67994.0625370623,62403.46530618096,58970.24216897844,57643.650793939865,57398.07790163214,57666.114166476036,58229.46069096744,59012.426909849906,59934.40674229251,61092.19188473178,62478.213912504914,63768.04494019635,65183.36604729218,66803.55370531669,68849.16700216867,70845.44602910877,72528.31821223817,74041.94452687421,75478.25456627642,76774.9622170778
8194.29,70542.33684225813,70058.17791653442,69567.36122251776,69166.27829886136,66755.12259112202,61366.51312980666,56720.96194593889,54969.48172115776,54546.82862487806,54851.82315739142,55505.83365160739,56374.55719558831,57404.795443517236,58471.50968970372,59892.489234042245,61397.93663287738,62832.89775400202,64270.47933935018,65759.76751323004,67533.4933120478,69692.67299585576,71572.99358751932,73182.1308558707,74690.95906526643,75976.61670829078
8194.34,66634.3253420573,66526.78387663975,66371.29846732027,64686.03468970313,59385.365343036574,54189.34812117742,51985.22797125214,51532.58047775629,51793.45743982592,52581.41541724083,53559.490497441766,54678.21529489496,55943.5060212712,57263.13261747261,58859.67740709474,60487.81805324334,61954.654313820356,63457.151726577365,64924.416541022736,66469.481847379,68577.77675090401,70627.7632259994,72352.6586028417,73896.11069842504,75165.24903943753
8194.39,62435.32999873271,62417.959993518154,62559.095855952626,58339.77661596265,51737.30809789559,48491.97736964667,48085.115553693395,48535.97379821196,49363.23083360439,50559.74159803898,51813.954927997,53148.25116428142,54660.079118372916,56323.24620870624,57963.77445666543,59655.155856357254,61167.06775269145,62753.60294580642,64252.456668080114,65729.61404867267,67530.61149307808,69637.93187992118,71540.53275133042,73071.81057193041,74367.00748467179
8194.44,59331.778231820135,59030.216432044566,56484.47878177373,50324.085743712276,45253.103292602296,43861.64405095401,44734.604862691536,45914.27551056077,47211.320989296466,48747.97580376032,50263.906325424396,51782.16294657426,53604.66473388413,55459.72998531797,57252.656102852234,58923.81386109355,60478.47881556381,62125.50608492945,63677.87895908382,65158.35173959151,66782.43399566645,68705.21471004596,70662.26297122486,72239.0798116567,73582.02002038682
8194.48,56657.42735456594,55369.71007355932,49760.05070989887,43622.680226480974,41188.999593253284,41164.94728975002,42319.16517207694,44038.55319483445,45709.32807923332,47433.24412260596,49138.016278362484,50876.55750951035,52958.747092970094,54899.545342255326,56720.414680559676,58413.34372525619,60054.96208887832,61672.49213681363,63273.76875892954,64811.14377385557,66323.23498249339,68030.49485416521,69883.50207404085,71565.89158207858,72962.45224252052
8194.49,56273.82096163809,54420.675238321724,47747.72213885539,42225.129671357114,40311.09340111846,40445.48263541993,41770.249303963516,43615.306311603774,45318.344717739434,47146.99457199248,48886.030786606476,50692.1253916279,52815.50288280958,54761.983336684985,56606.598245070454,58311.450021939694,59894.24661887159,61579.14506361682,63194.912819475314,64695.757765330236,66245.60578615173,67859.03944780544,69706.18307518838,71403.4682508625,72807.30151617524
8194.54,52594.95214542107,47005.72986056398,39338.62795984765,35945.07107996453,36517.463134019454,37653.538534936495,39409.94779403785,41595.609898477436,43653.32967706956,45743.28399752434,47683.286445784295,49917.51041400436,52104.72947272525,54169.916312365545,56044.42015638965,57815.27482493559,59413.13780606199,61128.44662647436,62783.80912127599,64317.91679131714,65855.09775264339,67260.49796636708,68765.08084589454,70512.14554669741,72053.4590121383
8194.59,44532.43216638899,37232.03899887852,31885.420727135708,31630.760092813143,33477.41958343078,35371.597270562044,37595.491324018774,39747.24720772433,42203.36664331456,44528.83946562475,46827.29297530494,49309.09184053286,51641.394495703535,53659.9994740601,55576.09109346364,57411.43899118125,59046.41275286928,60774.967859671044,62443.02784145449,63989.1579685771,65476.701532185805,66738.45328200361,68002.28903113751,69648.55936906293,71291.19669384522
8194.64,32682.631513919714,28071.67815813721,27199.046472153892,28775.03055056772,30859.465304024627,33543.20410412216,36132.5609232473,38517.15367805239,40943.27627432415,43610.738134599684,46369.47452925324,48862.31024722309,51238.156841332806,53266.49328747716,55216.25111127302,57088.393722268236,58783.88544530751,60516.79849148759,62172.1359524324,63715.87868997858,65099.12539761465,66308.04029625205,67457.66974729022,68846.08297333094,70486.69813813525
8194.68,24594.556080340863,22818.57559752441,24810.675897373658,27047.032407770785,29568.5687202394,32424.768669124966,35162.50710828418,37695.46350205791,40099.92506657723,43094.67837731214,46024.666546296154,48639.104891997304,50972.98506801806,53044.41805377616,54992.925365472765,56885.854378737386,58675.17173372627,60370.3679309951,61996.69712177509,63504.156804232596,64794.245127185415,65997.76992696051,67126.69159577918,68342.69658892858,69876.16826535898
8194.69,23113.195324999873,21771.90653966361,24158.77492395644,26738.17412924005,29335.22894823203,32036.967821319213,34979.00003897039,37559.378697831075,39912.1791985947,43034.69795216017,45978.514408249386,48603.20853435735,50931.837258628424,52992.26864338247,54957.83037270898,56859.54697869194,58599.31988134095,60348.40638974202,61974.27499694668,63429.74001839311,64731.05183931347,65924.25667743212,67050.2079590914,68259.87361799633,69736.01277635034
8194.71,20169.99306728637,19784.535202129216,23387.605865851878,26133.731872683155,28739.44336068521,31644.886057623735,34551.76043283813,37192.26530291216,39793.559624637506,42921.65707355636,45841.4400583,48556.50573146682,50785.36964608194,52934.88252217426,54902.789718726526,56747.14560734113,58605.418188678894,60293.52270085748,61886.364979842765,63329.45432974901,64587.32375518995,65768.60704717372,66926.29892466635,68067.99919704201,69462.22711582389
8194.73,17430.787256293155,19104.364997898916,22548.98728156207,25549.19051841348,28438.142415102004,31158.91092672972,34250.340835862204,36939.3616585834,39644.122494833755,42855.831295287484,45830.75965726509,48427.629130244575,50761.53695239956,52857.81792071976,54822.481589878094,56739.28690248932,58548.76747829629,60258.553558165775,61844.32450285391,63206.50622664507,64455.817205193234,65637.31777291483,66766.05485139202,67900.98110478882,69217.82846865627
8194.74,16611.23468444108,18768.131317645795,22049.57893709438,25351.2774846711,28301.8458657382,30917.099908637574,34117.429741771,36860.22482599181,39545.79773514341,42801.9713705181,45842.6174136329,48408.4932315102,50744.58720409715,52825.682538520676,54807.330684006105,56733.04650133837,58485.42033311523,60247.464975035,61816.66754745496,63132.6420908269,64401.86328743728,65580.55275604707,66699.13018703558,67840.8589808392,69091.40871799777
8194.76,15194.089127667577,17858.469021586207,21572.410863975503,24972.86093967046,27893.929979387434,30841.905359663604,33782.89847860803,36597.00132611289,39597.336668226555,42682.45558459372,45810.3518933203,48409.083860296574,50646.720744147926,52809.47141463927,54797.55420207815,56659.99767346905,58519.96592444457,60214.29730627391,61736.57235635269,63049.68824426386,64275.129067528644,65444.56877554387,66591.60117207345,67695.8742666061,68887.0766055593
8194.77,14484.392343670334,17655.293284957654,21271.652426932167,24801.137959285,27786.755596611456,30752.37460048632,33641.18753792845,36513.168500347245,39633.37375323733,42689.12505080322,45807.39680634843,48393.77702379899,50633.8325951438,52797.63066542714,54792.002431196095,56654.20427704244,58512.575899545234,60204.04218155564,61717.51330720646,63000.724666338254,64195.69208073092,65390.58839452616,66530.2790863046,67632.7952804125,68816.82750677722
8194.78,13683.426681820083,17664.443136853344,20849.665440746732,24628.22538880181,27771.643044850538,30629.682494726345,33571.55347290839,36443.491001916926,39660.23860103292,42749.771605237445,45788.99224110646,48331.298300506,50672.52949595525,52774.47551644242,54767.161729742875,56690.418520152736,58493.94632079779,60200.7691810027,61690.275578866465,62941.679152084784,64151.80841416445,65332.07886831781,66453.72175832084,67591.89271002181,68740.98859736505
8194.79,13495.709164585433,17561.57947535726,20548.36630047712,24528.20131382623,27731.538951506318,30456.35901301175,33466.87081079081,36454.82141996927,39707.45445814653,42785.69520343788,45808.40486121604,48334.479570147596,50679.6929656833,52765.30808596956,54772.284864846755,56703.2338121175,58446.744755413274,60201.17281492056,61656.288898407154,62875.4734309568,64103.80980560404,65283.26877042397,66394.29050522512,67542.54934528477,68676.12919756619
8194.81,13128.290220311172,17096.703213342684,20627.58800239598,24341.423867443136,27509.10963131382,30535.81218312946,33214.14028581176,36464.26702316267,39937.44117750724,42915.54256087567,45793.4938649203,48385.32101781316,50629.186974870114,52793.65043369189,54803.18002642164,56670.46642164832,58508.243438351965,60181.65725160745,61573.093995054405,62820.9565625861,63989.84906156062,65163.4997520751,66311.34075607466,67418.28535007272,68530.90131340796
8194.82,12827.372039528598,17062.243800998425,20618.169490476736,24268.581035995583,27481.82757604672,30519.8120118138,33202.71694341066,36477.85921958406,40009.36059632246,42997.729509139215,45787.921960791704,48395.225461712056,50639.54555555827,52803.23192778952,54817.82538698087,56682.59724442957,58515.05247162151,60153.46663041865,61550.567926460775,62784.82481553258,63929.34482235014,65118.48312408087,66261.31240921364,67357.82307828817,68483.67693324797
8194.84,12827.518400662366,17394.700251697737,20498.842833569357,24167.053698480344,27591.873774276057,30374.5120746169,33281.35004272448,36605.89819361725,40078.472207908424,43221.40790007929,45828.704037699805,48384.40215559418,50731.60678563221,52818.53196373564,54838.51833001115,56763.7123183171,58478.06546381149,60145.16473257987,61497.337760891874,62687.32618892864,63866.096057601644,65024.42565701458,66144.7169656322,67273.85287620759,68386.48145877224
8194.84,12827.518400662366,17394.700251697737,20498.842833569357,24167.053698480344,27591.873774276057,30374.5120746169,33281.35004272448,36605.89819361725,40078.472207908424,43221.40790007929,45828.704037699805,48384.40215559418,50731.60678563221,52818.53196373564,54838.51833001115,56763.7123183171,58478.06546381149,60145.16473257987,61497.337760891874,62687.32618892864,63866.096057601644,65024.42565701458,66144.7169656322,67273.85287620759,68386.48145877224
8194.84,12827.518400662366,17394.700251697737,20498.842833569357,24167.053698480344,27591.873774276057,30374.5120746169,33281.35004272448,36605.89819361725,40078.472207908424,43221.40790007929,45828.704037699805,48384.40215559418,50731.60678563221,52818.53196373564,54838.51833001115,56763.7123183171,58478.06546381149,60145.16473257987,61497.337760891874,62687.32618892864,63866.096057601644,65024.42565701458,66144.7169656322,67273.85287620759,68386.48145877224
8194.87,14218.4008988256,17474.729598752947,21054.093834150055,24144.035202407213,27580.907233638154,30653.354245117534,33342.15855839577,37000.46444581643,40445.63183860503,43447.44129002219,46011.98471111068,48523.40985752119,50762.052311974156,52930.161498645444,54944.23723247037,56794.76215147165,58591.57061247928,60087.546886349315,61400.08933646124,62609.70827586537,63729.73710983399,64880.49284263067,66042.97956583687,67125.31471757397,68261.92501025432
8194.89,15728.438005670747,18251.68041069901,21272.553151416578,24447.428498193727,27863.270620030748,30656.892955476764,33781.002159132106,37347.64043662975,40710.167150164496,43703.34548268575,46186.54019595423,48556.94032617957,50901.07468553882,52992.11540890178,55004.43647139491,56902.88193813021,58587.488665917255,60072.275177246906,61366.68340769803,62525.84462018693,63689.547043649465,64815.86344930539,65945.5653522146,67075.23182694583,68187.00788747723
8194.92,20002.226355564086,19247.558674839256,22342.507617825475,25138.402539519204,28091.410805235308,31161.57123057834,34238.734515983924,37910.73124264401,41294.67642898909,44009.568586487774,46464.31821404991,48740.05490174736,51001.205138933634,53173.516197625315,55164.64558930458,56976.93675519491,58674.69347263371,60025.01667382233,61293.397800508304,62485.79087895924,63589.77994309756,64714.840863346384,65849.84350199462,66958.48895110817,68100.06382034307
8194.94,23204.64522433166,21139.860961664792,22968.01468305706,25701.723897702996,28515.038600238076,31320.474668398583,34911.13816795867,38407.141737007565,41553.37516432853,44327.54825496893,46703.90215609017,48884.85442612773,51195.75421527098,53281.22400558096,55260.65259129088,57116.13515491729,58677.27591885768,60021.99615411416,61269.178560932865,62419.68237608552,63562.10861573511,64677.85923593966,65760.63935553445,66924.5774800953,68039.33232119649
8194.99,35866.84589753706,27946.351608708857,25982.65537022816,27737.668586351603,29947.68663371187,32832.48497290682,36743.4021494364,39909.53329699158,42513.5008458036,45115.92683678262,47381.267919128,49466.80337126367,51575.11543710988,53672.913414402385,55599.733093982264,57353.01163557773,58735.91111283539,60027.153155646665,61220.4384390289,62352.91169959148,63496.8954786582,64591.46280441933,65664.6401322495,66827.1113134125,67915.47809704918
8195.04,44913.64229745564,38254.90971663704,31579.065330362122,30777.736448308446,32312.91623532668,35378.303257363266,38632.64762614364,41560.73064650876,43790.20361338784,46043.75269178894,48218.30645263462,50211.13194761728,52217.70572828376,54158.7086749152,56025.61865961377,57572.24964317793,58830.931490011986,60066.22858334237,61234.110209572864,62320.756331953446,63483.60976824998,64557.91849950324,65627.19781651262,66753.19339011355,67859.52385783629
8195.09,51161.47712929606,48596.900036211395,40170.33657584623,35410.425663010734,36080.880283589235,38526.410063883755,41188.97854681268,43391.171671385695,45283.68927901622,47256.531031326456,49215.177418710766,51114.340159309744,53002.293734117164,54720.86513860213,56442.1733400704,57802.512804272534,58990.643219245874,60167.966605658636,61296.882638598436,62366.335068060616,63487.71355229843,64591.96449919154,65666.09990339012,66739.23924771351,67864.12776962276
8195.14,55814.36647915497,54963.63819937568,50568.61547996593,43040.436285338576,41638.79521723565,42352.92047512975,43888.82403148032,45471.28007569947,47012.90833618554,48703.43061500316,50373.88635127711,52168.79404905389,53905.27258009197,55472.516667114585,56827.35844999879,58084.03646328913,59176.5703979108,60329.959518091455,61419.13009450669,62481.183011035595,63570.228220295605,64674.69637603458,65713.65509413685,66816.31251332477,67938.65100137918
8195.19,59738.13474341499,59032.71430767694,57372.28392405243,52952.17302554378,48295.69736349502,46859.94556673316,47026.16080505856,47835.529648805415,48979.579251265226,50375.77558917782,51826.165735551294,53345.56855902463,54928.794361389184,56213.05173466883,57272.951784662735,58409.291472627396,59450.5750022976,60536.15956903344,61613.663215365734,62612.03404691414,63716.282032838186,64795.38862696135,65827.17123857909,66936.99783990032,68049.53955355597
8195.24,63245.902790212065,62724.6777191977,63181.42153716411,62337.605106231225,56745.34510720211,52133.90494725282,50647.64022671096,50623.6677331372,51205.08868144111,52283.977898275974,53457.43811348796,54680.760521068376,55988.5518865746,56952.21924284013,57856.880987807264,58767.72904124298,59784.31804871094,60822.88098645193,61851.781076120606,62843.79557557339,63933.662738100546,64955.117114741144,66024.95236088466,67159.71098699814,68196.85524144101
8195.29,66277.11259162564,66674.89324816542,68237.15600086327,67909.66448700748,64694.96057887766,58493.235132086644,54931.43621628155,53818.077311309906,53764.603702538014,54428.14659436689,55266.57620101153,56215.52987140906,57012.91550893689,57757.61933598477,58491.66310153466,59309.46534461123,60162.42871294111,61188.39306516285,62155.67673819186,63134.6141749198,64174.174369949935,65204.54300893654,66271.69643337461,67372.40464760826,68501.99524808736
8195.34,69354.64622563629,71065.99846832662,72065.80676663724,72118.00291449606,70580.5321567717,65448.059478640964,60189.301457773,57521.387549517065,56712.21285205417,56813.17296328415,57259.22890319526,57767.23789857056,58146.83288426497,58641.25445928264,59230.904990932584,59920.12398459982,60635.87242422829,61580.6316131728,62545.46814560439,63503.7227491334,64481.97287543011,65520.41079040897,66585.32976662352,67676.33867470229,68817.39319615271
8195.39,73703.895771738,75236.60892240884,75476.49228386149,75067.69727199167,74333.77370642984,72069.80590721169,66250.06172062116,61966.68482484717,60051.868773669106,59470.152978256345,59390.99270499021,59321.108829642166,59383.33861791398,59589.14770306141,60062.58126334319,60625.087273527104,61270.97291938348,62071.76953941413,63010.54135450829,63877.881348026596,64891.14204984953,65928.49767170264,66908.17983878615,68074.10189683363,69193.58146936433
8195.44,78314.36499467013,78155.16853354491,78258.38259050983,77618.75198182849,77020.27040939227,75972.1668588401,72376.15254930573,67232.32417488148,63861.66770129236,62422.79153449724,61576.814454046784,60965.189010442875,60709.10813959152,60711.86485382184,60953.7844860249,61439.42179240105,61929.704404658034,62671.03404733012,63521.86851309215,64352.01876669734,65337.46922330944,66360.9152041466,67385.16070638927,68513.3668920703,69578.29362416499
8195.49,81114.10477037783,80930.34443953041,80440.53745887076,79932.96953049357,79492.2060584235,79007.9897284626,77447.16980052463,73055.60693788982,68333.92418429315,65577.38990713394,63836.755840493315,62759.433893297544,62167.01101411173,61938.68164670085,61989.43058738814,62316.034460864845,62742.12644528191,63402.721504345696,64074.353712463766,64942.42199253375,65920.10137251389,66832.33638325572,67918.94081130206,69005.1964780285,69972.13089866628
8195.5,81393.98382174433,81407.80931085079,80897.05097307451,80295.80741641473,79997.5057056852,79521.16073291529,78280.27733049846,74184.456463147,69309.06884705457,66235.34966645915,64320.00597617384,63127.72494211923,62471.33906214994,62199.163293296,62205.054921994946,62492.09529690153,62949.20430506115,63551.79694243609,64202.13569198046,65078.73209481909,66031.62439965922,66965.8429813494,68030.58690035372,69102.7548451339,70049.33825069916
8195.54,83281.77444180309,82936.8630741837,82404.70826453106,82108.25152998725,81794.43174633932,81488.29898165197,80830.16816269823,78353.36409634844,73389.8656330542,68970.93783543236,66292.9831057244,64684.63933237729,63769.3921211514,63270.693893166324,63171.84050406661,63286.31495722924,63644.210577139325,64168.28372645554,64812.0997090797,65600.88214412026,66495.18128649393,67496.66592616604,68506.92511220358,69503.85117834416,70414.68316264491
8195.55,83617.55410448674,83274.15583862837,82851.9279668273,82459.3393183576,82269.19608340332,81982.72861367208,81489.92272448834,79539.66995696716,74388.34697587878,69713.05529577205,66837.30927809935,65075.734334765395,64102.225488088035,63570.355940141395,63411.212796925116,63500.523557453685,63875.54075655996,64324.54075492933,64967.760885152515,65762.803524233,66610.64599859543,67618.33300112048,68634.37381235743,69602.12771012136,70512.56436218954
8195.57,84513.7899254475,83902.82499623258,83533.95711924194,83416.57218950341,83086.2478216791,82891.3372759735,82626.80277047536,80923.25374708376,76456.94979846955,71275.68862144073,67891.03722657498,65946.40407673153,64784.59755871356,64153.77813903276,63913.746125816935,63924.415759485004,64277.82794479231,64679.92126412104,65281.66536073275,66049.38619113663,66858.34672456257,67888.56294911627,68901.16662813307,69797.3162960143,70718.38828864835
8195.59,85198.4728043374,84588.12435502185,84351.04027279821,84190.81201334308,84012.54140913987,83869.93478901824,83468.18689449664,82308.0179661294,78308.91894734443,72838.67743527518,69016.74589642792,66817.30226420595,65506.22614505407,64767.121603483945,64412.18164311773,64425.34413913012,64653.40384109921,65042.06744512844,65630.9066685611,66335.00549072036,67203.87477345002,68166.68228442152,69134.65745233599,70023.77923193896,70934.6335379918
8195.64,86547.17701250239,86257.60181372291,86284.41022621846,86208.46949476705,86212.72319332723,86136.23333963641,85717.08113782929,84923.79532072956,82405.56368359439,76998.80493339452,72168.3259227644,69178.74333157374,67427.78921174222,66399.37316037984,65830.57463719984,65684.21191144171,65682.32357474901,66060.57209196223,66588.41204309594,67129.7414304972,68012.13478339805,68931.64104211511,69761.59578838527,70616.14174744679,71493.62349424792
8195.67,87471.91593720375,87245.86224922063,87423.51930371737,87523.27363581213,87488.90976167498,87381.51206493744,87083.42807235658,86023.23644500985,83754.23052743616,79378.99021391483,74266.39885437471,70706.481605765,68664.476119113,67418.34118428246,66759.4834897565,66467.19678911196,66424.54137011085,66694.78676457632,67166.06093236907,67754.19917153686,68503.03606918461,69386.68171449336,70172.22743017596,70987.01916645886,71833.024122737
8195.69,88314.39552735502,88153.55420712555,88246.6150384654,88327.42409439827,88387.08373217752,88260.32233669107,87808.97862337992,86549.41724814882,84551.7431226904,80799.47850451799,75748.47166402216,71798.51915459517,69557.04584043728,68158.34990517983,67385.0697135183,67021.17383953216,66883.84128661727,67138.89317789237,67579.9125080865,68132.50719922516,68903.68165137505,69701.41028300487,70424.6166548362,71276.15177195561,72065.83609758514
8195.74,90611.82444587455,90553.97868319503,90332.83054152525,90522.92064084989,90508.57250430853,90270.6720899653,89450.4202532708,87760.06550025762,86069.86001690343,83644.9060816268,79473.46699751721,74896.14350546274,71869.50961157733,70122.45807122409,69103.5351431744,68474.89865275551,68263.06282429407,68395.95767759529,68666.85243949453,69213.38985160924,69877.86739545371,70479.63568312195,71182.29845519197,71959.13450509195,72667.95648582675
8195.79,93242.6147647086,93613.49312481747,92870.4981886727,92804.76972872789,92558.54475254896,92166.78368546731,90550.14908616594,88729.38385270351,87041.1826486342,85316.46719148675,82642.86719154769,78312.59416946663,74534.67074385555,72287.37802542174,70905.46218852696,70114.74651339448,69750.4410491285,69671.72468872108,69949.49312192551,70372.84494557443,70865.74110702949,71368.31067324297,72007.8910623319,72670.95266997737,73297.2722189018
8195.84,96747.14676190673,96278.58617212891,95907.30019649553,95141.91680786882,94538.99123347198,93467.28041456568,91309.28418864902,89487.32066415028,87931.01720876867,86417.31951563167,84803.90771024275,81571.62975498545,77633.09973704611,74693.10925799664,72886.18322094003,71889.96046479042,71349.43328909545,71149.91470765969,71300.90559818588,71583.45560961691,71894.33928628387,72351.43595688246,72846.38702447063,73411.5158710889,73972.7785771501
8195.89,100089.06639391171,99709.59876168142,99089.4937312955,97692.28190061993,96144.99941099944,94099.88896998623,91881.68652394049,90084.90170300331,88694.92604668798,87340.52122378451,86200.49523007245,84441.92156336304,80978.5854700629,77392.9647705265,75141.42959672945,73868.49804437942,72992.11927039952,72770.75067660197,72755.07210385853,72805.45623555624,73026.68404887128,73386.18522847038,73752.48499827196,74182.30181060624,74722.87542592055
8195.94,103007.01489711324,102705.06497476799,101514.4142099436,100209.83956200242,97045.78662147222,94421.3612382298,92219.41554436921,90607.41784634875,89283.42574075783,88210.78032045868,87156.44289571783,86115.08528107384,83954.36060555297,80450.65093842689,77617.56946232822,75915.36082699511,74955.38352530444,74483.40993275424,74238.68749681406,74089.30788916182,74247.23886197669,74452.39265221651,74692.16340004855,75041.0508873469,75559.27735862733
8195.99,105826.70593812967,105203.23639897395,103869.65948647042,101314.51221129157,97389.16163543607,94601.00254540204,92474.18661710146,91004.8428314844,89893.7927549715,88906.28877741312,88117.29115487217,87440.56140383781,86215.76311219277,83644.60828514032,80478.66565319739,78191.61096171741,77013.20963433645,76296.19598915866,75767.21553730294,75511.50725044722,75507.40923192141,75560.84690732068,75679.09555542927,76000.30091240157,76447.31172975818
8196.04,108163.61312636329,106796.29362084402,105384.89704012558,100922.60455160045,97333.02132948814,94487.26750556909,92650.07339749772,91332.27046325516,90477.33706246024,89615.70520117525,89031.41716028946,88386.60376433676,87786.61597282694,86454.78480185996,83425.99309846465,80839.83305188057,79202.25225911473,78152.06365609818,77408.34489112959,77032.14059802775,76814.88618933508,76713.59024720747,76753.5173603552,77049.60529685595,77389.9187364005
8196.09,109622.79228040086,107715.39439020303,104561.10580275173,99663.32679287088,96465.27248923223,94367.55033438289,92667.40198039616,91681.8724644066,90854.1760947344,90323.03335482975,89868.64603473777,89346.58895940402,88963.33927951094,88323.52486246354,86406.19744856781,83736.8588918744,81547.99709429732,80065.66875892013,79200.93226555554,78578.07319542911,78169.77057647887,77937.77399902903,77934.45682204785,78134.98924401031,78384.8610106559
8196.14,109615.82683120866,106558.38619926015,101664.3009172836,97936.11011773301,95440.30454835093,94036.19246247868,92756.76457099442,91930.42066036764,91373.82279292315,91040.40594520998,90601.22554465945,90392.57440009755,90105.85133078152,89669.34898473659,88990.36122171688,86762.44781176017,84072.81051332105,82171.53180087262,81047.49394180249,80193.80023979858,79583.92901517272,79265.80596666934,79214.74522846646,79282.47275750143,79399.21508521272
8196.19,108392.284154219,102287.27642786285,97965.17191203867,95562.85804482449,94277.21493831294,93276.93709724376,92843.1485056504,92149.2331335948,91883.80299218405,91623.07354897678,91420.013627826,91336.22190722224,91094.07360361658,90954.08317832876,90661.87171574873,89394.86763021881,86755.83212883929,84489.92631035318,82960.42403603799,81885.87174432377,81098.02747267301,80709.56889324369,80509.58364935321,80460.84798313779,80468.68925756573
8196.24,101808.30486426974,95986.41003587304,94192.05401651637,93225.7565503314,92928.27584345426,92724.71924951284,92574.57924075928,92497.46253960543,92455.03782336973,92223.18750621224,92280.7230426822,92270.70294032028,92121.48042686537,92163.29455007616,92026.0702953541,91367.58426132462,89516.01126712913,87023.8112275494,84983.4889003519,83620.49294099997,82752.14447687434,82227.77280665899,81890.75913758288,81673.31842609332,81623.7968514531
8196.29,90262.74895292296,89460.84396530755,89980.20784892308,90956.65376514701,91556.17196788514,92254.89934411744,92434.728364482,92877.61337128578,92829.26571680442,92984.7878179127,93121.89729798377,93057.90740974214,93241.67397070369,93289.65673046294,93117.18242164313,92796.09603056364,92046.47872368136,89621.58285667545,87191.36953938534,85505.01451514357,84535.66712277377,83806.48358141039,83290.92426940033,82962.16356386196,82866.6648509525
8196.34,78785.97703665859,83343.42464614923,86356.46643855043,88649.62764265535,90415.42141271655,91341.29930154922,92387.10215816811,93050.15404459409,93340.42311469412,93691.0480107221,93888.86663192646,94042.32777603102,94285.96208019849,94335.40219831576,94121.92747258472,93984.7741463055,93578.60362287676,92036.9976562005,89605.35120147215,87599.27913226046,86355.30510122867,85481.93689023993,84743.87733724985,84346.39319402697,84175.6554116637
8196.39,71143.03145281214,78713.41534267769,83324.11447089499,86828.57914964673,89246.9303065594,90894.84959379325,92460.05180565668,93188.06030200819,94053.34008921194,94513.9005034491,94600.78972322572,95083.23258799761,95289.31714150014,95255.35530398307,95173.77839878935,95086.3961502515,94832.34735670907,94005.05834440443,92140.07675259313,89960.782080314,88299.90674974867,87152.04487848487,86308.9569748204,85823.33670789335,85525.35465700664
8196.44,67326.9741070798,76163.97619964802,80897.62994357925,85529.01526070054,88333.49070057133,90557.63438791383,92277.98848491414,93557.0291742108,94578.34426258437,95169.42143923214,95636.29795631937,96035.32541503872,96188.81003361876,96148.91424570179,96231.47746346088,96096.8605167349,95839.26482345664,95376.90248572464,94443.81445597608,92385.64606213968,90359.58689830426,88924.22045986832,88001.5823787125,87378.46391773105,86902.51763931118
8196.49,72261.6703393728,75375.93263904318,80127.55668937945,84293.65969937321,87880.30296009351,90543.6497301846,92261.32700493578,93993.4362696274,95148.89363685065,95890.46402174649,96637.1262748578,96980.51425368851,97009.71451965284,97129.24621576858,97185.68619468874,97030.77185469339,96785.65360290295,96589.41682966822,96234.89871392056,94801.38822502951,92619.0218484861,90853.05464923801,89765.160906161,88968.43206879962,88345.94868129898
8196.54,79288.07759304834,77552.47136178726,80666.90964439827,84236.4921384301,87866.51315297007,90225.4320645907,92663.10281821714,94459.90245126642,95536.04139236217,96785.32203542601,97577.10650258556,97832.33729780765,97899.47337201574,98100.75713417813,98078.97724560248,97904.56435033768,97751.19164060766,97736.66249458937,97576.35915047146,96907.08191629176,94963.11850948996,93020.83718778113,91629.80979414184,90627.54816296384,89848.65536979196
8196.59,82976.76130584368,82546.38380894174,81654.95076823886,85053.22604964602,88092.9945803015,90391.62099260512,93048.2709979066,94844.08141517396,96264.06919975289,97588.2478793557,98328.75926157781,98611.81895715807,98866.00066027998,98973.34362020766,98911.06235563158,98778.60483269133,98779.66398053514,98795.32007914875,98669.01723288762,98274.35726878067,97196.10095287897,95347.1543687664,93548.82033686919,92312.83321711156,91502.06899725141
8196.64,87159.31852685448,86705.27595445233,85595.82186293657,86860.91249637894,88745.45861962756,91322.31986091283,93729.96962107463,95298.34744670732,97127.81402061397,98360.0200361565,98983.31460754402,99462.40523174529,99800.43306651685,99803.11873027388,99701.371482825,99712.71879422125,99852.0780181814,99843.17723340359,99678.70986870596,99491.32221729888,99070.51005263986,97674.35151981415,95687.52353994356,94141.22488547802,93221.88776350209
8196.69,92605.8297013216,90221.73887816141,90080.71700330041,88893.89134207022,90361.89646055683,92386.65166667511,94247.9198379883,96300.86022419653,97875.91034234675,98972.36782576882,99635.13547621113,100323.68890356748,100664.15503373991,100596.11832669101,100538.35865590494,100716.35196936781,100809.13482604698,100804.34002916738,100672.06906234843,100604.29895369516,100478.09887078255,99685.36638693765,97861.32416556076,96140.56896344094,95079.83981076757
8196.74,92825.859047976,94006.57675818958,94077.39265201509,92214.32566438394,92528.40023208752,93794.25396569198,95321.02088102006,97282.50313367558,98690.35126297433,99516.86770391521,100411.11000579428,101067.7068913384,101346.68831732016,101391.41979358223,101481.02768700609,101688.85997144591,101807.43876291496,101715.00304535039,101691.21879307112,101723.1371975044,101625.89204806666,101261.52516704395,100052.96390752957,98412.21955815119,96977.90785237255
8196.79,96756.3718183029,97796.53449545504,96357.91584447095,96282.83067070645,95391.43682165307,95167.80058011368,96895.87152584418,98313.25101077138,99336.74412415101,100230.7672390983,101171.86989908367,101737.2735780321,101999.21887726632,102241.17802024171,102546.01119551012,102655.29788258021,102695.46826748621,102654.60102881194,102737.7505001477,102818.42910698673,102697.62070079955,102502.63030239005,102038.29495568165,100709.8686990628,98990.8923747838
8196.84,101108.20502823984,100019.1710860304,99443.0909452091,99416.86146129735,98255.12759771943,97568.48029488344,98525.31669342602,99364.02714778415,99980.71875856543,101097.53354496043,101836.50370827322,102311.2783071111,102653.49449196937,103109.14130590404,103509.67634701295,103591.19149692712,103555.292403075,103646.41514962494,103792.17668048658,103792.52614517824,103695.54433511505,103618.14122250048,103561.48612184974,102781.09705757459,101072.77304200757
8196.89,104458.68189798816,102185.79107020261,102829.3649804817,102144.88074574624,100954.47654315746,100659.344147272,100316.592521618,100410.10306044269,100978.14162378144,101904.55507161937,102474.04591784363,102857.0396772259,103417.00632834453,104042.40644796571,104432.34871798496,104496.54406423088,104491.03909420561,104677.33491936482,104788.0359648472,104799.93702891222,104721.28644160683,104776.17733986552,104847.27302793902,104435.82123413125,103151.21616978383
8196.94,104556.03828064757,105474.1484780018,105329.54751012937,104072.32248141068,103820.72631607471,103323.82921247827,102081.4914572875,101702.17071539491,102196.52292348805,102686.19717442614,103083.18384810169,103505.36191909901,104280.55075230393,104860.22777545682,105228.12772117078,105426.44115320696,105516.95314428494,105721.56975612114,105754.75008360772,105714.68326346355,105770.52084315688,105949.10154466901,105942.0696253167,105691.72361053128,104954.68552952167
8196.99,107502.6718519443,107990.40815572278,107409.31054358777,106160.70915493155,106205.02110910357,105555.88326560258,103977.44197915748,103351.73678700268,103349.00012360186,103478.09806535355,103740.74730733452,104345.05512145533,105107.42810985049,105682.42666121236,105979.4677987985,106301.37839552025,106599.25298519405,106681.58310692984,106695.72447171272,106716.6000715876,106918.28352706014,107034.50487960776,106943.96668801736,106745.59741368263,106330.02094239731
