,istart,istop,cstart,cstop,tstart,tstop,ed_rec,ed_rec_err,ampl_rec,dur,total_n_valid_data_points,snr,period,period_h,TIC,Sector,note,dur_over_period,
462,6173,6218,469534,469579,1879.58550902898,1879.64801006876,1069.44929604824,7.84566509929117,0.744257807731628,0.062501039778681,17887,2.48165927784871,0.164320865009436,3.94370076022646,462637035,21,I,0.380359729575985,
466,11059,11085,455295,455321,1859.80883365563,1859.84494520635,426.181376594246,4.63832573027295,0.739938735961914,0.0361115507244,17334,3.29248425061288,0.164368248499729,3.9448379639935,462637035,20,I,0.219699066297829,
798,3543,3560,567372,567389,2015.46947624937,2015.49308739974,217.311601073968,4.43614826723651,0.482629179954529,0.023611150372517,16643,2.68783189182543,0.069759170839204,1.6742201001409,461579405,26,I,0.338466614331484,
910,16924,16932,542322,542330,1980.67765761601,1980.68876891076,186.497516950211,11.0307199376668,0.43336820602417,0.011111294756802,17918,2.2144456937652,0.053152139856618,1.27565135655883,455959622,24,I,0.209046988263795,
66,14436,14453,281948,281965,1619.05219964976,1619.07581073919,1235.55562218376,9.3814721225033,3.04460906982422,0.023611089430233,17766,2.05479069628094,0.135275164432922,3.24660394639013,454254671,11,norot,0.174541199260126,
869,1492,1554,191849,191911,1493.91771029625,1494.0038235424,981.868157598378,11.386133099155,0.453952431678772,0.086113246144578,16063,3.18866531799214,0.088201683486619,2.11684040367886,452922110,7,GOT,0.976322024030779,
1246,7425,7517,415823,415915,1804.98768514875,1805.11546372963,1580.94801789203,5.60353460420472,0.337233781814575,0.127778580875201,13122,2.06133270448019,0.213788944216133,5.13093466118718,441811894,18,complex shape,0.597685634978493,
1225,10711,10724,556429,556442,2000.27235898036,2000.29041434015,140.980184530603,2.19331061927369,0.341262459754944,0.018055359791561,16947,2.01394674442768,0.057166641101722,1.37199938644134,441740483,25,I,0.315837338762538,
210,6572,6603,570433,570466,2019.71960079828,2019.76543336745,1172.66139711764,6.48968890768116,1.29834747314453,0.045832569177719,16643,2.27977640049681,0.186871821953884,4.48492372689322,441606549,26,I,0.245262066257531,
438,2960,2997,445999,446036,1846.90194759949,1846.95333675708,1041.6553509016,5.84389044793655,0.782328128814697,0.051389157583799,16039,2.05449224671209,0.187026127891132,4.48862706938718,441606549,20,complex shape,0.274769938100374,
204,7035,7053,122317,122335,1397.34534000372,1397.37034008933,933.910438120942,8.51785457048137,1.31945443153381,0.025000085610373,13153,2.0189977183984,0.062923039156046,1.51015293974511,441497175,3,norot,0.397312112474002,
463,7057,7072,122339,122355,1397.37589566355,1397.39811795949,525.341248358863,8.53277622300934,0.741896033287048,0.02222229594031,13153,2.0189977183984,0.062923039156046,1.51015293974511,441497175,3,I,0.353166284374787,
575,4974,5034,137293,137353,1418.14543203241,1418.22876626549,580.849829821571,4.83836803109101,0.61498212814331,0.083334233073856,15481,2.09096304969937,0.403083858585663,9.67401260605591,439913926,4,I,0.206741677442154,
261,13942,13989,149052,149099,1434.47736842689,1434.54264516191,1234.88040859901,4.60323604926588,1.15796732902527,0.065276735014777,15481,2.09096304969937,0.403083858585663,9.67401260605591,439913926,4,I,0.161943311855303,
944,11626,11638,186004,186016,1485.79995778553,1485.81662438759,434.786681192455,17.2339982411655,0.422831416130066,0.016666602052965,14531,2.0977454501295,0.065309557519187,1.56742938046049,438462123,6,I,0.255193920860183,
398,11436,11451,164199,164214,1455.51513319713,1455.53596603595,616.114007908785,12.2175407443299,0.834230422973633,0.020832838825299,17367,2.18585468520244,0.07422015058606,1.78128361406543,434167503,5,I,0.28068979462852,
494,16860,16870,109570,109580,1379.64168780369,1379.6555765709,226.375660548511,3.83470526993359,0.700051784515381,0.013888767206936,18018,2.27601000545132,0.056878721805367,1.36508932332882,434109088,2,I,0.244182125865309,
2221,6522,6544,374789,374811,1747.99881065267,1748.02936639866,243.602733286423,6.13067982079865,0.201439261436462,0.03055574599648,13470,2.03593028282475,0.056046084042001,1.34510601700803,430844759,16,sys,0.545189668801508,
756,8008,8059,257860,257911,1585.59960522602,1585.670437746,264.107236057765,0.855607781180745,0.509089946746826,0.070832519983696,15093,3.51132552167004,0.1794193427894,4.30606422694561,429354344,10,I,0.394787534512587,
907,11612,11658,261482,261528,1590.63008690631,1590.69397460342,293.116374987007,1.0168776041541,0.434803485870361,0.063887697113387,15093,3.51132552167004,0.1794193427894,4.30606422694561,429354344,10,I,0.356080320661845,
1982,12004,12037,261874,261907,1591.17452096046,1591.22035339468,144.320274565644,1.17808670273873,0.224780082702637,0.045832434216663,15093,3.51132552167004,0.1794193427894,4.30606422694561,429354344,10,I,0.255448679635732,
881,15089,15109,107733,107753,1377.08737443731,1377.11515148464,397.164860532857,6.03509987133632,0.447714567184448,0.027777047330801,18017,13.3399598113202,0.050171132216023,1.20410717318454,425937691,2,I,0.553646013233282,
1107,5546,5561,76355,76370,1333.50716137759,1333.52799490849,307.31953693673,5.82111990036795,0.370372772216797,0.020833530890286,17805,14.595166774249,0.050155969722008,1.20374327332818,425937691,1,I,0.41537489965316,
725,10521,10532,103078,103089,1370.6222507256,1370.6375281753,230.791192292027,1.87226173748129,0.5243239402771,0.015277449698715,18017,13.3399598113202,0.050171132216023,1.20410717318454,425937691,2,I,0.304506775588291,
1930,3277,3284,94667,94674,1358.94049462069,1358.95021673692,94.3603870922609,2.94655544965641,0.23141872882843,0.009722116229113,18017,13.3399598113202,0.050171132216023,1.20410717318454,425937691,2,I,0.19377908768836,
587,17493,17570,170281,170358,1463.96027850081,1464.06722072465,2828.85530617383,28.7651631720666,0.609874606132507,0.106942223846772,17571,2.35133688647786,0.051702038642736,1.24084892742566,423786241,5,sys,2.06843340522312,
509,12303,12312,299650,299659,1643.6388352961,1643.65133548892,250.012109364788,4.26291282388751,0.680092096328735,0.012500192822699,18804,2.25901030023554,0.068749277383404,1.64998265720169,423236614,12,I,0.181822897613707,
783,2166,2174,288562,288570,1628.23850338497,1628.24961480196,202.832785746186,4.30262778897492,0.49131178855896,0.011111416982658,18804,2.25901030023554,0.068749277383404,1.64998265720169,423236614,12,I,0.161622309434488,
1434,11086,11157,163849,163920,1455.02886356954,1455.12747190213,1587.85396120996,12.1450276388599,0.298348903656006,0.098608332592221,17367,2.01792313939206,0.058146792850954,1.3955230284229,416744592,5,SSO,1.69585161549633,
1807,733,749,115002,115018,1387.18582924381,1387.20805159005,163.09794497837,2.19187423471948,0.242170095443726,0.022222346230819,13153,2.04332336564977,0.069864056022426,1.67673734453823,415974305,3,norot,0.318079818092522,
134,7379,7408,414834,414863,1803.61845745825,1803.65873470774,728.17895369644,1.43791293354538,1.8266658782959,0.040277249492874,14752,4.25264143231776,0.107907290121951,2.58977496292683,415957794,18,I,0.373257909149186,
186,8595,8638,519117,519160,1948.45503445454,1948.51475690934,1169.68603348346,4.97737998312747,1.42016339302063,0.05972245480325,13040,3.62494285060422,0.143421792599155,3.44212302237973,409372963,23,I,0.416411297899242,
377,12831,12850,420265,420284,1811.15832232919,1811.18471053151,448.943228515962,4.61627699422776,0.871437668800354,0.026388202317776,14956,3.38531782826448,0.139883924295078,3.35721418308187,408094501,18,I,0.188643566090636,
288,14231,14249,403364,403382,1787.68515265904,1787.71015238859,600.039238112999,4.09392969047638,1.08305668830872,0.02499972954729,14494,2.48396041434144,0.139819830625208,3.355675935005,408094501,17,I,0.178799598279465,
866,5106,5124,489636,489654,1907.51009586508,1907.5350966116,274.573971001721,5.28535194600937,0.454994201660156,0.025000746520163,15666,6.00676816174454,0.082864082139838,1.9887379713561,406732126,22,I,0.301707879633214,
1708,7210,7220,375477,375487,1748.95335986386,1748.96724887152,188.303079968204,15.4373735040354,0.253094673156738,0.013889007667331,14826,2.13465807681767,0.051687167003317,1.24049200807961,403846866,16,sys,0.268712883150274,
375,3741,3824,548397,548489,1989.11502392373,1989.24280039118,896.972735107785,1.91951070972538,0.879562258720398,0.127776467445528,16947,3.97078274921447,0.077355439028153,1.85653053667568,402980664,25,I,1.65180973763234,
526,5459,5515,569310,569366,2018.16089375773,2018.23867246479,379.804931072981,1.10310087502111,0.662186741828918,0.077778707059679,16643,5.17138120977171,0.110389202877625,2.64934086906299,402980664,26,I,0.704586182635115,
1449,9663,9732,555354,555425,1998.7774656572,1998.8760765276,295.095868891926,1.72950220855155,0.294495344161987,0.098610870406446,16947,3.97078274921447,0.077355439028153,1.85653053667568,402980664,25,I,1.27477617146685,
1957,13632,13653,578302,578323,2030.64999285195,2030.67916012551,93.8577078726219,0.90012203535126,0.227899789810181,0.029167273561143,16643,5.17138120977171,0.110389202877625,2.64934086906299,402980664,26,I,0.26422215942149,
2036,11871,11926,576513,576569,2028.17194606326,2028.24972236246,159.232167906978,1.21910383624381,0.217516660690308,0.077776299202469,16643,4.2799620701469,0.132786113787946,3.18686673091069,400361232,26,I,0.585726149999951,
1201,15347,15378,580038,580070,2033.06768010011,2033.11212359508,330.534848210142,1.10835741447644,0.347596645355225,0.044443494969528,16643,4.2799620701469,0.132786113787946,3.18686673091069,400361232,26,I,0.334699869600088,
272,5696,5706,373963,373973,1746.84490642482,1746.85879553982,347.473360360558,6.53954653500737,1.11865234375,0.013889115002485,14380,2.26452557827871,0.060664766397534,1.45595439354081,399964558,16,I,0.228948627469694,
632,7913,7946,257320,257353,1584.84953253149,1584.89536581693,941.760036718472,6.11441380618396,0.572978258132935,0.045833285446179,15538,3.27774355804061,0.184153042077502,4.41967300986006,397431902,10,I,0.248886930832724,
765,10893,10901,318930,318938,1670.41778169083,1670.4288927958,169.392171245779,1.86309956953128,0.501044750213623,0.011111104976862,19282,2.21914089868408,0.059237642336736,1.42170341608166,396088793,13,norot,0.187568318700143,
2028,1241,1268,308460,308487,1655.87363175146,1655.91113222465,334.832817117994,6.41921216282895,0.218551993370056,0.037500473190903,19282,2.00931614594316,0.056822998621379,1.36375196691309,394356010,13,I,0.659952380210957,
850,14209,14230,322283,322304,1675.07239190878,1675.10155867058,342.439142404943,4.93376824863722,0.462284088134766,0.029166761800298,19282,2.00931614594316,0.056822998621379,1.36375196691309,394356010,13,I,0.513291493021003,
905,16090,16101,324175,324186,1677.70017627949,1677.71545408346,186.286816355556,3.57499880801195,0.43636167049408,0.015277803977824,19282,2.00931614594316,0.056822998621379,1.36375196691309,394356010,13,I,0.268866556649404,
1586,8881,8889,316232,316240,1666.66818396448,1666.67929514653,88.5792393263376,3.37274731561677,0.272029161453247,0.01111118204426,19282,2.00931614594316,0.056822998621379,1.36375196691309,394356010,13,I,0.195540226912269,
998,1112,1119,308331,308338,1655.69446281913,1655.70418516445,124.981923088879,3.90193641643918,0.406360626220703,0.009722345318551,19282,2.00931614594316,0.056822998621379,1.36375196691309,394356010,13,I,0.171098772582077,
1875,10109,10118,259525,259534,1587.91210919032,1587.92460935451,137.616556549627,3.82894721269453,0.235355138778686,0.012500164188623,15538,2.24381264762944,0.051553389301153,1.23728134322768,390586370,10,I,0.242470269328023,
1499,14021,14027,263457,263463,1593.3732697956,1593.38160316357,72.3429418063596,2.63769428263587,0.284512758255005,0.008333367974501,15538,2.24381264762944,0.051553389301153,1.23728134322768,390586370,10,I,0.161645394948158,
1665,15183,15190,87589,87607,1349.1118505991,1349.1368497562,186.775790634459,0.756985292218531,0.258742213249207,0.024999157101775,17804,7.80796284510121,0.099259419105569,2.38222605853366,389426731,1,I,0.251856774168573,
1870,4615,4639,75376,75400,1332.14825988357,1332.18159315941,200.660075150512,2.84052744828078,0.235920190811157,0.033333275840278,17804,5.61562712412274,0.143210380758498,3.43704913820396,389051009,1,I,0.232757399734097,
2225,14859,14873,422338,422352,1814.03689964428,1814.05634372685,255.025194373169,14.6591825383547,0.201045870780945,0.019444082573728,14940,2.06091323461328,0.051664084218311,1.23993802123946,387446084,18,I,0.376355893420376,
856,7668,7674,415024,415030,1803.87876234218,1803.88709552671,221.012293623364,10.3655758351157,0.458350658416748,0.008333184531921,14940,2.06091323461328,0.051664084218311,1.23993802123946,387446084,18,I,0.161295504565772,
1348,6014,6040,430146,430172,1824.88277892563,1824.91889006699,432.70550756239,6.48356458147505,0.314239025115967,0.036111141358106,16404,4.30844633892943,0.207810447814719,4.98745074755326,385445333,19,I,0.173769614270319,
2172,4034,4047,332510,332523,1689.27314857933,1689.29120438772,85.319346274461,1.63221668825419,0.205320835113525,0.018055808395729,18125,2.26901897088598,0.062261899284737,1.49428558283368,383553281,14,I,0.289997712937665,
692,9595,9608,574192,574205,2024.9422134157,2024.96026896499,214.572944085058,1.9824289125266,0.53996193408966,0.018055549287283,16642,2.10182686804413,0.097034233014438,2.3288215923465,383553281,26,I,0.186074014565524,
543,1276,1292,507355,507371,1932.11996311295,1932.14218607294,262.114006789423,3.50943922491848,0.644202828407288,0.022222959987857,12843,2.70883339029952,0.102994320623989,2.47186369497574,379190818,23,norot,0.215768790484948,
646,9618,9634,498469,498485,1919.77305245674,1919.79527430589,201.034012328245,1.8172065083748,0.563658595085144,0.022221849148991,14288,2.1216278795285,0.084591631715489,2.03019916117173,376870091,22,I,0.262695596459598,
1872,10891,10940,475304,475357,1887.6020853234,1887.6756948375,628.183615510347,8.74718646297216,0.235863327980041,0.073609514095551,18015,2.4527919996801,0.053673006828006,1.28815216387215,372732576,21,I,1.37144383081483,
1668,9978,9988,417368,417378,1807.13499269275,1807.14888138254,113.425445515011,2.75373953143271,0.258625030517578,0.013888689781652,14892,2.17931986171213,0.058706194375005,1.40894866500011,372061167,18,I,0.23657963064227,
1509,12318,12329,419817,419828,1810.53859347146,1810.55387101881,170.354671023202,3.88548561514566,0.283017754554749,0.015277547350706,14834,2.04023874728755,0.05791990993236,1.39007783837664,370943224,18,I,0.263770219403784,
892,9772,9795,417164,417187,1806.85384861546,1806.88579245598,380.450760239513,8.4501016102318,0.443756937980652,0.031943840512895,14908,4.09118559254634,0.177183750766048,4.25241001838515,370065236,18,I,0.180286512588129,
1704,13741,13755,421205,421226,1812.46622046812,1812.49538636765,353.858331598098,10.8864717032424,0.253361821174622,0.029165899527925,14908,4.09118559254634,0.177183750766048,4.25241001838515,370065236,18,I,0.164608207027039,
378,586,598,424658,424670,1817.26354779901,1817.28021487452,307.852292303438,5.44286732431957,0.869768261909485,0.016667075506803,16442,2.01709336692751,0.050267016019176,1.20640838446022,367440157,19,I,0.331570815750129,
608,10901,10910,436020,436029,1833.04422597802,1833.05672590804,278.234898365674,5.29384433779239,0.591182589530945,0.012499930027161,16442,2.01709336692751,0.050267016019176,1.20640838446022,367440157,19,I,0.248670619763713,
2173,9165,9171,554851,554857,1998.07940405416,1998.08773744331,72.8153953804229,3.20440525645604,0.205274820327759,0.008333389144809,16947,2.4426546804018,0.050950157566662,1.22280378159988,367006563,25,I,0.16355963441145,
1933,5329,5334,392399,392411,1772.45501577861,1772.47168247704,147.470593388089,12.1430107193817,0.230745911598206,0.016666698432573,13238,2.10182911201673,0.095569131015128,2.29365914436307,360020321,17,I,0.174394161122327,
1533,12664,12688,280706,280730,1617.32642602623,1617.35975863257,262.013348183534,9.94228315732831,0.279565453529358,0.033332606348267,17236,2.65749872054593,0.177733111638256,4.26559467931814,359158317,11,I,0.187543030339274,
519,12762,12787,402084,402109,1785.90801267689,1785.94273486705,813.689591971867,10.0402086396425,0.669931769371033,0.03472219016021,14119,2.19688889163682,0.200106070149795,4.80254568359508,358899709,17,I,0.173518924909263,
1383,7525,7542,254640,254657,1581.12382844592,1581.14743950538,227.638655380424,1.41166280753908,0.308293700218201,0.023611059458745,16129,3.45369308519493,0.1308951182454,3.14148283788961,356838394,10,I,0.180381512887894,
314,8553,8579,338620,338647,1697.75969843013,1697.79719764219,562.911685110931,6.51175710912337,1.01446461677551,0.037499212064176,16119,3.39280842956485,0.241537117108349,5.79689081060037,356632694,14,I,0.155252379067498,
618,8279,8297,554480,554498,1997.57038673469,1997.59538684205,476.190924036761,6.41536404507275,0.58245050907135,0.025000107361848,15760,2.41375843026914,0.062662702760509,1.50390486625221,356062524,25,I,0.398963119375749,
665,6111,6129,334615,334633,1692.19439703685,1692.21939733306,362.034407350571,6.09590899498924,0.556179881095886,0.025000296212966,18125,2.38377490685293,0.052663427344928,1.26392225627827,355935333,14,I,0.474718366680208,
413,12557,12649,186939,187031,1487.09509189311,1487.22286756627,3212.74595549063,3.86572127558346,0.807358145713806,0.127775673158794,14527,2.07827086268093,0.316582404466859,7.59797770720461,354572301,6,norot,0.403609522689597,
2102,8320,8370,160082,160132,1449.79377207701,1449.8632169941,280.185451023686,2.84615858781193,0.211606025695801,0.06944491709146,17586,3.41329450942158,0.316454062846193,7.59489750830864,354572301,5,I,0.219447070664447,
1489,363,370,406213,406220,1791.64466931019,1791.65439156743,102.131019306872,4.74432237816202,0.28586757183075,0.009722257237172,14494,2.07692644970266,0.051187357641953,1.22849658340688,354257585,18,I,0.189934735548914,
17,8949,8990,453158,453199,1856.84050573025,1856.89744911842,3484.65591038225,5.80441823348374,5.89554309844971,0.05694338817284,17334,2.28989398163717,0.273806399884406,6.57135359722574,352239584,20,I,0.207969529554021,
327,837,875,464127,464165,1872.0750088398,1872.12778588825,640.320139615249,5.65573341394339,0.984624862670898,0.052777048447979,18002,3.28153995731841,0.27334586511302,6.56030076271248,352239584,21,I,0.193077910383453,
542,13375,13410,402914,402949,1787.05859466799,1787.10720488723,809.935039698824,6.37563240607656,0.644300103187561,0.048610219233751,13532,2.14015435743469,0.273365706566141,6.56077695758739,352239584,17,I,0.177821204584745,
2129,13290,13300,560826,560836,2006.3770782874,2006.39096749383,148.515334598545,4.20427493861425,0.208958745002747,0.013889206433305,15199,7.25446007419404,0.08847997647591,2.12351943542184,351685943,25,I,0.156975702147554,
1284,7064,7077,295534,295547,1637.92470398166,1637.94275955468,203.497232944701,4.03410344187519,0.328571677207947,0.018055573023048,15414,2.06307594878701,0.075715501326079,1.8171720318259,351099931,12,I,0.238466003748549,
411,779,795,545384,545400,1984.93161483196,1984.95383680658,270.129524433552,2.50004268490751,0.81043815612793,0.022221974618788,16947,2.1103775904563,0.052728577257066,1.26548585416959,350734035,25,I,0.421440815868213,
2087,6086,6098,550770,550782,1992.41210076569,1992.4287673101,88.3441342063047,2.82854640151948,0.212783336639404,0.016666544410327,16947,2.1103775904563,0.052728577257066,1.26548585416959,350734035,25,I,0.316081815162073,
2071,6631,6639,396641,396650,1778.34646777774,1778.35896800206,85.3893199958662,1.89327122264862,0.21418559551239,0.012500224321912,12875,2.28009603854592,0.058563805637338,1.40553133529611,350734035,17,I,0.213446243560756,
911,1494,1524,133747,133790,1413.2142562757,1413.27397901572,974.691119584605,17.1374495601928,0.432398200035095,0.059722740020789,15477,2.02953089853524,0.063842586223775,1.53222206937059,350025862,4,sys,0.935468682478722,
1368,6019,6029,196392,196402,1500.22243175527,1500.23632086166,187.488502245124,7.07383043111354,0.31071150302887,0.013889106386841,16063,2.28152580914986,0.05908971448012,1.41815314752288,350025862,7,norot,0.235051167686955,
328,12233,12251,320295,320313,1672.30932073614,1672.33432034741,754.073458256081,12.7451063771475,0.978915095329285,0.024999611267958,19283,2.0541050016264,0.05523244020011,1.32557856480263,350025862,13,I,0.452625507353706,
1952,7490,7503,78353,78366,1336.27846204472,1336.29651728732,202.333472332055,10.1497569118431,0.22873592376709,0.018055242599758,17805,2.22562841888504,0.054508850600415,1.30821241440995,350025862,1,I,0.331235063680109,
193,16439,16450,324523,324534,1678.18144863815,1678.19672615947,725.243310328046,9.53146924703923,1.39473176002502,0.015277521320968,19283,2.0541050016264,0.05523244020011,1.32557856480263,350025862,13,I,0.27660413455601,
393,12515,12524,320585,320594,1672.71209224156,1672.72459204656,402.005604484288,7.62656150604048,0.840887546539306,0.01249980500188,19283,2.0541050016264,0.05523244020011,1.32557856480263,350025862,13,I,0.22631274223251,
959,6304,6312,313592,313600,1662.99976324377,1663.01087416461,222.280810804293,12.8079345623714,0.417982220649719,0.011110920834653,19283,2.0541050016264,0.05523244020011,1.32557856480263,350025862,13,I,0.201166575193809,
1740,15961,15968,324045,324052,1677.51757081727,1677.52729287844,127.859457920373,8.05109321704929,0.248806238174438,0.009722061178309,19283,2.0541050016264,0.05523244020011,1.32557856480263,350025862,13,I,0.176020851932043,
996,8381,8393,143447,143459,1426.68695046452,1426.7036174164,142.510807635578,2.60527778917247,0.406545996665955,0.016666951878278,15477,2.16880105158003,0.091428289902247,2.19427895765392,349306411,4,I,0.182295347491437,
35,6847,6864,531982,531999,1966.31533521978,1966.33894654809,1735.25943111427,24.1231665897076,4.5413670539856,0.023611328309244,16916,2.05803285370057,0.052708118995154,1.26499485588368,346081048,24,I,0.447963781659801,
880,10803,10822,223997,224016,1538.56375711834,1538.59014605797,190.132192675695,1.3625380331359,0.448623776435852,0.026388939627395,13121,2.03120703842158,0.053798176572725,1.29115623774539,340638718,8,I,0.490517361526596,
715,3463,3490,94866,94893,1359.21579308716,1359.25329396993,246.655697919227,2.03323909992181,0.52887487411499,0.037500882778886,18017,4.0033375009338,0.222431998255958,5.338367958143,339607562,2,I,0.168594820317771,
1821,7462,7468,571355,571362,2021.00751054826,2021.01723299234,93.5314925151169,2.6974951353483,0.240565061569214,0.009722444086037,16643,2.07736619361129,0.057104379179906,1.37050510031773,336664287,26,I,0.170257416780711,
1170,12745,12766,538099,538120,1974.81261108206,1974.84177814692,278.211442073545,8.29893971248716,0.356732487678528,0.02916706486235,17918,2.00909291588572,0.05837751373235,1.4010603295764,334810574,24,I,0.499628418505035,
1785,965,1010,92310,92355,1355.66907421806,1355.73157481042,837.87362000115,14.0730396097202,0.243963241577148,0.06250059236163,18018,2.1194407081878,0.078927551013555,1.89426122432532,332519883,2,SSO,0.791872946252902,
1024,10979,10987,103559,103567,1371.29272930806,1371.30384026277,124.068462845653,2.42808640999573,0.395308613777161,0.01111095471947,18018,8.01874184785082,0.057570892467218,1.38170141921323,332517282,2,I,0.19299604788647,
2093,17513,17531,481957,481975,1896.83958981178,1896.86459033089,242.203510272646,9.35211022184047,0.212463855743408,0.025000519107607,18036,2.21999182219163,0.064591251765505,1.55019004237213,320524973,21,I,0.387057355667452,
1382,7371,7386,314673,314688,1664.50608301061,1664.52691659443,169.185449621016,2.72734655360443,0.308492302894592,0.020833583825152,19283,2.18664973518801,0.110803734545503,2.65928962909208,319739812,13,I,0.188022397535675,
2034,2718,2730,309979,309991,1657.98653936944,1658.00320634053,118.686514849781,2.49292385814845,0.217909216880798,0.01666697108908,19283,2.18664973518801,0.110803734545503,2.65928962909208,319739812,13,I,0.150418856886412,
489,15752,15764,440899,440912,1839.81924901267,1839.83730387938,212.0962792566,1.43885679340627,0.706112146377564,0.018054866716284,16495,2.40376769772684,0.117097010821615,2.81032825971876,316627328,19,I,0.154187255418404,
1254,1163,1173,229540,229550,1546.26617035205,1546.28005921707,94.510023297647,1.17249053166785,0.335538268089294,0.013888865022864,15303,2.61173861307613,0.065173275450137,1.56415861080329,308776238,9,I,0.213106751608489,
999,7295,7352,571183,571242,2020.76863419702,2020.85057878373,939.178119122664,7.96480463271495,0.406330585479736,0.081944586715054,16643,2.27987093274432,0.074884276275148,1.79722263060355,308358603,26,norot,1.09428294952019,margin
868,1379,1390,507492,507503,1932.30990166445,1932.3251799171,171.719113998984,3.28998541132125,0.454081892967224,0.015278252657254,13203,2.00159278717513,0.074719793477151,1.79327504345163,307789889,23,I,0.204473967957714,
282,10578,10597,202165,202184,1508.24493575884,1508.2713249776,940.180992555474,11.7356402123047,1.09387850761414,0.026389218757004,16063,2.21078413882387,0.076551026960349,1.83722464704837,307706586,7,I,0.344727168332735,
2188,9290,9303,81005,81018,1339.96813417388,1339.98618961049,152.873234726437,2.80179397388769,0.203958511352539,0.018055436612485,17795,2.46864981662654,0.051809484816523,1.24342763559656,302376679,1,I,0.34849674102003,
1012,160,173,405818,405831,1791.09614242882,1791.11419825708,169.392821701843,2.8074856355503,0.400207996368408,0.018055828267734,14540,2.24456729803162,0.082073062588403,1.96975350212168,301102220,18,sys,0.219997008741883,
1114,17413,17420,170199,170206,1463.84275444607,1463.85247673756,131.107468618279,9.13041151919965,0.369015693664551,0.009722291496473,17577,2.1424150815646,0.063872647266024,1.53294353438457,300037002,5,sys,0.152213692599596,
2127,2513,2544,116814,116845,1389.70253392373,1389.74559022078,214.754410890297,2.4162248034438,0.209121465682983,0.043056297048906,13153,3.17436953774619,0.132744158874682,3.18585981299237,299178185,3,I,0.324355492655263,
1667,4715,4731,489489,489505,1907.30285269865,1907.3250748404,132.178625189174,1.8496568874613,0.258719444274902,0.022222141746624,16155,4.91492448426444,0.143670738197599,3.44809771674238,298160985,22,I,0.154674097352104,
309,12909,12969,343218,343278,1704.14516275608,1704.22849540464,1276.2300556701,4.92674687591984,1.03079986572266,0.083332648560827,15642,3.43405344516276,0.287316982213699,6.89560757312877,298160985,14,complex shape,0.290037323651292,
287,6579,6621,121858,121901,1396.70403260147,1396.76375528253,862.668089630945,3.55999754939272,1.08490610122681,0.059722681052108,13153,2.30306484460151,0.154620628905013,3.7108950937203,293164461,3,I,0.386252995315373,
1006,12874,12899,147960,147985,1432.9567821979,1432.99150410615,317.230017797533,3.54936146692304,0.403691649436951,0.034721908248457,15494,2.72568116992396,0.154609875165671,3.7106370039761,293164461,4,I,0.224577558265609,
1881,11067,11087,575687,575707,2027.01874471844,2027.04652256742,202.070964530841,2.68074002897803,0.234994888305664,0.027777848971709,16643,2.23734719836993,0.052036864068334,1.24888473764003,288517585,26,I,0.533810971684065,
1275,7809,7818,571713,571722,2021.49929320049,2021.51179321096,116.898389918909,1.9311218943893,0.330464601516724,0.012500010465374,16643,2.23734719836993,0.052036864068334,1.24888473764003,288517585,26,I,0.240214522707578,
460,2481,2522,509656,509747,1935.31450751447,1935.44089527296,735.714375784669,5.66758495631486,0.74636173248291,0.1263877584895,12141,2.14007800076859,0.203572956625848,4.88575095902036,288404936,23,I,0.620847486740546,
1717,7748,7804,519169,519226,1948.52677539321,1948.60594022139,774.507134758293,12.8736597276163,0.251700401306152,0.079164828181092,12141,2.14007800076859,0.203572956625848,4.88575095902036,288404936,23,I,0.388876938731067,
1354,9405,9422,316757,316774,1667.39848872416,1667.42210010669,182.124834327,3.73867611238457,0.312938451766968,0.023611382537638,19283,2.15969944661111,0.053307981530624,1.27939155673498,287148041,13,I,0.442923964848939,
2215,8096,8112,315447,315463,1665.57902115741,1665.60124368169,140.235863627943,3.92329121919859,0.202082395553589,0.022222524274639,19283,2.15969944661111,0.053307981530624,1.27939155673498,287148041,13,I,0.416870487993862,
1863,5024,5037,213928,213941,1524.58019808381,1524.59825341153,161.317073338495,5.07912823698748,0.236335635185242,0.018055327719594,13121,2.15511479064324,0.062313341071868,1.49552018572483,284743579,8,I,0.289750596084556,
831,10652,10662,163408,163418,1454.41662831418,1454.43051716242,247.785416395148,11.6687027558561,0.469515323638916,0.01388884823632,17367,2.24160034583535,0.058912482407573,1.41389957778175,284704594,5,sys,0.235753912731653,
713,4224,4241,155979,155996,1444.09852794472,1444.12213934202,187.924752944575,4.55537528818235,0.528956890106201,0.023611397301465,17367,2.24160034583535,0.058912482407573,1.41389957778175,284704594,5,I,0.400787682619021,
748,10496,10506,342185,342195,1702.71351164563,1702.72740033954,139.761570205004,3.5876507912424,0.511747479438782,0.013888693909848,13076,2.17636912525887,0.050502031694216,1.21204876066118,284190375,14,I,0.275012577591778,
1839,14023,14037,439217,439231,1837.48264827418,1837.50209251721,122.907815014317,2.86361887118644,0.23860490322113,0.019444243034741,16344,2.28309135932494,0.050775620591448,1.21861489419475,281193283,19,I,0.382944468393478,
1608,8695,8717,573284,573306,2023.67911586736,2023.70967186131,262.862414492781,5.20183031164655,0.267402529716492,0.030555993952476,16643,2.20979951341019,0.114453432923987,2.74688239017568,281193283,26,I,0.266973153813302,
516,4416,4431,568267,568282,2016.7110011322,2016.73183455752,307.5484773943,3.71307087924655,0.672147393226624,0.020833425321143,16643,2.20979951341019,0.114453432923987,2.74688239017568,281193283,26,I,0.18202534243756,
644,6566,6641,140865,140942,1423.10023425494,1423.20717635176,2421.42416850706,27.6163695265252,0.564710974693298,0.106942096819694,15492,2.38220231930965,0.053145737241344,1.27549769379225,280866656,4,sys,2.01224222996571,
800,6645,6666,140947,140968,1423.21412064293,1423.24328666485,548.831617373826,13.164326183282,0.482251763343811,0.0291660219184,15492,2.38220231930965,0.053145737241344,1.27549769379225,280866656,4,sys,0.548793251017519,
2024,12157,12192,419912,419947,1810.6701965107,1810.7188075091,622.784615809279,12.7537389355036,0.218792319297791,0.048610998408549,14400,2.50367032439861,0.120302115418664,2.88725077004793,279354493,18,I,0.404074344323686,
149,5897,5910,374164,374177,1747.13031299601,1747.14836856835,1793.11088747153,129.422348992508,1.67930555343628,0.018055572341837,14185,3.88614933166605,0.091608999766405,2.19861599439371,278335977,16,I,0.197093870557228,
1966,10812,10838,298142,298168,1641.54358706117,1641.57969754295,291.3366810526,5.61728805253282,0.226456046104431,0.036110481778906,18805,8.91439692433438,0.094975446841364,2.27941072419274,277539431,12,GOT,0.380208601063186,
1814,15710,15735,440802,440828,1839.68503218038,1839.7211423981,347.534134137843,8.58143428799063,0.241421937942505,0.036110217718715,16597,2.28963461633149,0.050873931622473,1.22097435893935,273647353,19,I,0.709798055056624,
1444,2938,2951,310203,310216,1658.29569443508,1658.31375019226,96.4586199475001,1.35890766928915,0.296247243881226,0.018055757173443,19283,2.22026722031355,0.079422675907368,1.90614422177683,273270325,13,I,0.227337557783897,
649,1771,1781,370004,370014,1741.34857478709,1741.36246373294,335.497314005881,6.3436641138881,0.562167644500732,0.013888945850795,13999,2.25280089813634,0.054961919931922,1.31908607836613,272787101,16,I,0.252701249665194,
399,588,600,463761,463773,1871.56885256226,1871.58551933623,358.891648521262,5.75081538725237,0.831697821617126,0.016666773974976,18368,2.37905516532989,0.050871769808941,1.22092247541459,272781143,21,I,0.327623238538218,
484,11522,11533,475592,475603,1888.00086836961,1888.01614616277,281.483014512899,6.91975586130384,0.71393346786499,0.015277793153246,18368,2.37905516532989,0.050871769808941,1.22092247541459,272781143,21,I,0.300319670627241,
1297,12518,12527,499441,499450,1921.12433057761,1921.13683045203,181.146567466572,6.6310815227389,0.324770092964172,0.012499874420428,16228,2.23566277429078,0.075236232021368,1.80566956851282,272781143,22,I,0.166141685788808,
1319,7108,7133,377538,377564,1751.81262355289,1751.84873508728,178.207126326143,1.59783096379116,0.320831418037415,0.036111534383963,14135,2.31758041144007,0.182589604089357,4.38215049814458,272758460,16,I,0.197774317788051,
1981,9695,9720,380153,380178,1755.44461347234,1755.47933616072,165.772440799164,1.85921342976137,0.224876523017883,0.034722688380271,14135,2.31758041144007,0.182589604089357,4.38215049814458,272758460,16,I,0.190167937290001,
1163,4693,4745,511047,511099,1937.24365718329,1937.31587834082,525.956726653072,2.46118710259226,0.358806729316711,0.072221157531885,14636,2.75255099146367,0.199350691146999,4.78441658752798,272705043,23,I,0.362281952053178,
793,4902,4930,489595,489623,1907.44952319008,1907.48841189407,160.268266679767,1.13129773574428,0.486167192459106,0.038888703992598,16422,3.611669519633,0.199110644563942,4.7786554695346,272705043,22,I,0.195312029036747,
686,18178,18204,482332,482358,1897.36205952918,1897.39817062335,302.106846459978,1.54583671330564,0.542781949043274,0.036111094168064,18332,4.40207860125118,0.199102647820205,4.77846354768492,272705043,21,I,0.181369231215214,
2150,11477,11501,475583,475607,1887.98843971621,1888.02177311646,94.2226443638798,1.56895418649552,0.206865787506104,0.033333400250058,18332,4.40207860125118,0.199102647820205,4.77846354768492,272705043,21,I,0.167418166533671,
1323,7175,7190,254290,254305,1580.63679280604,1580.65762636766,205.371556806195,1.97186006440567,0.320470929145813,0.020833561624841,16120,2.28180658979827,0.068106678450424,1.63456028281018,271975726,10,I,0.30589601635038,
2005,4366,4374,213270,213278,1523.66788010596,1523.67899119891,109.294002549254,4.06964341779452,0.222487807273865,0.011111092944248,13121,2.71076566405671,0.050161543286954,1.20387703888689,270147008,8,I,0.221506202085648,
1965,1911,1943,72556,72588,1328.23310172679,1328.27754728994,289.450928630238,2.65197666753058,0.226556301116943,0.044445563147747,17795,2.29726879925707,0.290078381042514,6.96188114502033,270101915,1,I,0.153219150589623,
1699,47,140,70642,70735,1325.5751415859,1325.70430790073,758.734363183104,3.26115103249663,0.254500985145569,0.129166314832219,17795,2.83641269629679,0.41426652936099,9.94239670466376,269829656,1,sys,0.311795198688775,
1140,203,265,70798,70860,1325.79180764084,1325.87791848185,624.952792463063,2.44062882494126,0.363317489624023,0.086110841008576,17795,2.83641269629679,0.41426652936099,9.94239670466376,269829656,1,sys,0.207863379987282,
837,7050,7057,197430,197437,1501.6657901496,1501.67551249047,143.249051077518,1.34922131379406,0.4681396484375,0.009722340873168,16063,2.06834116381432,0.050374426714738,1.20898624115371,268337013,7,I,0.193001518969615,
1054,5564,5581,195937,195954,1499.59570900828,1499.61931983388,177.236139440957,2.33623040246515,0.387352347373962,0.023610825601963,16063,2.03757076280531,0.08744291855926,2.09863004542223,264597364,7,I,0.270014153129644,
1464,3028,3059,135312,135343,1415.38837659193,1415.43143126825,263.872537138593,4.32897283806203,0.290998101234436,0.043054676320026,15492,3.73119452616004,0.142221378451368,3.41331308283284,260972843,4,I,0.302729988900708,
931,3261,3291,135545,135575,1415.7119810981,1415.75364691489,198.12792014755,2.62279482819688,0.424679279327393,0.041665816788054,15492,3.73119452616004,0.142221378451368,3.41331308283284,260972843,4,I,0.292964512380264,
29,9836,9882,81552,81598,1340.72320303387,1340.78709108168,3454.00400924593,3.69558234796883,4.90566158294678,0.063888047804994,17805,2.27018612528331,0.284840080129938,6.8361619231185,260972843,1,I,0.224294445416002,
1355,6324,6345,140605,140626,1422.73961274896,1422.76877875184,355.651393279488,3.98240838812412,0.312893271446228,0.029166002884722,15492,3.73119452616004,0.142221378451368,3.41331308283284,260972843,4,I,0.20507467444281,
627,2030,2048,210919,210937,1520.39738077255,1520.42238110094,239.228421816332,2.55134903655926,0.57446551322937,0.025000328391343,13121,2.39899681978675,0.142404916382194,3.41771799317265,260972843,8,I,0.175558042703004,
1202,11046,11191,163810,163955,1454.96823438102,1455.16962102271,2436.26625649971,11.716277154329,0.347490668296814,0.201386641684849,17573,3.61046569282294,0.284776271416878,6.83463051400507,260972843,5,complex shape,0.707174936601524,
1431,12939,12956,204534,204551,1511.53151538183,1511.55512637531,340.391129907319,13.2849041854606,0.29928183555603,0.023610993472403,16062,2.31184398025396,0.139376100132723,3.34502640318535,260655797,7,norot,0.169404894023574,
1346,9784,9808,125122,125146,1401.23616948961,1401.26950340745,158.187030529432,1.92241568421711,0.314517498016357,0.033333917838263,13153,3.37424864276785,0.127084507656774,3.05002818376257,260127241,3,I,0.262297257572026,
1910,7822,7909,298543,298630,1642.10358152747,1642.22441236563,1414.98060857496,13.9563163579803,0.232884287834167,0.12083083815287,15414,2.26267366746311,0.32768156382297,7.86435753175128,254487666,12,sys,0.368744694523458,
43,6575,6630,295006,295061,1637.19117034167,1637.26755848701,4688.40741113986,8.99769990220041,3.96165084838867,0.07638814533766,15414,2.26267366746311,0.32768156382297,7.86435753175128,254487666,12,I,0.233117006786896,
625,4958,5062,448011,448115,1849.69784404073,1849.84228770601,1832.93603557866,5.03130246959353,0.575613498687744,0.144443665279141,16220,2.78091248048607,0.260267919606663,6.24643007055991,252875556,20,I,0.554980673367027,
2044,6746,6781,98205,98240,1363.85610411192,1363.90471600833,216.388372072812,1.8403157629327,0.216594219207764,0.048611896404509,18017,2.95928966308761,0.260983756169487,6.2636101480677,251846450,2,I,0.186264069143597,
1715,3326,3339,155072,155085,1442.83852471962,1442.85658033735,133.691756916008,2.82103585698982,0.252005934715271,0.01805561772585,17368,2.01019224068643,0.064368416014805,1.54484198435533,250131154,5,I,0.280504303876254,
784,4056,4118,177619,177681,1474.1541024218,1474.24021304571,2111.00386530913,16.7393176872285,0.490849852561951,0.08611062391492,14528,2.48786987518876,0.057939297089567,1.3905431301496,247960117,6,SSO,1.48622141172689,
1005,9481,9492,162237,162248,1452.79023006263,1452.80550764993,150.001359373301,2.68171671064783,0.404554724693298,0.015277587309129,17367,2.00793734633756,0.052657583050183,1.26378199320439,242937715,5,I,0.290130811635797,
1996,1947,1958,175493,175504,1471.20073264943,1471.2160105939,109.78650148768,5.08533454627868,0.223737597465515,0.015277944472246,14532,2.06799182564522,0.077599225677477,1.86238141625945,242064626,6,I,0.196882692306044,
507,12683,12695,346758,346770,1709.06735597804,1709.08402235262,688.253585827083,34.5527299046052,0.684372425079346,0.016666374577653,13356,2.35807437789354,0.085713623194559,2.05712695666942,239456636,14,I,0.194442539662831,
1117,4382,4499,75133,75255,1331.80940633873,1331.97885428501,1931.05104102699,9.53551543194647,0.368084907531738,0.169447946279661,17805,3.26444358886138,0.351672522090131,8.44014053016315,237880881,1,GOT,0.48183447848744,
180,4279,4323,75024,75071,1331.65801430319,1331.7232934398,2168.77075430471,5.1473592495027,1.45101356506348,0.065279136618983,17805,3.26444358886138,0.351672522090131,8.44014053016315,237880881,1,GOT,0.185624785897411,
230,8935,8961,360119,360145,1727.61944941249,1727.65556054619,1027.14971714887,11.974066976318,1.24906754493713,0.036111133696522,13935,2.3409946976468,0.155188700925096,3.72452882220231,237104308,15,I,0.232691771251771,
1962,7320,7356,98796,98832,1364.67397366283,1364.72397315522,147.053872042954,1.53801941329999,0.226694226264954,0.049999492392999,18017,2.04475359056744,0.056224121795719,1.34937892309725,234333175,2,I,0.889288988357414,
1461,183,269,70778,70864,1325.76142794191,1325.88087394865,958.320169899875,4.91578945408369,0.29152500629425,0.119446006742237,17805,4.28068605350253,0.190596738665393,4.57432172796943,234295610,1,I,0.626694913977167,
815,11429,11454,83172,83197,1342.97542508299,1343.01014724051,330.773896227517,2.38532150790537,0.47230863571167,0.034722157516399,17805,4.28068605350253,0.190596738665393,4.57432172796943,234295610,1,I,0.182176031759685,
1874,6579,6602,396345,396375,1777.93467321837,1777.97633956233,343.319553441169,4.54558481228381,0.235461473464966,0.041666343958241,13190,2.10417491295508,0.07358195072571,1.76596681741704,233745344,17,I,0.566257669813074,
1475,2850,2869,389889,389908,1768.96805102366,1768.99443974595,178.697392285727,2.81730724138514,0.288087010383606,0.026388722285219,13190,2.10417491295508,0.07358195072571,1.76596681741704,233745344,17,I,0.358630370966757,
2053,13957,13971,384360,384374,1761.28891581659,1761.30836019399,155.609585909582,3.51764318118773,0.215309977531433,0.019444377400305,14392,2.13926697724718,0.062514364579814,1.50034474991553,233745344,16,I,0.311038551395332,
694,8678,8691,398476,398489,1780.89437229803,1780.91242771713,224.72021004138,2.21669868410975,0.539006352424622,0.018055419095617,13190,2.10417491295508,0.07358195072571,1.76596681741704,233745344,17,I,0.245378369525997,
1891,527,538,368748,368759,1739.60566277353,1739.62094048689,130.008726416963,1.48203698832889,0.234263300895691,0.015277713363048,14392,2.13926697724718,0.062514364579814,1.50034474991553,233745344,16,I,0.244387245487275,
773,3874,3884,488624,488634,1906.09924209783,1906.11313098273,213.132472266998,1.89484417302255,0.497000098228455,0.013888884896005,16181,2.29944751405513,0.063086365929885,1.51407278231724,233745344,22,I,0.220156680310945,
1590,3266,3275,390310,390320,1769.55276959205,1769.56665839511,110.072471019781,1.78406265655328,0.271620869636536,0.013888803058762,13190,2.10417491295508,0.07358195072571,1.76596681741704,233745344,17,I,0.188752852048392,
1578,7355,7361,377718,377725,1752.06396054665,1752.07368271572,86.2217049888116,2.84879862517084,0.273263931274414,0.009722169069391,14392,2.13926697724718,0.062514364579814,1.50034474991553,233745344,16,I,0.155518961677654,
2147,10762,10788,475057,475084,1887.25758228027,1887.29508214864,139.801078106904,1.90806561347731,0.207504868507385,0.037499868367831,18121,2.01229124383029,0.066583379299575,1.59800110318981,233008502,21,I,0.563201639242578,
2234,5166,5189,468444,468467,1878.07287245251,1878.10481690355,228.008154915883,1.92549906391844,0.200123906135559,0.031944451037362,18121,2.01229124383029,0.066583379299575,1.59800110318981,233008502,21,I,0.479766142442787,
2145,11268,11283,475585,475600,1887.99091302497,1888.01174628419,93.0329262049116,1.46413123759213,0.20770263671875,0.02083325922149,18121,2.01229124383029,0.066583379299575,1.59800110318981,233008502,21,I,0.31288978481786,
1611,3947,3957,467201,467211,1876.34648298278,1876.36037187818,106.732800611582,0.968052778316656,0.266538500785828,0.013888895405216,18121,2.01229124383029,0.066583379299575,1.59800110318981,233008502,21,I,0.208594029791225,
1033,11377,11392,361294,361309,1729.25283661806,1729.27366953091,210.798806137277,5.3995870768627,0.391390204429626,0.020832912856804,16116,2.53204287162985,0.073436927478072,1.76248625947372,232629531,15,norot,0.283684429240652,
1954,1752,1761,350337,350346,1714.0350603322,1714.047560098,105.051661431486,3.83730812835404,0.228446483612061,0.012499765803568,16116,2.53204287162985,0.073436927478072,1.76248625947372,232629531,15,norot,0.170210903871222,
1695,13246,13265,522153,522172,1952.66817816958,1952.69456756963,184.173236317061,2.9121696431592,0.25490939617157,0.026389400050448,14682,2.07607786015524,0.075066805115679,1.80160332277628,232629531,23,I,0.351545533472239,
1473,11148,11170,436379,436401,1833.53603760197,1833.56659307927,238.177620058874,5.61891366854797,0.288857340812683,0.030555477306734,16222,2.03447724498634,0.099036220979737,2.37686930351369,232629531,19,I,0.308528304134158,
1889,12419,12429,577078,577089,2028.9535168439,2028.96879456776,158.878637259322,5.98156100098919,0.234364032745361,0.015277723865893,16643,2.02296859913063,0.055275560506022,1.32661345214453,232629531,26,I,0.276392020741763,
1581,4360,4376,391430,391446,1771.10757331816,1771.12979512834,118.605626954321,2.29303938805739,0.272743105888367,0.022221810188285,13217,2.09037882037481,0.111684934372158,2.6804384249318,232629531,17,I,0.198968735695695,
958,996,1002,564776,564782,2011.86742290624,2011.8757562403,147.307532948405,5.21871028945036,0.418433666229248,0.008333334062627,16643,2.02296859913063,0.055275560506022,1.32661345214453,232629531,26,I,0.150759829232652,
1072,3369,3401,446408,446440,1847.4652135996,1847.50965815999,367.902961214371,6.61554519992769,0.378918170928955,0.044444560386637,17334,2.14565674740432,0.053653891009377,1.28769338422504,232629531,20,I,0.828356705366802,
1955,9646,9761,102196,102311,1369.39740498261,1369.55712431932,559.626888284828,3.42340865538139,0.228192090988159,0.159719336711987,18017,3.23912686150459,0.27512752755551,6.60306066133224,231910539,2,I,0.580528375808422,
779,12270,12280,303029,303039,1648.33434359433,1648.34823232923,221.104909753859,7.65422838177909,0.493879914283752,0.013888734901229,15400,2.32513308759537,0.068445494247981,1.64269186195154,230795292,12,I,0.202916715757936,
1109,275,280,288598,288607,1628.29123284505,1628.30373305766,225.044826197077,12.569104101143,0.369510531425476,0.012500212613304,15400,2.32513308759537,0.068445494247981,1.64269186195154,230795292,12,I,0.182630175304384,
233,10631,10643,454861,454873,1859.2059395784,1859.22260600832,436.551754002744,8.89495393439935,1.24430274963379,0.016666429917905,17334,2.13818612635475,0.070158517018407,1.68380440844177,229951694,20,I,0.237553908295016,
1190,12460,12470,341972,341982,1702.41731911641,1702.43120806864,263.194612230461,12.4699812231348,0.350032925605774,0.013888952234765,17275,2.16644080798228,0.05892719033643,1.41425256807433,229951694,14,I,0.235696834610127,
722,3373,3384,446412,446423,1847.47137801154,1847.48665554867,308.93886252265,10.3892382298578,0.524856209754944,0.015277537127304,17334,2.13818612635475,0.070158517018407,1.68380440844177,229951694,20,I,0.217757412450661,
1422,10497,10515,475033,475052,1887.22303935515,1887.24942806552,261.420726878901,3.63575373723845,0.301687240600586,0.026388710371975,17879,2.15740526325108,0.055320594298675,1.3276942631682,229738650,21,I,0.477014224205597,
1895,553,560,368774,368781,1739.64075207666,1739.65047439806,89.4880742409368,3.65601052027338,0.23375678062439,0.009722321397021,15418,2.19122244962576,0.054360060059548,1.30464144142914,229671667,16,I,0.178850453556726,
1705,6661,6678,513642,513659,1940.84645777962,1940.87006852087,265.096502732691,3.78993342718633,0.253296613693237,0.023610741251105,13303,2.45339431992168,0.155099830533007,3.72239593279218,229618806,23,sys,0.152229316885555,
1265,15620,15680,365183,365243,1734.65376876706,1734.73710368376,545.589859264191,2.32911985510801,0.332918286323547,0.083334916699414,17118,2.03771637112699,0.060732695051242,1.45758468122981,229614158,15,I,1.37215904265572,
1218,15259,15276,540634,540651,1978.33518645303,1978.35879792727,162.266570754844,0.025007506570046,0.342287659645081,0.023611474235168,17917,2.38701230080578,0.109494446726244,2.62786672142986,229404121,24,I,0.215640837879212,
1474,1786,1818,175332,175364,1470.97442711671,1471.01887135726,200.016187740885,1.47665866592557,0.288654446601868,0.044444240552821,14527,3.26047329667931,0.145756809672806,3.49816343214735,220617943,6,I,0.304920508706174,
1823,46,53,443068,443075,1842.82759697971,1842.83731926581,62.4208926985842,1.47777546374986,0.240426182746887,0.009722286099532,17334,2.3670191337361,0.053327824913741,1.27986779792978,219855010,20,I,0.182311694040738,
1270,4116,4173,467471,467529,1876.72010833003,1876.80066456744,329.757713218308,1.72526661374495,0.331790447235107,0.08055623740529,17875,2.09916406381831,0.11538078274524,2.76913878588576,219807052,21,norot,0.698177248313158,margin
2161,10330,10358,474862,474890,1886.98548141273,1887.02437061034,114.136938468782,1.18420253471084,0.206123232841492,0.038889197607659,17875,2.09916406381831,0.11538078274524,2.76913878588576,219807052,21,norot,0.337050908152756,margin
289,6412,6489,532986,533065,1967.71421797778,1967.82394082835,1845.2135441584,9.13798803370564,1.07782506942749,0.109722850568687,13869,2.19833449045802,0.064457977627582,1.54699146306196,219755626,24,I,1.70223849098449,
1904,7953,7962,537347,537356,1973.77117385379,1973.78367387099,142.142481979107,4.89279908164252,0.233337044715881,0.012500017195407,13869,2.19833449045802,0.064457977627582,1.54699146306196,219755626,24,I,0.193925060255973,
326,2841,2868,331268,331295,1687.55004832043,1687.58754785232,578.708939185996,3.69257283013897,0.98895001411438,0.037499531885715,18125,3.38118773197998,0.209681694580695,5.03236066993668,219755626,14,I,0.178840274830398,
1530,9442,9466,379955,379979,1755.16924108558,1755.20257505526,274.450452513477,6.34861162273087,0.279722332954407,0.033333969675141,14059,2.17096308678682,0.050743885946768,1.21785326272244,219010551,16,I,0.656906128752327,
1878,8928,8942,472183,472198,1883.26663024281,1883.28746368656,143.462736921736,3.96325128525836,0.235137104988098,0.020833443747961,18199,2.30799709256808,0.090685876753376,2.17646104208103,219010551,21,I,0.229731954895451,
241,12931,12965,105541,105575,1374.04315223063,1374.09037421007,1362.28877630337,7.20562664620966,1.21542191505432,0.047221979446022,18018,3.75172446801536,0.249119402905652,5.97886566973564,206623351,2,I,0.189555606248407,
946,11416,11455,261286,261325,1590.35780278955,1590.41196876031,1292.07183547958,16.0660978686176,0.421867728233337,0.054165970761687,15093,2.08400152815791,0.063574256778357,1.52578216268058,204669366,10,SSO,0.852011073452723,
2167,10231,10244,400836,400849,1784.17623405614,1784.19428946044,120.290831794438,5.11872429059878,0.205772519111633,0.018055404298366,12625,2.48327648142919,0.050516830085117,1.21240392204282,202550762,17,I,0.357413643491565,
1231,509,520,91852,91863,1355.03015931518,1355.04543736279,170.56687123584,5.21117469136596,0.339842200279236,0.015278047607808,18018,7.54924840573826,0.050523866944512,1.21257280666828,201789285,2,I,0.302392681553595,
1905,9063,9077,554749,554763,1997.94022820927,1997.95967224634,102.73838323627,2.42912861063018,0.233328461647034,0.019444037073981,16947,2.07724252000928,0.081530766217929,1.95673838923029,199573123,25,I,0.238487113220643,
926,5548,5563,411412,411427,1798.86584702849,1798.88668065804,355.571562467316,11.538481962906,0.426607251167297,0.020833629553181,14301,2.40188164737033,0.055536975182222,1.33288740437332,192933496,18,I,0.375130793220623,
1616,16472,16492,460742,460762,1867.37368541818,1867.4014637469,146.105669575244,2.14628689022181,0.266084432601929,0.027778328722661,17334,2.16921081548862,0.101023233481321,2.42455760355169,188819782,20,I,0.274969705140127,
1780,3360,3367,529058,529066,1962.25914296303,1962.27025424976,81.7369551711774,1.34969943450967,0.244378209114075,0.011111286725736,15653,2.13727393254134,0.055007041564852,1.32016899755646,188777432,24,I,0.201997533581879,
987,967,994,425066,425094,1817.83005794529,1817.86894673776,398.416050273054,4.11106443853849,0.408777832984924,0.038888792472108,16597,2.2117165296172,0.10054964630885,2.4131915114124,187092382,19,I,0.386762101108307,
670,7154,7176,431294,431316,1826.47995190887,1826.51050682343,305.567916295405,3.20316782091791,0.553855419158935,0.030554914555069,16597,2.2117165296172,0.10054964630885,2.4131915114124,187092382,19,I,0.303878886467845,
1535,10306,10317,435352,435363,1832.11594381408,1832.13122118265,118.429071663078,1.95268911546805,0.279411435127258,0.015277368569287,16597,2.2117165296172,0.10054964630885,2.4131915114124,187092382,19,I,0.15193856100061,
1842,4502,4513,213406,213417,1523.85571487139,1523.87099279969,120.401712970349,2.50486202943784,0.238478302955627,0.015277928293472,13121,2.24750731099238,0.062063389408488,1.48952134580372,185171397,8,I,0.246166515220687,
1281,13937,13961,282717,282741,1620.11820657998,1620.15153968723,429.680304954211,6.01832287597466,0.329174399375915,0.033333107255203,16498,2.01042001647316,0.062436180781603,1.49846833875847,177036977,11,I,0.533874859703537,
2154,7808,7822,236137,236151,1555.42392427393,1555.44336867616,143.141330845837,3.63572429085253,0.206738591194153,0.019444402229738,15534,2.0301240857466,0.063124709194591,1.51499302067018,177036977,9,I,0.308031553377899,
1993,13749,13756,148855,148862,1434.19812776086,1434.20785003432,85.8578773225627,3.36525007554268,0.223767399787903,0.009722273452098,15477,2.07134639527042,0.052350350292018,1.25640840700843,177036977,4,I,0.185715537677699,
780,12593,12601,281373,281381,1618.25155173352,1618.26266277873,156.909927618733,2.95338991483876,0.49362850189209,0.011111045211237,16498,2.01042001647316,0.062436180781603,1.49846833875847,177036977,11,I,0.177958438074593,
2094,12904,12911,281684,281691,1618.68349357941,1618.69321574226,87.94574925145,2.66558046464302,0.212260961532593,0.009722162848902,16498,2.01042001647316,0.062436180781603,1.49846833875847,177036977,11,I,0.155713605912402,
571,11123,11138,476509,476524,1889.27886283715,1889.29969608508,214.402701440245,1.98949531604539,0.619534492492676,0.020833247928977,17058,2.00077619238252,0.058711433317811,1.40907439962747,172532214,21,I,0.354841412509971,
2123,11976,11990,203563,203577,1510.18707616263,1510.20652073821,122.57106830517,3.63595778308517,0.209257125854492,0.019444575573971,16063,2.07897604879111,0.072424789384408,1.73819494522579,168978974,7,I,0.268479559819847,
2107,4170,4198,136467,136503,1416.99596265514,1417.04596357329,413.513404243238,10.3508165140005,0.211055636405945,0.050000918146907,15497,2.1348915839997,0.086882847936413,2.08518835047391,168873515,4,sys,0.57549814876581,
928,10029,10035,184405,184411,1483.57399312962,1483.58232656318,92.4731795223963,1.96160110327205,0.426000475883484,0.008333433565667,14526,2.17798552142421,0.054791090222317,1.31498616533561,167812509,6,I,0.152094684224274,
1914,4052,4074,311319,311341,1659.84319824521,1659.87375368436,265.982196659624,5.23333212372712,0.23238205909729,0.030555439152067,19283,2.26333047372289,0.065304570423977,1.56730969017545,167165793,13,I,0.467891281631467,
2103,6673,6703,140974,141004,1423.25610509361,1423.29777192516,371.970301103854,12.4447903789565,0.211409687995911,0.041666831552902,15493,2.43755161892218,0.06464717700403,1.55153224809671,166832907,4,sys,0.644526698363094,
533,7006,7044,98479,98517,1364.23448431252,1364.28726296002,923.271204733347,14.9411817319209,0.649696946144104,0.052778647498371,18018,2.11196786932798,0.095551336674151,2.29323208017963,166739932,2,norot,0.552359070374459,margin
202,4517,4538,95923,95944,1360.68442005669,1360.71358729759,689.337145534653,9.79158609267738,1.32242250442505,0.029167240893457,18018,2.11196786932798,0.095551336674151,2.29323208017963,166739932,2,norot,0.305252044698475,
1734,2145,2148,509179,509188,1934.65044428465,1934.66294412767,126.263840066993,4.97286219410244,0.249449372291565,0.012499843014666,12438,2.22283813356603,0.059165047997225,1.4199611519334,166088525,23,I,0.211270732261593,
1174,9089,9110,124409,124430,1400.24924678535,1400.27841315127,372.130878971138,8.11557385671197,0.355684757232666,0.02916636592272,13146,2.67698567152553,0.051243837606041,1.22985210254499,165941377,3,I,0.569168260717493,
128,4463,4487,529034,529058,1962.22661731853,1962.25995022213,896.272331975061,2.8573986658425,1.88516521453857,0.033332903593419,17918,2.46519046041954,0.112946888709409,2.71072532902583,165688184,24,I,0.295120157574046,
240,10616,10631,535944,535960,1971.82368420787,1971.84590598585,394.587260913649,2.37023748565291,1.21561527252197,0.022221777984669,17918,2.46519046041954,0.112946888709409,2.71072532902583,165688184,24,I,0.196745375092548,
1472,2364,2375,508670,508684,1933.9433079539,1933.96275236408,327.62694991595,13.1887904592874,0.289124608039856,0.019444410181677,13501,2.15252561768828,0.050147237805585,1.20353370733404,165599289,23,I,0.387746385096238,
1592,13234,13240,523325,523331,1954.29731250208,1954.30564572761,116.252200999333,7.32942017429727,0.271315336227417,0.008333225533534,13501,2.15252561768828,0.050147237805585,1.20353370733404,165599289,23,I,0.166175165336941,
2075,7563,7567,358688,358695,1725.63121166137,1725.64093372721,114.980317267265,7.14118746365149,0.213794231414795,0.009722065836513,14408,2.06789258510001,0.060230808191276,1.44553939659061,165599289,15,I,0.161413504624385,
2020,14819,14841,479554,479576,1893.50213182921,1893.53268778456,122.368081739587,1.7886968921272,0.219602584838867,0.030555955343971,17730,2.21935082784932,0.050668650229223,1.21604760550136,165530589,21,I,0.603054456863111,
1543,14539,14555,501903,501919,1924.54610367015,1924.56832577953,345.716647745075,14.3971711687025,0.277585744857788,0.022222109379527,15795,2.7855365986393,0.071044786722196,1.70507488133269,165453967,22,I,0.312790148366851,
1495,3933,3969,118264,118300,1391.71600952248,1391.76601021524,342.627366722653,5.04431142133017,0.285221099853516,0.050000692759113,13153,2.13734600764393,0.066780094721877,1.60272227332504,164789350,3,I,0.748736475552391,
2045,2862,2883,117174,117195,1390.20209796316,1390.23126509858,191.369296249419,3.67572304939261,0.216470599174499,0.029167135425269,13153,2.13734600764393,0.066780094721877,1.60272227332504,164789350,3,I,0.436763912161896,
1052,6216,6233,120615,120633,1394.98132739596,1395.00632769578,319.466671050832,3.37632852941016,0.388072967529297,0.025000299815019,13153,2.13734600764393,0.066780094721877,1.60272227332504,164789350,3,I,0.374367540494502,
1051,12622,12639,128019,128036,1405.26469542803,1405.28830638435,179.551805792411,2.80448532635803,0.388275265693665,0.023610956316134,13153,2.13734600764393,0.066780094721877,1.60272227332504,164789350,3,I,0.353562785654437,
1921,7731,7747,123018,123034,1398.31886524305,1398.3410876149,183.287036610355,3.22140831352659,0.231809139251709,0.022222371842872,13153,2.13734600764393,0.066780094721877,1.60272227332504,164789350,3,I,0.332769396860289,
1859,9341,9355,124655,124669,1400.59248552808,1400.61193000315,165.747461774198,3.04465750517948,0.236904621124268,0.019444475070486,13153,2.13734600764393,0.066780094721877,1.60272227332504,164789350,3,I,0.291171720427585,
495,3723,3732,251246,251255,1576.41240174604,1576.42490182312,298.802259913343,6.58935301381656,0.6961989402771,0.012500077079039,15303,2.12213105972104,0.054596888960304,1.31032533504728,163190353,10,I,0.228952186050884,
904,4131,4145,529646,529660,1963.07629354537,1963.09573784239,220.805311668831,5.4787557118173,0.436506986618042,0.019444297023483,15934,2.22203671852787,0.079896454992116,1.91751491981078,161745243,24,I,0.243368707978367,
1400,13868,13888,364967,364987,1734.3524384178,1734.38021590351,307.386474063813,6.79736694851019,0.304604053497314,0.027777485711795,14577,2.24782042113598,0.069867171447428,1.67681211473826,161729486,15,I,0.397575644416868,
1773,4583,4615,333071,333103,1690.05279848282,1690.09724286408,523.548702156041,10.940797426431,0.245030641555786,0.044444381259382,18125,3.41952591917234,0.273282619324983,6.55878286379959,160618342,14,I,0.16263156935908,
983,7396,7404,450469,450477,1853.10811245455,1853.11922360492,181.366520652332,5.42610868200714,0.409227848052979,0.011111150369743,16891,2.12060392617112,0.05586307273032,1.34071374552767,159414594,20,I,0.198899735132406,
1018,7059,7067,470327,470335,1880.68857749567,1880.69968850424,228.695246578998,9.76318704098464,0.397329449653625,0.01111100856906,18230,2.18918863027826,0.061294643231847,1.47107143756433,159414594,21,I,0.18127209790638,
1978,7173,7181,470441,470449,1880.84690936511,1880.85802037322,135.309223062481,6.38003950153059,0.225000143051147,0.011111008105445,18230,2.18918863027826,0.061294643231847,1.47107143756433,159414594,21,I,0.181272090342668,
985,676,703,564454,564481,2011.41769273838,2011.45519218945,250.08067116911,1.20554939959216,0.408889651298523,0.037499451066879,16642,3.75826671383997,0.16526232095995,3.96629570303881,159398282,26,I,0.226908655578949,
565,13030,13079,558815,558864,2003.58586970916,2003.65392411906,628.45141738174,1.46396046792999,0.622177004814148,0.068054409894103,16947,3.34252201660905,0.1878349589258,4.50803901421919,159398282,25,I,0.362309605641548,margin
1484,8359,8367,99847,99855,1366.13499811068,1366.14610928938,127.850067939783,3.75339392316144,0.286384582519531,0.011111178701867,18018,2.163491718443,0.062028131206933,1.48867514896639,158623009,2,I,0.179131282623989,
1493,16719,16727,482178,482186,1897.15185227546,1897.16296303064,142.518929205839,7.08603716078756,0.285348296165466,0.011110755183154,17026,2.49713648880245,0.053985082758183,1.29564198619639,156817806,21,I,0.20581158007894,
590,1892,1901,565682,565691,2013.12260917933,2013.13510886721,228.791610823622,4.53069046700143,0.608468770980835,0.012499687879426,16643,2.04694319683534,0.055720528381777,1.33729268116266,156213379,26,I,0.224328236691918,
1402,8271,8298,221457,221484,1535.03852376112,1535.07602303618,678.888514646003,29.3377459140653,0.304486036300659,0.03749927505578,13121,2.37036907776925,0.167580897432605,4.02194153838253,155719375,8,sys,0.223768195720881,
1374,8302,8326,221488,221512,1535.08157848416,1535.11491117067,672.605521794432,27.816038724763,0.309235215187073,0.033332686507947,13121,2.37036907776925,0.167580897432605,4.02194153838253,155719375,8,sys,0.198905048359418,
953,10378,10405,339624,339651,1699.15268542353,1699.19018541826,590.751284419215,10.3590454650183,0.419612884521484,0.03749999472484,18125,2.3301847244122,0.053651613689783,1.28763872855478,154561790,14,I,0.698953715384356,
1077,15015,15023,167784,167792,1460.48928862842,1460.500399814,109.597011372425,1.65371692978992,0.37768030166626,0.011111185575373,17587,2.04036012471498,0.051938098715647,1.24651436917554,150322196,5,I,0.213931311506126,
1500,4830,4839,233182,233191,1551.31968362721,1551.33218350552,83.2866284581493,1.92520857858257,0.284389615058899,0.012499878302379,15405,2.11255574157439,0.065064226323454,1.5615414317629,150322196,9,I,0.192115990747947,
498,2688,2695,94068,94075,1358.10501271571,1358.11473500584,288.691176614204,10.0109590969014,0.693991899490356,0.0097222901245,18018,2.33512717950691,0.050117280699919,1.20281473679806,150321663,2,I,0.193990775012574,
1824,12086,12095,203673,203682,1510.3346780099,1510.34717802129,131.16368804796,2.93287915323445,0.240326404571533,0.012500011388738,16063,2.03047088483789,0.058355651622818,1.40053563894762,150103472,7,I,0.21420395524896,
659,10601,10621,145674,145694,1429.78458827666,1429.81236595869,273.113572396446,1.62201385400956,0.558467149734497,0.027777682036231,15493,4.04315376967279,0.122014764016204,2.92835433638889,144653213,4,I,0.227658367904904,
2122,11575,11581,499079,499085,1920.62538970183,1920.63372288586,78.3545202998546,3.75444334593927,0.20927631855011,0.008333184032836,15643,2.18574439416586,0.05378863665775,1.29092727978601,144379672,22,I,0.154924618853215,
1067,8305,8312,221491,221498,1535.08425053116,1535.09397269831,218.672477700193,18.5531744855226,0.381138205528259,0.009722167150358,13121,2.1153022910756,0.059832698078696,1.4359847538887,144060554,8,sys,0.162489198424092,
269,9247,9269,144320,144342,1427.90370167072,1427.93425718806,679.070632652035,9.88744189242929,1.1310601234436,0.030555517341099,15493,2.08144235033585,0.079029180739732,1.89670033775356,143041454,4,I,0.386635886328215,
1111,3092,3105,135376,135389,1415.48141896124,1415.49947473403,325.07093714118,9.47502595259758,0.369264125823975,0.01805577278742,15493,2.08144235033585,0.079029180739732,1.89670033775356,143041454,4,I,0.228469694591462,
2052,2539,2561,288974,288999,1628.80891289637,1628.84363533985,331.807406287391,8.5580487166363,0.215396881103516,0.03472244348859,18799,2.0963635406606,0.050692413040741,1.21661791297779,141769356,12,I,0.684963319080587,
629,2051,2064,116343,116356,1389.04283743257,1389.06089274228,291.731462228217,5.21604001172053,0.573550462722778,0.018055309708416,13145,2.01580923758483,0.052791985135291,1.26700764324698,141769356,3,I,0.342008539026243,
530,12699,12708,300051,300060,1644.1936901906,1644.20619022393,206.128770814906,4.34917802193749,0.652177810668945,0.012500033332799,18799,2.0963635406606,0.050692413040741,1.21661791297779,141769356,12,I,0.246585881061784,
1290,2634,2653,445673,445692,1846.4511609568,1846.47754976392,255.149913722687,5.40570477947025,0.326756119728088,0.026388807112653,16241,2.27446098833838,0.170320677437265,4.08769625849436,138291351,20,I,0.154936015460442,
619,8743,8752,360911,360920,1728.72360612818,1728.73610617466,317.209464026894,18.815576753316,0.582095265388489,0.012500046481591,12691,2.38986458579348,0.051835928219777,1.24406227727465,137858708,15,I,0.241146380722509,
1992,11910,11943,127285,127318,1404.24408864364,1404.28992170591,232.502188788251,3.39449862955634,0.223844647407532,0.045833062266411,13152,2.82226592894343,0.109032504376316,2.61678010503158,129764950,3,I,0.420361455774897,
2189,2860,2877,271288,271305,1604.24965860184,1604.27327000094,233.615987722938,7.34878744809595,0.203953385353088,0.023611399095216,13588,4.04024376299277,0.116017196556108,2.78441271734659,125835702,11,I,0.203516373400706,
2031,4294,4309,118633,118648,1392.22750558609,1392.24833931339,138.050303044118,2.37643405369698,0.218028903007507,0.020833727300669,13152,2.19371281173667,0.068542284357194,1.64501482457265,122608433,3,I,0.303954376426941,
468,1522,1569,191879,191926,1493.95731612938,1494.02259340569,1074.39081241098,5.52073263650948,0.737166047096252,0.06527727630305,16063,3.40963459024672,0.240558731570834,5.77340955770003,117817258,7,I,0.271356919272035,
1212,3594,3610,155340,155356,1443.20992223771,1443.23214456998,231.298099989393,4.14415828042981,0.345430374145508,0.022222332266438,17574,2.20113498566642,0.073553183690624,1.76527640857498,117645279,5,I,0.302126042020269,
633,7784,7801,532645,532663,1967.24255395044,1967.26755382243,333.74421310497,6.55232341096049,0.5721755027771,0.024999871990986,17516,2.00443687330452,0.064300789691272,1.54321895259053,116501197,24,I,0.388795722587827,
1373,4489,4566,95895,95972,1360.64817684011,1360.75512382599,1707.46530767201,12.9111611349329,0.309485077857971,0.106946985879404,18018,2.0698074757926,0.073000037424647,1.75200089819152,114818487,2,SSO,1.46502645275762,
535,17955,17970,110711,110726,1381.22614564477,1381.24697891013,372.77116275565,4.77789861379747,0.648958802223206,0.020833265363308,18018,2.0698074757926,0.073000037424647,1.75200089819152,114818487,2,I,0.285387050449293,
506,5636,5674,196009,196047,1499.69404979332,1499.74682785691,584.473504416766,3.61168681014948,0.684726476669312,0.052778063588903,16063,3.76431032826175,0.20609642195272,4.94631412686527,109309750,7,I,0.256084327368918,
940,4003,4030,447054,447082,1848.36681785044,1848.40570768588,335.101896443799,4.2634391934453,0.423697113990784,0.038889835440614,17334,2.02710155778,0.219104410831967,5.25850585996722,103656470,20,I,0.177494534651057,
1689,17289,17305,482004,482021,1896.9084084925,1896.93201893585,166.484484095167,3.85613060672829,0.256187558174133,0.023610443355665,17765,2.12167143700241,0.134188066731186,3.22051360154846,103656470,21,I,0.17595039507472,
1057,2000,2023,134279,134302,1413.95650781283,1413.98845236144,381.178379990193,5.30235815169099,0.385678648948669,0.031944548612955,15495,3.24757922843817,0.196869995544706,4.72487989307295,101125235,4,I,0.162262149316201,
915,16111,16123,481512,481524,1896.22540017906,1896.2420666853,186.429826460042,2.82657129911792,0.430459976196289,0.016666506233605,17077,2.05218312034763,0.055317429454037,1.32761830689688,99989665,21,I,0.301288516080689,
232,2830,2867,250414,250451,1575.25790258501,1575.30929168104,1280.76722897041,11.0811075064751,1.24567341804504,0.051389096028743,15093,3.07531373683949,0.276832673619132,6.64398416685918,99028324,10,I,0.185632336519079,
1724,1315,1396,425419,425501,1818.32006895828,1818.43396046109,424.167469195696,2.28397321636659,0.250578045845032,0.113891502806382,16452,3.19870335582401,0.106921411151792,2.56611386764301,98615312,19,I,1.06518892314931,margin
1296,16461,16482,581192,581213,2034.66848820106,2034.6976542611,150.251306892759,2.39418055056021,0.325104236602783,0.029166060046009,16642,2.07283141746807,0.132927566340729,3.19026159217749,85462495,26,I,0.219413180041592,
1702,8379,8394,554065,554080,1996.99252810689,1997.01336139139,138.135627615069,2.05435583750705,0.25370991230011,0.020833284499076,16947,2.00486402715889,0.133381776842766,3.20116264422638,85462495,25,I,0.156192884756925,
1737,7028,7045,295493,295511,1637.86790595473,1637.89290612431,169.096387228729,2.27806409013893,0.249224185943604,0.025000169577652,15575,2.16607068560079,0.094987897073238,2.27970952975772,78023298,12,norot,0.263193210376857,
888,10393,10408,300969,300984,1645.47343143431,1645.49426460977,260.948419197585,5.09308836377902,0.446085810661316,0.020833175462485,15575,2.16607068560079,0.094987897073238,2.27970952975772,78023298,12,norot,0.219324525591109,
2176,7857,7869,298417,298429,1641.92900816031,1641.94567474724,171.392593611089,5.61001834019518,0.204939126968384,0.016666586935116,15575,2.16607068560079,0.094987897073238,2.27970952975772,78023298,12,norot,0.175460110694583,
857,17528,17555,170313,170340,1464.0036954348,1464.04119465216,439.998671787914,2.74042043318092,0.457090377807617,0.037499217360846,17576,2.06695192142187,0.19172315546669,4.60135573120055,77318592,5,I,0.195590445345873,
930,11475,11555,146561,146641,1431.0165632636,1431.12767131233,1511.87093671074,2.88103981388736,0.425047636032105,0.11110804872942,15494,4.06490745845677,0.066437868134883,1.5945088352372,65347864,4,I,1.67236023443508,
2164,12574,12583,204168,204177,1511.02714297535,1511.0396427415,95.6469683424244,7.87147152247892,0.205946207046509,0.012499766150995,16063,2.31458574847389,0.0551195107431,1.3228682578344,65155744,7,I,0.22677570940812,
1158,11405,11412,185783,185790,1485.49302863633,1485.50275073789,80.5563957828093,1.60913783818091,0.359900712966919,0.00972210156624,14531,2.23833907911536,0.050542275923153,1.21301462215566,59547137,6,I,0.192355832590957,
1853,3692,3836,251010,251154,1576.08537888771,1576.28537841992,2618.04610042942,11.2027419860308,0.237740755081177,0.19999953220622,15744,2.2159532611366,0.107406432044454,2.57775436906689,57830249,10,I,1.86208151969375,
1567,15492,15625,264722,264855,1595.12948259258,1595.31419829059,2985.86143483206,10.8489977360859,0.275081872940063,0.184715698013633,15744,2.2159532611366,0.107406432044454,2.57775436906689,57830249,10,I,1.71978246086028,
2153,731,863,248035,248167,1571.95343031544,1572.13676431035,1533.59136393254,9.58165479665615,0.206820607185364,0.183333994911209,15744,2.2159532611366,0.107406432044454,2.57775436906689,57830249,10,I,1.70691821170756,
1700,1554,1674,248865,248985,1573.10621163687,1573.27287868166,2038.56256484522,9.28716845804585,0.25393283367157,0.166667044794622,15744,2.2159532611366,0.107406432044454,2.57775436906689,57830249,10,I,1.55174174974587,
1339,2895,2988,250206,250299,1574.96871361057,1575.09788022016,2260.76149912958,8.92618069628498,0.316799402236938,0.129166609595814,15744,2.2159532611366,0.107406432044454,2.57775436906689,57830249,10,I,1.20259659628535,
1906,11533,11611,260751,260830,1589.6143542798,1589.72407410566,1447.22722326082,8.31216460229998,0.23331880569458,0.109719825856246,15744,2.2159532611366,0.107406432044454,2.57775436906689,57830249,10,I,1.02153868970188,
2218,4811,4875,447864,447928,1849.49319479791,1849.58208456711,538.954543711587,2.0404563462733,0.201705098152161,0.08888976920457,17334,2.02486479862873,0.409186469623939,9.82047527097453,53307637,20,I,0.21723535796837,
829,3978,3986,488508,488516,1905.93730803803,1905.94841929039,196.292559302235,3.13576039172593,0.470025658607483,0.011111252365026,16620,2.04015535530796,0.052259271169743,1.25422250807382,48415693,22,I,0.212617821035728,
921,2742,2758,271170,271186,1604.08610783704,1604.10833011221,143.622676225828,2.57032992323654,0.428927779197693,0.022222275172226,13588,2.28441586440376,0.062350075484349,1.49640181162438,46099777,11,I,0.356411359562896,
58,10502,10534,239970,240002,1560.74893877806,1560.79338327083,1101.30329723187,1.6662476207951,3.33122730255127,0.044444492771845,15902,4.74892413964836,0.112987937221424,2.71171049331418,44984200,9,I,0.393356086187736,
924,10770,10890,259595,259715,1588.00565982716,1588.17232419864,1753.96780065803,6.53949134642555,0.42710530757904,0.166664371474781,16129,4.4668112359405,0.112986492637899,2.71167582330959,44984200,10,GOT,1.47508226500056,
1605,4495,4508,136814,136827,1417.47854794604,1417.49660391883,244.433754779666,7.32714312807563,0.267692446708679,0.01805597279099,15493,2.06764406477009,0.062108656172679,1.49060774814429,44892011,4,I,0.290715882513856,
531,10631,10639,163388,163396,1454.38802798499,1454.39913917115,231.678024509892,6.83820098197397,0.651308059692383,0.011111186157905,17573,2.26857449053219,0.057696148057828,1.38470755338787,43607730,5,I,0.192581073987269,
153,7016,7043,513340,513368,1940.4303451303,1940.46923476953,3582.14419576596,120.158754893664,1.63809633255005,0.038889639226909,14783,2.32282814339409,0.071305557595229,1.7113333822855,41700108,23,sys,0.54539422365461,
929,2766,2792,408630,408656,1795.00253622887,1795.03864767911,464.092201761625,6.1769785321731,0.425830602645874,0.036111450246608,14319,2.69404029570922,0.228720130839678,5.48928314015227,34781149,18,I,0.157884879280348,
1351,1305,1325,71926,71947,1327.35378765028,1327.38295434257,222.393774989806,4.14885945683705,0.313639163970947,0.029166692298077,17805,2.12522549762713,0.058366322763949,1.40079174633478,33880418,1,I,0.499717832422575,
1341,6314,6337,273467,273490,1607.27076756642,1607.30271257054,262.162100691105,3.94777085061752,0.315736651420593,0.031945004121099,16221,2.03471119409242,0.065298601173442,1.5671664281626,33880418,11,I,0.489214218176722,
1385,14992,15035,480607,480650,1894.9695651916,1895.02928534087,716.963801394862,8.92991466080171,0.307701349258423,0.059720149269879,16859,2.04429194816574,0.054286142788641,1.30286742692739,29169063,21,I,1.10009932925968,
932,2820,2826,291216,291223,1631.92698669542,1631.93670905833,156.835007887271,2.95356750565736,0.42424201965332,0.009722362907723,15400,2.10345465925311,0.062856061670271,1.5085454800865,27117515,12,I,0.154676615896242,
877,1268,1294,289638,289664,1629.73528591278,1629.77139762228,436.630400587908,5.20611296341698,0.449098587036133,0.036111709496254,15400,2.10345465925311,0.062856061670271,1.5085454800865,27117515,12,I,0.574514351307723,
729,14873,14904,244926,244957,1567.63429210285,1567.67734639925,619.244308862562,4.56830012541695,0.521691083908081,0.04305429640749,15332,2.81139076183486,0.253044389373063,6.07306534495351,25837464,9,I,0.170145232281816,
1945,2588,2600,408444,408456,1794.74366615143,1794.76033301689,90.8164621694602,2.29512234444194,0.229564428329468,0.016666865458319,14311,2.49470178706847,0.053866281091294,1.29279074619106,20876306,18,I,0.309411845790348,
1237,8218,8249,340659,340690,1700.59579487278,1700.63884952033,476.728110386643,3.05458191497151,0.339561343193054,0.043054647555664,11602,2.04079035777294,0.256077173871299,6.14585217291117,20821662,14,I,0.168131532009576,
424,4604,4614,252195,252205,1577.73126047906,1577.74514927028,211.810872618539,5.1388031558495,0.797532439231873,0.013888791217141,15093,2.70849438103279,0.051245240049089,1.22988576117813,14715718,10,I,0.271025976341151,
408,10772,10778,260641,260647,1589.46161052624,1589.46994366278,205.714601074096,5.78214519247946,0.816142559051514,0.008333136540614,15093,2.70849438103279,0.051245240049089,1.22988576117813,14715718,10,I,0.162612889170418,
1942,10115,10143,201695,201723,1507.59287982382,1507.63176792304,482.442154873414,19.4399571184735,0.229811429977417,0.038888099220458,16063,2.65510171212216,0.099061787495259,2.37748289988622,14493059,7,SSO,0.392564077468511,
18,11834,11969,343000,343135,1703.84822586655,1704.03572382805,40446.4598005621,225.66248638734,5.8088493347168,0.187497961501322,14012,2.13607991419626,0.054214941126206,1.30115858702895,12456725,14,norot,3.45841861314299,margin
16,2437,2447,330864,330874,1686.99267977211,1687.00656876172,2605.91852179402,59.3464340123757,6.17580556869507,0.013888989604084,14012,2.13607991419626,0.054214941126206,1.30115858702895,12456725,14,I,0.2561837994392,
731,8595,8633,573183,573222,2023.54585390804,2023.60002010607,426.730508446057,2.41066059574797,0.519749879837036,0.05416619803259,16643,2.78012528577392,0.269508073661841,6.46819376788419,10583672,26,I,0.200981726805534,
1479,334,352,152070,152088,1438.6667116978,1438.69171173591,203.404810664854,4.44317071970436,0.287895679473877,0.025000038117923,17576,2.00131670424792,0.10568375569604,2.53641013670495,7724239,5,I,0.23655516359417,
631,1813,1822,153549,153558,1440.72111310209,1440.73361308157,269.70248126664,6.12011513106202,0.573229789733887,0.01249997947798,17576,2.75539465507012,0.054135092583599,1.29924222200638,7690679,5,I,0.230903446940202,
638,6154,6162,157909,157917,1446.77663037405,1446.7877413644,173.016968428885,5.41179578066872,0.569470763206482,0.011110990346424,17576,2.75539465507012,0.054135092583599,1.29924222200638,7690679,5,I,0.205245614557058,
